time,joint,desired_position,actual_position,position_error,actual_velocity
0.19871100003365427,0,0.18932626531187371,0.0,0.18932626531187371,0.0
0.19873260002350435,1,-0.2070018510414397,0.0,-0.2070018510414397,0.0
0.19873940001707524,2,-0.535233707684131,0.0,-0.535233707684131,0.0
0.19874260004144162,3,1.4010694647434077,0.0,1.4010694647434077,0.0
0.19874640001216903,4,-0.7521188573332915,0.0,-0.7521188573332915,0.0
0.19874930003425106,5,0.39875853104148307,0.0,0.39875853104148307,0.0
0.19875199999660254,6,-0.5332401066009346,0.0,-0.5332401066009346,0.0
0.43512090004514903,0,0.22056507463724986,0.1901614880038555,0.030403586633394375,-0.0007393735216386985
0.4351441999897361,1,-0.22221645272674395,-0.20799452330677776,-0.014221929419966195,0.0005300312271593418
0.43514960003085434,2,-0.4731926348480678,-0.5349510233640914,0.06175838851602361,0.0016948281442876732
0.43515400000615045,3,1.318185062744356,1.402880995904461,-0.08469593316010493,-0.004820735806269538
0.4351586000411771,4,-0.40557754104483573,-0.7484221204425969,0.3428445793977612,-0.00033895083267754136
0.4351629000157118,5,0.18660065446067,0.4024322837068139,-0.21583162924614388,-0.00037861342163817
0.43516690004616976,6,-1.697347083182104,-0.5337013924380356,-1.1636456907440684,0.00300210066192677
0.6563909000251442,0,0.23646347030015968,0.22059945192626887,0.015864018373890815,-6.55029182051922e-05
0.656416000041645,1,-0.21394397982091035,-0.2222983878501746,0.008354408029264265,3.128002565754383e-05
0.6564221000298858,2,-0.45640209255991404,-0.473145998084699,0.01674390552478494,-0.0001360585388904319
0.6564343000063673,3,1.2926118440676206,1.318153996036639,-0.025542151969018434,0.00019945050301201816
0.6564388000406325,4,-0.3136603053363127,-0.40562861815151036,0.09196831281519768,-0.0007739845563464538
0.65644330001669,5,0.08669780784103266,0.18654669311457522,-0.09984888527354256,0.0005285875019375932
0.6564476999919862,6,-1.8469014768553078,-1.6995268756655375,-0.1473746011897703,0.0027587551698980564
0.793704700015951,0,0.23786884068456227,0.2377580069049559,0.00011083377960635632,-0.05514614360714045
0.7937271000118926,1,-0.21155927423712953,-0.213692467848072,0.0021331936109424687,0.040272842631007603
0.7937326999963261,2,-0.45419099949460984,-0.4544347877529923,0.0002437882583824491,-0.05792968265707272
0.79373780003516,3,1.2896111338158518,1.2907079008945717,-0.0010967670787198625,0.08202537146893402
0.7937437000218779,4,-0.30197361473004963,-0.313403501279529,0.011429886549479351,0.34444632477811793
0.7937486000009812,5,0.07827183057851246,0.0867088427977614,-0.008437012219248946,-0.12457697199744916
0.7937529000337236,6,-1.8518111745913477,-1.8042024764636762,-0.047608698127671545,0.7981185712081558
0.9357115000020713,0,0.24662897670415646,0.23579249150353762,0.010836485200618834,-0.02506002627357268
0.9357343000010587,1,-0.2370311338088437,-0.19896625094504625,-0.038064882863797445,-0.17653981829193868
0.9357396000414155,2,-0.4622609318999502,-0.4556909377709415,-0.006569994129008716,-0.03217382715603484
0.9357444000197574,3,1.2908292438950852,1.285298558125755,0.005530685769330246,0.07857765135311956
0.935749800002668,4,-0.32179768488797633,-0.24420359241116774,-0.0775940924768086,-1.0455802791002797
0.9357542000361718,5,0.018337127689178633,0.035191923598283895,-0.016854795909105262,0.6773443024434602
0.9357582000084221,6,-2.00571403151311,-2.140845916992174,0.13513188547906374,4.8170024193638685
1.0687650000327267,0,0.24036554194746274,0.2551477598059582,-0.014782217858495483,-0.23805705933745713
1.0687865000218153,1,-0.22645273116805026,-0.25443925198641215,0.027986520818361893,0.6833280712662407
1.0687921000062488,2,-0.46045346242114504,-0.4570061659989679,-0.0034472964221771707,-0.0374546358105418
1.0687967000412755,3,1.2936783478402951,1.2983541297448742,-0.004675781904579068,-0.02543771234585499
1.068801400018856,4,-0.3251672361783315,-0.3301142635023724,0.004947027324040898,0.7929783079130326
1.0688058999949135,5,0.05955243097504473,0.05602450336528547,0.003527927609759257,-0.13588785270783427
1.068810000026133,6,-1.9215346537966655,-2.0216695212876696,0.10013486749100409,-1.6551755215560497
1.2380851000198163,0,0.23579678185314518,0.18334211995328237,0.05245466189986281,0.18332287405952088
1.2381107000401244,1,-0.2208276626387236,-0.16618088636987,-0.054646776268853614,-1.0062670335353325
1.2381228000158444,2,-0.4608832895427071,-0.4741644420533369,0.013281152510629834,0.10534830918664709
1.2381274999934249,3,1.297440968470877,1.2824556487364636,0.014985319734413416,0.05605367034305055
1.2381319000269286,4,-0.3351041584442818,-0.3141204204054097,-0.020983738038872102,0.11202688281184812
1.238136800006032,5,0.08953466008565478,0.023463988180055153,0.06607067190559962,-0.5896877811054483
1.2381410000380129,6,-1.8640957462074992,-1.8991011850423671,0.03500543883486795,-3.248193447777084
1.3751733000390232,0,0.20251396550956255,0.6517414713942021,-0.44922750588463956,1.200082420954424
1.3751917000045069,1,-0.45257379194312,-0.5919416101583029,0.13936781821518296,0.1711718629013484
1.3751968000433408,2,-0.5430925773103146,-0.3640152475873206,-0.17907732972299395,0.1402386504042317
1.3752013000193983,3,1.3542678699656447,1.392710527073528,-0.038442657107883305,-0.21721372865867508
1.3752056999946944,4,-0.5481229445480619,-0.38051101916222957,-0.1676119253858323,1.4194341164311477
1.375209600024391,5,0.28497728067442374,0.2531596430412246,0.031817637633199114,-4.195894780531104
1.3752133999951184,6,0.9268719570022264,-1.7665688453365462,2.6934408023387726,-2.1512060109210998
1.684526700002607,0,0.21712025082607958,0.20199241340350077,0.01512783742257881,0.00045653012636439943
1.6845766000333242,1,-0.2571730282460906,-0.4519437267428251,0.1947706984967345,-0.00012903767174941307
1.6845826000208035,2,-0.505094985583903,-0.5434364909066881,0.03834150532278513,0.00017622643738391747
1.6845871999976225,3,1.3528590255349193,1.3538981818031222,-0.0010391562682028344,2.2247022333215815e-05
1.6845928000402637,4,-0.5628492190112283,-0.5474236312644962,-0.015425587746732083,0.00016149790198927854
1.684597000014037,5,0.20189094927514525,0.28244461039863245,-0.08055366112348719,-3.710350277051156e-05
1.6846019999939017,6,-1.7987652930911255,0.9287203750754353,-2.727485668166561,-0.0028875466666868008
1.9990360999945551,0,0.23574076124188248,0.2170908309078762,0.018649930334006276,-1.516067971460339e-05
1.99906960001681,1,-0.22562939597011672,-0.25704081283563857,0.031411416865521846,-0.00021135058700588142
1.9990756000042893,2,-0.46172930146225705,-0.5050933594808502,0.043364058018593166,-4.155866283108752e-05
1.999080200039316,3,1.2970962364775052,1.3528553396678102,-0.05575910319030508,-1.9227026408123305e-06
1.999084600014612,4,-0.3336495001102202,-0.5628600954256987,0.2292105953154785,2.4977197278087283e-05
1.9990889999899082,5,0.08895905649129553,0.2018944191107293,-0.11293536261943378,6.307102651803609e-05
1.9990931000211276,6,-1.8745083839286705,-1.801174549246229,-0.07333383468244148,0.003018537033175131
2.1509382000076585,0,0.24100717812088387,0.23665848490417013,0.004348693216713745,-0.006474316338680726
2.150958200043533,1,-0.22791329691405138,-0.2259990692843187,-0.0019142276297326732,0.026158684374214612
2.1509642000310123,2,-0.45788089721080827,-0.46191491966639303,0.004034022455584763,-0.008415635567252647
2.1509689000085928,3,1.288838550528031,1.2978361211716871,-0.008997570643656028,0.012774998361048936
2.150973400042858,4,-0.3039935888873394,-0.3139931495207942,0.009999560633454807,0.06012595314831991
2.150977300014347,5,0.05523943022341059,0.08743490528555396,-0.032195475062143375,0.1192737305121457
2.1509815000463277,6,-1.9212842501905465,-1.8666888453086694,-0.054595404881877085,-0.08936540786098415
2.3476646000053734,0,0.22169534164640567,0.25588584810727716,-0.03419050646087149,-0.36985124299991723
2.3477009999915026,1,-0.19056447503730362,-0.243356745721666,0.052792270684362375,0.18462492713409565
2.3477084999904037,2,-0.45391900787208456,-0.44301677434941455,-0.010902233522670002,-0.385747212384669
2.3477145000360906,3,1.2984496982595546,1.2481216264357544,0.05032807182380017,0.7636660211197379
2.347743700025603,4,-0.31432948810376904,-0.3469811227053991,0.032651634601630064,-1.6462735181790213
2.3477506000199355,5,0.18699228032551432,-0.022571368742486317,0.20956364906800062,2.8814164559277904
2.3477572000119835,6,-1.628379118336286,-2.157854390708795,0.5294752723725091,5.1846491364344685
2.542674700031057,0,0.2356273869330237,0.22149327140928604,0.014134115523737667,0.001036214127322436
2.5427082999958657,1,-0.21477718144369937,-0.19016248317431042,-0.024614698269388946,-0.001583359353488167
2.5427186000160873,2,-0.455258025704643,-0.4539976010459273,-0.0012604246587157308,0.0005681994486112776
2.5427259000134654,3,1.2906268688247622,1.2984604714728754,-0.00783360264811317,-0.0006199675317150222
2.542732400004752,4,-0.30325149364859416,-0.31362387507241474,0.010372381423820576,-0.009547477292227281
2.5427384999929927,5,0.0918361477861244,0.18640496384192765,-0.09456881605580325,0.008207304373427518
2.5427449000417255,6,-1.8367158843535552,-1.6266277214039366,-0.21008816294961852,-0.010063946117611865
2.688733700022567,0,0.23886028903940376,0.23374484762655184,0.005115441412851918,-0.009720855538347662
2.688758600037545,1,-0.2205357988275566,-0.21054230366367457,-0.009993495163882038,-0.013974712748307035
2.688766100036446,2,-0.45631373314978013,-0.4558422228441959,-0.0004715103055842329,-0.02473381219473894
2.6887732000323012,3,1.2895523235916535,1.2902238364037522,-0.0006715128120986513,-0.028688920669970967
2.6887796000228263,4,-0.3036651844035227,-0.2979576214793508,-0.005707562924171905,-0.02039245077199435
2.688785700011067,5,0.07017909850232346,0.08621409636645722,-0.01603499786413376,-0.24714502342544437
2.688791799999308,6,-1.8831061759915568,-1.8080770515745483,-0.07502912441700849,-0.43102663229914484
2.8267687000334263,0,0.23973626745271562,0.2544354774116131,-0.01469920995889748,-0.257171287933824
2.826788000005763,1,-0.2189996809999379,-0.246002310280921,0.027002629280983098,0.5290298449454196
2.8267930000438355,2,-0.4529683965709273,-0.45322311075860494,0.0002547141876776404,0.046977015808508917
2.826798400026746,3,1.2844275541236563,1.292589742964748,-0.008162188841091655,0.07416146917142745
2.826802499999758,4,-0.28139981769678296,-0.320745488763742,0.03934567106695902,0.35478031155065404
2.826806500030216,5,0.06493287573217539,0.08705785041586635,-0.022124974683690957,1.118338897761245
2.8268113000085577,6,-1.8796320596842622,-2.0072091744959226,0.12757711481166045,4.350331612430723
2.974126300017815,0,0.23422788107226047,0.2113862061153996,0.022841674956860875,0.46369378660993293
2.974149000016041,1,-0.22018601850539682,-0.2020213848203807,-0.018164633685016113,-0.4475407005022512
2.9741552000050433,2,-0.4670572634059503,-0.4571858717031537,-0.00987139170279655,0.08255808480571088
2.974160000041593,3,1.307536500044728,1.2767107217583815,0.030825778286346583,0.09235465339043514
2.9741645000176504,4,-0.3789203979590343,-0.28923019093455454,-0.08969020702447977,-0.5513589821232083
2.9741683999891393,5,0.09962289638961078,-0.003752023046389651,0.10337491943600043,-0.4359485829211247
2.974172300018836,6,-1.8623416939837223,-1.9133972952517573,0.05105560126803499,-1.7369520640023306
3.222871200006921,0,1.9216572953289766,0.3561129709575403,1.5655443243714362,0.02918447896606885
3.2228895000298508,1,-1.5491239663214051,-0.240020188008079,-1.3091037783133261,0.2675022276978103
3.222895300015807,2,-2.5070296968883206,-0.45283508975160397,-2.0541946071367168,0.36733606839667077
3.2228996999911033,3,1.184052425792515,1.3692124260051841,-0.1851600002126692,-0.7233104337967158
3.222903900023084,4,-1.8380170387297459,-0.3639995302560529,-1.4740175084736928,2.0387607354763904
3.2229076999938115,5,1.5657062004940019,0.1678646742964362,1.3978415261975656,-1.6869653924624228
3.222911600023508,6,-3.124,-1.840109481125654,-1.2838905188743461,-0.3037622474424696
3.5626921000075527,0,0.2224992849934423,1.877690341939783,-1.6551910569463408,2.341284940578716
3.5627143000019714,1,-0.2131704145061929,-1.5504416389473719,1.3372712244411789,-0.0007324919742793933
3.562720599991735,2,-0.5207742979853516,-2.6301847285394726,2.109410430554121,-2.5459103362276987
3.562725300027523,3,1.382547682966439,1.1835727888823695,0.19897489408406943,-0.28557675246964015
3.5627297000028193,4,-0.7105650803181588,-1.8398947712107128,1.129329690892554,0.08520929274604569
3.5627337000332773,5,0.17616918734011366,1.5686827947801651,-1.3925136074400515,0.01623130058005368
3.562737800006289,6,-1.8294586076474542,-3.122944655231754,1.2934860475843,0.1465603405601469
3.8543250000220723,0,0.23471070133638738,0.2207125283389991,0.013998172997388286,0.003179920135592831
3.854351200046949,1,-0.22142432431189937,-0.2121331516418279,-0.009291172670071485,-0.0022503482091307
3.8543590999906883,2,-0.4696696572169949,-0.5189485599149058,0.049278902697910965,-0.005188374792380011
3.8543658000417054,3,1.3109577582752097,1.3837198012808576,-0.07276204300564793,-0.0015509357552642175
3.854372500034515,4,-0.39543208561636395,-0.7179807444247575,0.3225486588083935,-0.0005833333767926826
3.85437890002504,5,0.09630977497117067,0.16567536024512536,-0.06936558527395469,-0.0011473829563053931
3.854385100014042,6,-1.8790936184165075,-1.8295373001437272,-0.049556318272780286,-0.004477849087548264
4.029920000000857,0,0.23889297914532812,0.23454743551160703,0.004345543633721083,0.002518190180408584
4.029948300041724,1,-0.2240118982850119,-0.22100491391379307,-0.0030069843712188238,-0.011478926513330372
4.029954700032249,2,-0.4578855605958174,-0.46993939819087444,0.012053837595057015,0.005661923991681175
4.029959900013637,3,1.290816123785745,1.3106325237246943,-0.019816399938949347,-0.001414466457375725
4.029964100045618,4,-0.3096699381826295,-0.3919612391417633,0.08229130095913378,-0.1254371576117471
4.029968200018629,5,0.06931088093041615,0.09472268834457442,-0.02541180741415827,0.03578696106571344
4.029972099990118,6,-1.8938708794928307,-1.8785725975096212,-0.015298281983209483,0.0018721985139342097
4.231505300034769,0,0.22226031361771448,0.2428763029587815,-0.02061598934106701,-0.12403435432576937
4.231540200009476,1,-0.1963013732084553,-0.2317554853313188,0.03545411212286348,0.17920488656980563
4.231548000010662,2,-0.4588032527970251,-0.4368675136630472,-0.021935739133977894,-0.4794975318100666
4.231554199999664,3,1.3042919696525985,1.2608295363309083,0.0434624333216902,0.7224472742368557
4.231560799991712,4,-0.34274411758772805,-0.3217526606797109,-0.020991456908017125,-2.586777088398457
4.2315667000366375,5,0.1818282179279241,0.06494771884023065,0.11688049908769346,0.4604220485257491
4.231574100034777,6,-1.647708092873222,-1.9047441047233504,0.2570360118501285,0.7276974829273947
4.486407699994743,0,0.23234618993305112,0.2240491577414272,0.008297032191623921,-0.009188677457824661
4.486445599992294,1,-0.2089287301105819,-0.19996066847517407,-0.008968061635407837,0.048555869089692505
4.486454600002617,2,-0.4544964430277242,-0.4574147205137113,0.0029182774859871086,-0.0011062444900121786
4.486460300046019,3,1.2920647246761483,1.3044911241135413,-0.012426399437392988,0.021958130625338437
4.486465800029691,4,-0.3042599350284692,-0.36418799634161353,0.05992806131314432,0.3253502768504464
4.486470300005749,5,0.11398446510590486,0.2002639075721527,-0.08627944246624784,-0.008114377234642506
4.48647450003773,6,-1.7889668165041521,-1.6575263946294465,-0.13144042187470562,0.3066448570332145
4.697501100017689,0,0.23725279877947966,0.23297184257504047,0.00428095620443919,-0.05671518429280319
4.697524900024291,1,-0.21605437394220198,-0.20659358492465896,-0.00946078901754302,0.10807814028570899
4.697531000012532,2,-0.4539490772336961,-0.4531814886421424,-0.0007675885915536806,-0.0008432133508027482
4.6975363999954425,3,1.2876940308243112,1.2912681424204124,-0.003574111596101215,0.049981806094454045
4.697542300040368,4,-0.29240630609009133,-0.30441295348897335,0.01200664739888202,-0.148631679867722
4.697546900017187,5,0.0812544157465968,0.12463535989986572,-0.04338094415326893,0.363300858216864
4.697550999990199,6,-1.8526332320415424,-1.762631126803762,-0.0900021052377804,1.3947737132215936
4.896268400014378,0,0.23956938489640367,0.2417189043094483,-0.0021495194130446427,-0.12444898451841886
4.896337000012863,1,-0.22169601517792492,-0.22547119979471164,0.00377518461678672,0.38126852146357876
4.896343600004911,2,-0.45818944582581317,-0.45289635446640897,-0.005293091359404201,0.044141748571667125
4.89634900004603,3,1.291989060405776,1.2873247375261974,0.004664322879578631,0.08843300795721305
4.896353300020564,4,-0.3159987765213613,-0.2910489953238621,-0.024949781197499243,-0.1638281838792558
4.8963576999958605,5,0.06547002013229461,0.065885749871689,-0.0004157297393943965,1.3131395162367188
4.896362000028603,6,-1.8981396373223094,-1.92730224124257,0.0291626039202606,3.6223849574439946
5.072826699994039,0,0.23996195946751916,0.20572551755168303,0.034236441915836135,0.10320079561860823
5.072849499993026,1,-0.2161519353365146,-0.16847301831385778,-0.047678917022656836,-0.4369380134490396
5.072855000034906,2,-0.4461371472358235,-0.536804641054445,0.09066749381862155,0.4283340735474438
5.072860200016294,3,1.2738625588234098,1.3535797287318798,-0.07971716990847,-0.8053138883946697
5.072864699992351,4,-0.23292417038018676,-0.5972296691249943,0.36430549874480755,5.924996684769099
5.072868700022809,5,0.0640657582912876,0.04928600469290044,0.014779753598387166,-0.5575153302864017
5.072872799995821,6,-1.8589802634504735,-1.511258551512908,-0.3477217119375655,-4.351780841084993
5.382817900041118,0,0.2383921822814082,0.2385075620067287,-0.0001153797253204969,0.0259793081075212
5.382845100015402,1,-0.21759427191085265,-0.2137193351765061,-0.0038749367343465513,-0.06079539185463923
5.382852100010496,2,-0.45334921246431026,-0.447390013016091,-0.005959199448219266,0.036233679336320275
5.382856600044761,3,1.2858905938555902,1.2716394799882798,0.014251113867310483,0.03537666474850227
5.382861700025387,4,-0.2859746884920288,-0.23864011935881113,-0.04733456913321765,-0.0884234716784923
5.382865699997637,5,0.07372196574864244,0.05911457754811482,0.014607388200527621,0.09749076113863879
5.382869700028095,6,-1.8651524028416893,-1.8668934303890459,0.0017410275473566106,0.02809986331975587
5.567971500044223,0,0.23883462500465072,0.24392610486545163,-0.005091479860800913,0.0791058388061063
5.567998600017745,1,-0.20799043124959618,-0.2379886902810356,0.029998259031439406,0.3331458108694665
5.56800430000294,2,-0.5231913059232234,-0.4818913269120218,-0.04129997901120158,0.7734230276219071
5.568009000038728,3,1.3833938476742975,1.3951560232539035,-0.011762175579606016,-0.9120943072091995
5.568013300013263,4,-0.7393602142749545,-0.4746524667508646,-0.2647077475240899,6.4860499190104575
5.5680177000467665,5,0.07289691974636249,0.150739028173802,-0.07784210842743951,-1.2924729207325023
5.568021700019017,6,-2.424270129572695,-1.8871204524233116,-0.5371496771493836,-0.2657940707551609
5.775771800021175,0,0.24378613687655654,0.23841943181568212,0.005366705060874416,0.001488107443827583
5.775805500044953,1,-0.22930641962617743,-0.20714425320828406,-0.02216216641789337,-0.003062639961678425
5.7758138999924995,2,-0.47038565958166056,-0.5236561648516435,0.05327050526998289,0.00164454683762087
5.7758208000450395,3,1.307058823039235,1.3828354053241945,-0.07577658228495943,0.0019512253495836665
5.7758274000370875,4,-0.39170893550170477,-0.7383896601702644,0.34668072466855965,-0.0035183518678436445
5.775834100029897,5,0.03747782376586052,0.07062174414181041,-0.03314392037594989,0.00709959399074984
5.775841800030321,6,-2.0047081149961694,-2.4266746269922206,0.4219665119960512,0.005619854141723002
6.112037600018084,0,0.24081802904617328,0.24381263979554332,-0.002994610749370047,0.0017116338054193898
6.112071500043385,1,-0.2208378857409044,-0.2295910490576122,0.008753163316707807,-0.0021542775730204696
6.112077400030103,2,-0.45797966712228133,-0.4702154877039729,0.012235820581691592,0.0010170248854682803
6.112082100007683,3,1.2916607812028933,1.3069288252657363,-0.01526804406284299,0.003244069472189847
6.112086400040425,4,-0.31636685629264766,-0.39303945848862676,0.0766726021959791,0.002592029299128023
6.112090400012676,5,0.05773961662092249,0.037383478463526444,0.020356138157396043,0.00977589151717596
6.112094200041611,6,-1.9090642856274882,-2.0002085922605963,0.09114430663310813,-0.048993438639344314
6.368782900040969,0,0.22990165082816738,0.23529062360638273,-0.005388972778215345,0.1470389319844281
6.368806200043764,1,-0.2032340319398977,-0.21264268926024896,0.00940865732035126,-0.3358859950811908
6.36881130002439,2,-0.4586562011485792,-0.446221778575035,-0.012434422573544213,-0.3416651425095698
6.368815900001209,3,1.3010279751281242,1.2759976114546736,0.025030363673450573,0.3523023957491881
6.368820300034713,4,-0.3411561127053258,-0.32341644148999976,-0.017739671215326047,-1.2397059332404088
6.3688250000122935,5,0.13091402363504331,0.05403729548853994,0.07687672814650337,-0.8112741232129412
6.368829200044274,6,-1.755623801059631,-1.8279642455438103,0.07234044448417931,-4.080356116745471
6.650623900000937,0,0.262586353139445,0.2229745936153629,0.03961175952408211,0.26996109770192367
6.650666100031231,1,-0.2743858722832725,-0.1772510826564065,-0.097134789626866,-0.6108035336656928
6.650675000040792,2,-0.5140733611840954,-0.4917051838399039,-0.022368177344191498,0.6951770690591815
6.650682000035886,3,1.3445275326902186,1.3824889164715348,-0.037961383781316194,-1.2263192504875964
6.650688500027172,4,-0.5925772548819143,-0.2427988213620126,-0.3497784335199017,2.2338256788911863
6.65069510001922,5,-0.0854032687991931,0.1877135359408058,-0.2731168047399989,-4.077246662858731
6.6507013000082225,6,-2.56627228769116,-1.6591406106662523,-0.9071316770249076,-3.4110619558251507
7.083561900013592,0,0.24563171194755776,0.26267841406846454,-0.01704670212090678,-0.00012862652539601986
7.0835849000141025,1,-0.23163528015786172,-0.27466001689788705,0.04302473674002533,0.0003193467406649914
7.083590499998536,2,-0.4672313914744159,-0.5140689411114769,0.04683754963706105,8.341431503080229e-05
7.083595900039654,3,1.3008988648267592,1.3444537080291243,-0.043554843202365134,0.00014181917394130047
7.083600400015712,4,-0.3662989481260357,-0.5936456106911431,0.22734666256510738,0.0011731854844326775
7.083604599989485,5,0.025468325025843,-0.08559374437754697,0.11106206940338997,0.000879498893822387
7.083608800021466,6,-2.012535643616696,-2.568391944095509,0.5558563004788128,0.0031051815269538896
7.306216099997982,0,0.2412736753333279,0.24546958616468928,-0.004195910831361366,0.0008752009668863826
7.306238299992401,1,-0.2212837383192339,-0.2313501082218245,0.010066369902590605,-0.0013050397636855296
7.306244200037327,2,-0.4575493249786583,-0.4672409481160923,0.009691623137433991,0.0001940788733553657
7.306249500019476,3,1.2906900348421397,1.3007642874170833,-0.010074252574943543,0.0010019123339124435
7.306254299997818,4,-0.31262485191976563,-0.3662818711199681,0.053657019200202494,-0.000807972802483856
7.30625860003056,5,0.054775202869083994,0.025230319831841236,0.02954488303724276,0.004051831343025247
7.306262800004333,6,-1.9129612722466585,-2.0106701940517513,0.09770892180509283,-0.0013511334962586496
7.49195240001427,0,0.23534994241615842,0.2369351563305539,-0.001585213914395478,0.1526298160367861
7.491978500038385,1,-0.21178494310324733,-0.21476001742990697,0.002975074326659638,-0.3289799750278921
7.4919849000289105,2,-0.45850131739287964,-0.45232025717931534,-0.006181060213564293,-0.19078344018615995
7.491991700022481,3,1.296948473628447,1.2841580658578053,0.012790407770641554,0.139385919765317
7.4919962999993,4,-0.3317045537958928,-0.3137154364568016,-0.0179891173390912,-0.35657676636987656
7.492000500031281,5,0.09423041105037488,0.04508912786755377,0.04914128318282111,-0.6785730688618384
7.492005000007339,6,-1.8359471047436513,-1.8667182449285205,0.03077114018486915,-3.4684425253563607
7.680197900044732,0,0.27796623816774535,0.23255117339547496,0.04541506477227039,0.23348525496355166
7.6802287000464275,1,-0.305667202242269,-0.18993746864702277,-0.11572973359524624,-0.29096342825798094
7.680236100044567,2,-0.5105091684633948,-0.49518673906392724,-0.015322429399467541,0.649645236203446
7.680242000031285,3,1.3206574745524864,1.3881400185361996,-0.06748254398371323,-0.9566436681540935
7.680247800017241,4,-0.5019996713531306,-0.35451727022786905,-0.14748240112526156,3.7593610676996962
7.680288200033829,5,-0.18162476649498674,0.3320864752605003,-0.513711241755487,-5.366628183458264
7.680294900026638,6,-2.580400798256433,-1.7018622463647144,-0.8785385518917186,-3.2881123387292974
8.081926500017289,0,0.2460876025717524,0.27804124890901594,-0.031953646337263525,-0.00012737667714843973
8.08195900003193,1,-0.2309478463688565,-0.3059812602957188,0.0750334139268623,0.00032436799460536713
8.081966000027023,2,-0.46438703856449387,-0.5105130270728462,0.04612598850835231,5.853118341184608e-05
8.081973100022878,3,1.2966122931693391,1.3205478687547225,-0.023935575585383395,0.0002080419881730003
8.081978000001982,4,-0.34730844818008494,-0.5029031708075612,0.15559472262747626,0.00041634873782681373
8.081982500036247,5,0.022713349104802917,-0.18243556607298617,0.20514891517778908,0.0014415821002262607
8.081987300014589,6,-2.002927665104788,-2.582455414633282,0.5795277495284941,0.0025884182813081715
8.299797200015746,0,0.241216029562849,0.24587356094193716,-0.00465753137908817,0.001368913816184337
8.299860100029036,1,-0.22092683968088678,-0.2305364826136722,0.009609642932785434,-0.002284786376315756
8.299870199989527,2,-0.4571645365423377,-0.46439684796282993,0.007232311420492243,0.00045697793418373526
8.299877000041306,3,1.2902158628787366,1.2964984237450885,-0.006282560866351927,0.0012933837879754908
8.299884300038684,4,-0.31034625699781176,-0.34739045221667214,0.037044195218860376,-0.000372239701885672
8.299892600043677,5,0.055207171743839135,0.022558888746752048,0.03264828299708709,0.004237834364483867
8.299901399994269,6,-1.910518139832406,-2.001076397438114,0.09055825760570779,-0.0013488386708513803
8.506780900002923,0,0.2362194506251127,0.2344674694615215,0.0017519811635912097,0.1907855159511198
8.506821500021033,1,-0.2135410020229098,-0.2104780482063768,-0.0030629538165329873,-0.3886911147873829
8.506827200006228,2,-0.4592265313078022,-0.45229585778014786,-0.006930673527654363,-0.19179596933358828
8.506831900042016,3,1.2973055165891618,1.2853034052637518,0.01200211132541007,0.08847457366834993
8.50683620001655,4,-0.3348060887412985,-0.30477480521915445,-0.03003128352214407,-0.4158012859700767
8.506840499991085,5,0.08833361016068897,0.050893522494116314,0.037440087666572655,-1.0583560408540706
8.506844500021543,6,-1.8508630906087145,-1.8352539178241472,-0.015609172784567305,-3.90104818392233
9.077032500004862,0,0.9845483546543375,0.26567364717603065,0.7188747074783068,0.23108389669231616
9.077052600041497,1,-1.5110785774898756,-0.2378006955518752,-1.2732778819380004,0.44658641118386383
9.077058600028977,2,-1.5253445942339583,-0.5290541642727598,-0.9962904299611985,0.7245412000745183
9.077063400007319,3,1.381786266161316,1.4331981847540678,-0.05141191859275174,-0.720921935372761
9.077068100043107,4,-0.8408455716999422,-0.559759152572205,-0.28108641912773724,5.572673883843169
9.077072200016119,5,0.9398316540702785,0.42535322665139397,0.5144784274188845,-4.858759244848859
9.077076399989892,6,-3.124,-2.057513780438905,-1.066486219561095,0.6134944334964236
9.335534500016365,0,0.23425522116043332,0.8711260449067733,-0.63687082374634,3.164536986632036
9.335556900012307,1,-0.21143543130752993,-1.5136097696315287,1.3021743383239988,-0.1733458208963182
9.335562099993695,2,-0.4896764991288232,-1.4584375974559642,0.9687610983271411,-3.027926038067198
9.335567100031767,3,1.3423331502959064,1.3801957355026817,-0.03786258520677532,-0.2601339157091801
9.335571500007063,4,-0.538716369594415,-0.8420488500234647,0.3033324804290497,-0.10499067600287915
9.335575800039805,5,0.10127057920293826,0.9324966550079402,-0.831226075805002,0.3319021970639864
9.335579800012056,6,-1.934059399370107,-3.1229290116687958,1.1888696122986888,0.10947533823302974
9.590218600002117,0,0.23924957898615354,0.23268340382661853,0.006566175159535004,0.0012752284446237465
9.590238300035708,1,-0.21539393540871662,-0.20946633421149854,-0.00592760119721808,-0.0032162883737225628
9.590243900020141,2,-0.4622633944193555,-0.4886343155983901,0.026370921179034612,-0.0017835564517018829
9.590248699998483,3,1.300745484505697,1.3427265169988871,-0.041981032493190185,0.00018019453703756053
9.590253600035794,4,-0.35538387866655,-0.5429308389181544,0.1875469602516044,-0.002167588098883279
9.590257800009567,5,0.06873011684960548,0.09327097112449771,-0.024540854274892235,0.0009003733931995045
9.590262000041548,6,-1.897600917051172,-1.9336470672780126,0.036046150226840545,-0.0029150573864644264
9.752607300004456,0,0.24151429672607225,0.23882068732846667,0.002693609397605573,-0.003740144670779501
9.752628999995068,1,-0.21794059106754204,-0.21335688746316614,-0.004583703604375905,0.009113914023741884
9.752634500036947,2,-0.4569782275134841,-0.4620514142202382,0.005073186706754107,-0.03222415030614307
9.752639100013766,3,1.2909447839684822,1.3004346085317704,-0.009489824563288174,0.03768561300303648
9.752643400046509,4,-0.3140162773332474,-0.34309110253005354,0.029074825196806153,0.36035888791331927
9.75264750001952,5,0.05389271197260722,0.06256159395215038,-0.008668881979543165,-0.04682547831100194
9.75265139999101,6,-1.9083608874413691,-1.9145391905333724,0.00617830309200329,0.061638375726120076
9.949698899989016,0,0.20636920282575064,0.2804182009858683,-0.07404899816011765,-0.28446183452358714
9.94972420000704,1,-0.17081719230623887,-0.2884321227706662,0.11761493046442734,0.29160230174003976
9.949730399996042,2,-0.46661621548360716,-0.38029059785880576,-0.0863256176248014,-0.3645522573283351
9.94973510003183,3,1.3234129349195765,1.1530006317030086,0.17041230321656786,0.8989110542828516
9.949739400006365,4,-0.4004406560473459,-0.0005888890399648322,-0.39985176700738106,-7.266100548990235
9.949744400044437,5,0.2938544951689021,-0.03239905364133722,0.3262535488102393,2.5151611114545527
9.949748700018972,6,-1.3586860460589716,-1.8237163594329058,0.4650303133739342,-0.5945415404733764
10.149925900041126,0,0.2338582411544672,0.2054930580946534,0.02836518305981381,-0.0006269028684800875
10.14994430000661,1,-0.20290738171511596,-0.16919088709127314,-0.033716494623842824,0.00047497147511263763
10.149950299994089,2,-0.4551833003898765,-0.46715146916384814,0.011968168773971666,-0.0016255138632380412
10.149954900029115,3,1.2950562057548498,1.323441341630347,-0.02838513587549718,-0.007706158857293304
10.149959500005934,4,-0.32015827919242723,-0.39571225820721323,0.075553979014786,-0.04074976631055233
10.149963600037154,5,0.10569366549541193,0.2870692184078577,-0.18137555291244578,0.005246796517912629
10.14996730000712,6,-1.7945584785585118,-1.356181125262274,-0.43837735329623784,-0.022496568202653184
10.343802899995353,0,0.23927181327636238,0.23415966471281516,0.00511214856354722,0.002213542495544293
10.343826900003478,1,-0.2109405302768961,-0.20345136933605526,-0.007489160940840844,-0.0030710207259454815
10.343833299994003,2,-0.4543900493339645,-0.4550085491180483,0.0006184997840837925,0.002224140106041481
10.343838200031314,3,1.289863271910462,1.2951676005237742,-0.005304328613312315,0.0040354491424049324
10.343843000009656,4,-0.30529215054011105,-0.32080377552596223,0.01551162498585118,0.01012682206033852
10.343847300042398,5,0.06949965839900128,0.10690946537630179,-0.03740980697730051,0.01627333658522838
10.343851500016171,6,-1.86586190797056,-1.7973720021968476,-0.0684899057737125,0.040396481229943014
10.498674700036645,0,0.2405939873221496,0.25316031918791676,-0.012566331865767166,-0.27422698910221044
10.498706799990032,1,-0.21178406107003186,-0.23343161956502662,0.02164755849499475,0.5215524410259379
10.498712400032673,2,-0.45202412924156715,-0.4531866303029018,0.001162501061334642,0.030818556654903483
10.498717100010253,3,1.285383840079908,1.2818901703414205,0.003493669738487526,0.2838914671006436
10.498721999989357,4,-0.28679406683860786,-0.301313325054612,0.014519258216004138,-0.5426723048241049
10.498726500023622,5,0.06094376487758629,0.0275979176365843,0.033345847241001994,2.3474999888846555
10.498730499995872,6,-1.873947696060008,-2.028358213377254,0.15441051731724587,4.752601665184362
10.727859100035857,0,0.2396045409745574,0.24042249383723505,-0.0008179528626776345,0.11696175993367114
10.72788160003256,1,-0.2113523612395813,-0.21466762055493022,0.0033152593153489285,-0.15154293591038503
10.727896000025794,2,-0.45427192693456836,-0.45344425718007514,-0.000827669754493221,0.04271659403738196
10.727900800004136,3,1.2894471008576747,1.2832810518597952,0.006166048997879425,0.038280999742098615
10.727905300038401,4,-0.30391626496118157,-0.2964915597846485,-0.007424705176533097,-0.1339163358723142
10.727909400011413,5,0.06730425260676179,0.04839198504785132,0.01891226755891047,0.7059412135854145
10.727913800044917,6,-1.869662525411576,-1.9198968498089184,0.050234324397342434,-0.3686407095205598
10.924707900034264,0,0.2484025582396157,0.2376096301767372,0.010792928062878515,0.10615383547051598
10.924740499991458,1,-0.22949829769306282,-0.19585541014373048,-0.03364288754933234,-0.41088940258174744
10.924746100034099,2,-0.4754577999042279,-0.45325159566066764,-0.022206204243560235,0.12182527565534847
10.92475080001168,3,1.3130458685745887,1.324286724607577,-0.011240856032988189,-0.5296322032468199
10.924755100044422,4,-0.4258682695751047,-0.2906471841093662,-0.13522108546573852,1.2509499621624627
10.924759200017434,5,0.008396707670145026,0.14670203402655305,-0.13830532635640802,-1.966834767283065
10.924763199989684,6,-2.0847163743871446,-1.618613335072532,-0.4661030393146126,-4.885765926860552
11.170477500010747,0,0.24305666282259167,0.24836352922886556,-0.005306866406273897,-0.0009244003160109365
11.170513199991547,1,-0.2171224142230116,-0.229499018557841,0.0123766043348294,0.0016864004736834872
11.170520500047132,2,-0.4578740441167247,-0.47559013378391246,0.01771608966718774,-0.0002751870520336363
11.170525100023951,3,1.2922874241489894,1.3128224099892867,-0.020534985840297226,0.000573950501704876
11.170530700008385,4,-0.3224684890879129,-0.42690667795438436,0.10443818886647144,0.012694307111597867
11.170535000041127,5,0.0443016005879909,0.007985041630980032,0.03631655895701087,-0.008870324448747498
11.170539400016423,6,-1.9261131729709482,-2.0872559711522607,0.1611427981813125,0.021840212857694462
11.403081400028896,0,0.24153122857033424,0.24428420860008498,-0.0027529800297507456,0.034437578991782375
11.40310470003169,1,-0.21385010801414797,-0.2199886089666259,0.006138500952477921,-0.035293713889435904
11.403110800019931,2,-0.45573989273671883,-0.4574650059149958,0.001725113178276949,-0.02221699970253096
11.403116000001319,3,1.2904547278823526,1.291090325278151,-0.0006355973957983263,0.055610397255384844
11.403121700044721,4,-0.31161365919425177,-0.31911318758286306,0.007499528388611287,0.20962699987474565
11.403126100020017,5,0.05459195962455504,0.0375901965189894,0.017001763105565643,0.24753518150765466
11.403130799997598,6,-1.8980428860785483,-1.9767128481212803,0.07866996204273202,-0.3524945021803313
11.611424100003205,0,0.23950449606374422,0.23603790836242436,0.0034665877013198565,0.1294297705036043
11.61144480004441,1,-0.2099117576820818,-0.20232629499142937,-0.007585462690652439,-0.31673329492623437
11.61145080003189,2,-0.45395104965213917,-0.45541657908478217,0.001465529432642998,-0.07309691298137738
11.611455300007947,3,1.2894777898486662,1.2886107634266728,0.0008670264219934332,-0.008585455868760215
11.611459800042212,4,-0.3038336292816583,-0.3041444614107485,0.0003108321290902216,-0.18829087939329597
11.611464000015985,5,0.06824044324253005,0.05878704014521286,0.009453403097317188,-0.8057108326751148
11.611468100047205,6,-1.8652941762466266,-1.7683547500870762,-0.09693942615955042,-4.308710623061035
11.813072699995246,0,0.24145110522276864,0.24486806030431799,-0.00341695508154935,-0.12485864280497386
11.813096500001848,1,-0.2135250079164066,-0.2188343467827685,0.005309338866361896,0.24797761846152058
11.81310269999085,2,-0.4554438875977449,-0.4502594631554472,-0.005184424442297719,-0.05347847759748189
11.813107100024354,3,1.290118144356549,1.2936251573568784,-0.0035070130003294064,-0.04780172424163089
11.813111900002696,4,-0.3099329371218385,-0.30467170985049186,-0.005261227271346647,0.11297897619622904
11.81311640003696,5,0.05516328993776611,0.09819120109755422,-0.04302791115978811,-0.4490950564052279
11.813120400009211,6,-1.8957551704846565,-1.914153339276663,0.01839816879200651,3.275272839490532
12.009806699992623,0,0.23450294609008296,0.19329880309813652,0.04120414299194644,-0.22988055409890054
12.009828300040681,1,-0.19884992298769358,-0.17644143751990887,-0.022408485467784706,-0.5311082779878794
12.009834500029683,2,-0.4469167409482183,-0.514971947411077,0.06805520646285868,-0.05817920651232995
12.009839100006502,3,1.282845465002664,1.2564764106630801,0.02636905433958381,0.1549252572470729
12.009843600040767,4,-0.2647682558244582,-0.35500478617854314,0.09023653035408497,0.44583717820757995
12.00984780001454,5,0.10251980138487676,-0.21536637842395343,0.31788617980883016,5.081786706623148
12.009851800044999,6,-1.7792596320560405,-1.7595749002244974,-0.01968473183154318,-1.9918274036157588
12.307775900000706,0,0.24136312443498403,0.22972675785031657,0.011636366584667462,0.010045809137787217
12.307805999997072,1,-0.2090158992037692,-0.18837120834497478,-0.020644690858794418,0.03838185105016563
12.307817600027192,2,-0.4473975077512684,-0.4544571118123718,0.007059604061103397,-0.024152530431930566
12.307825800031424,3,1.2785138996745031,1.2755370272841626,0.0029768723903405014,-0.0211467526923429
12.307831400015857,4,-0.2562302998346374,-0.2515918171449879,-0.0046384826896495035,0.021601120758337995
12.30783629999496,5,0.056643105798512054,0.07731171080344727,-0.02066860500493522,0.3345546223146067
12.307840800029226,6,-1.8641746690604168,-1.786119520470511,-0.07805514858990592,0.0398778068332864
12.521910000010394,0,0.2222492780825873,0.30379040733157414,-0.08154112924898685,-0.0552247518622394
12.52198150003096,1,-0.21777489527787242,-0.29876516916682816,0.08099027388895574,0.7560877245206105
12.521990100038238,2,-0.6517189622294424,-0.4030765901138552,-0.24864237211558715,0.022517344773495304
12.521998200041708,3,1.4962432916178827,1.2903030643126392,0.20594022730524353,-0.04818494267893315
12.522005700040609,4,-1.3825850153211254,-0.26346414998879186,-1.1191208653323335,-0.012807019605415432
12.52201120002428,5,0.176733184049114,0.053299497535651816,0.12343368651346219,1.3981503605462342
12.522019200026989,6,-1.4410587674056776,-1.9861745067131997,0.5451157393075221,4.520125687609777
12.923726400011219,0,0.2288446343457799,0.2220550773893836,0.006789556956396298,0.00016953085118245892
12.923749900015537,1,-0.20916459042411137,-0.21722783413914026,0.008063243715028895,-0.00013865015845772208
12.923755800002255,2,-0.48486305744067193,-0.6520159473331696,0.16715288989249766,0.0005686517797810477
12.923760400037281,3,1.3375277726568364,1.4962026649402995,-0.1586748922834631,-0.0005346487283192308
12.923766000021715,4,-0.5078951612854486,-1.382399760759672,0.8745045994742234,0.002998099830481326
12.92377039999701,5,0.13631609823962135,0.17603553587118478,-0.03971943763156344,-0.00039559594909518016
12.92377450002823,6,-1.8099337938222724,-1.4404227317734088,-0.3695110620488635,-0.0013131002642058681
13.244698100024834,0,0.23837123538852248,0.22884297153823815,0.009528263850284324,-6.936920137223558e-06
13.244736400025431,1,-0.21380333547587885,-0.20927013683887896,-0.004533198636999886,-3.2259427472604376e-05
13.244744800031185,2,-0.45825881249895567,-0.4846643191630549,0.026405506664099243,-0.0004448926847345399
13.244750200014096,3,1.2952295038872947,1.3375051663646007,-0.042275662477305964,0.00045497908750902866
13.244754999992438,4,-0.32866004578746605,-0.5078095615184905,0.1791495157310245,-0.002397875089746198
13.244759400025941,5,0.07462005025386195,0.1363947078673414,-0.061774657613479445,0.00016380900677131588
13.244763599999715,6,-1.8723654285240217,-1.8105881989245083,-0.06177722959951337,0.0010087697155042252
13.467726600007154,0,0.24003435203075066,0.23810023922493154,0.0019341128058191215,-0.007221843770228286
13.467752200027462,1,-0.21543819914985787,-0.21149708455463953,-0.003941114595218342,0.021896352659872463
13.467758000013418,2,-0.4555366168876529,-0.4576208162658281,0.002084199378175222,-0.0497092806366649
13.467763099994045,3,1.2898968703907736,1.2941878294298101,-0.004290959039036535,0.058070273855462436
13.467767700029071,4,-0.3068329839196126,-0.3201050738756895,0.013272089956076871,0.5251998772822435
13.467780900013167,5,0.06374914018963208,0.07118105019122628,-0.007431910001594197,-0.05427427679583432
13.467785300046671,6,-1.8845606707573808,-1.8624119330240219,-0.022148737733358903,-0.029342477262506
13.674172100028954,0,0.22359827448277056,0.2782703454346332,-0.054672070951862634,-0.23694610025789584
13.674196300038602,1,-0.18916048228289417,-0.29883897729117986,0.10967849500828569,0.19915418071347557
13.67420430004131,2,-0.45550536171806194,-0.415594817082838,-0.03991054463522392,-0.32730188612710265
13.674209100019652,3,1.3013479531289387,1.2086914897245977,0.09265646340434097,0.7295597274427723
13.674213299993426,4,-0.3310117247579948,-0.10954868349047767,-0.22146304126751712,-4.816866717946084
13.674217500025406,5,0.17502896277990984,-0.052113992272765496,0.22714295505267534,2.4482999054914845
13.67422169999918,6,-1.645717721206933,-2.303147195090242,0.6574294738833089,3.7894037666053038
14.037834000017028,0,0.23705483807965147,0.2233927467467864,0.013662091332865056,0.0010381256356529049
14.037855400005355,1,-0.20835327507327392,-0.1886814123432907,-0.019671862729983225,-0.001773783949500184
14.037861199991312,2,-0.45416014002674115,-0.45558174272968316,0.0014216027029420042,0.0008324056256029468
14.037866300030146,3,1.2908928757402474,1.3014096558747261,-0.010516780134478765,0.0006664579920352126
14.037870800006203,4,-0.3064234589880675,-0.3305873551052632,0.024163896117195716,0.003357639240358868
14.037875000038184,5,0.08412366338097935,0.17468823039226328,-0.09056456701128393,0.0032987005676237083
14.037879200011957,6,-1.8374979412128847,-1.6438750624378153,-0.19362287877506934,0.00020167032785571668
14.26325940003153,0,0.24024692359972766,0.23543261997786394,0.004814303621863719,-0.020197848653387376
14.263301099999808,1,-0.21368784907261587,-0.20404809157760187,-0.009639757495014,0.002344753920900924
14.263339600001927,2,-0.4550748520241936,-0.45424972368611916,-0.0008251283380744656,-0.02881509609932112
14.263349700020626,3,1.2897436346564957,1.291028926040538,-0.0012852913840424307,-0.02871845490654437
14.263358200027142,4,-0.3063777338087779,-0.30003274388336076,-0.006344989925417155,0.005276526654411296
14.263368899992201,5,0.06275448043654819,0.08236165455195403,-0.019607174115405843,-0.2942698820888161
14.263374600035604,6,-1.882498210507507,-1.8004238031979027,-0.08207440730960425,-0.3167740618347164
14.477226499991957,0,0.24015059926586785,0.25045063975528675,-0.010300040489418905,-0.20466139511711448
14.477249000046868,1,-0.21253197706158664,-0.23159638605434693,0.019064408992760296,0.4601826760997761
14.477255300036632,2,-0.4530071973214509,-0.4530343954981162,2.7198176665299556e-05,0.04635954941332732
14.477260700019542,3,1.2868224585404788,1.2913341462791206,-0.004511687738641745,0.07499888735875605
14.477265599998645,4,-0.29275755911504175,-0.32220003206632264,0.029442472951280885,0.3605862426541631
14.477269800030626,5,0.06360000475935831,0.07451919781406056,-0.01091919305470225,0.8538113177534817
14.477273800002877,6,-1.873548179165343,-1.9892398766269457,0.11569169746160268,4.07236103846431
14.747679600026459,0,0.23767811786561036,0.22253976910928722,0.015138348756323139,0.34975548822426183
14.747699700004887,1,-0.21240720761183235,-0.19738321901199055,-0.015023988599841803,-0.4221488192586165
14.747705399990082,2,-0.46105251884026516,-0.4570817710584742,-0.003970747781790962,0.056116094999598715
14.747710600029677,3,1.3002620812112853,1.2801791242652214,0.02008295694606388,0.0689726076761116
14.747715400008019,4,-0.3506002665633442,-0.2947287297485535,-0.05587153681479068,-0.5882185889013277
14.747719400038477,5,0.07930669329183014,0.0019725754903960613,0.07733411780143408,0.0748606750753173
14.74772360001225,6,-1.870461492682017,-1.880472918011199,0.010011425329182089,-2.353604283430761
15.300970800046343,0,0.19807755158708343,0.35277161446425626,-0.15469406287717283,0.28760030692910543
15.300990200019442,1,-0.3130994674169906,-0.24995572725843554,-0.06314374015855503,0.6383414450800391
15.30099550000159,2,-0.538373373873372,-0.44773469636573354,-0.09063867750763849,0.4190506008101492
15.301000200037379,3,1.3830048354306812,1.3764324882933965,0.0065723471372847175,-0.6352053863878999
15.301005200017244,4,-0.6792918389047758,-0.40537085806571693,-0.2739209808390589,2.9830805690991844
15.301009499991778,5,0.3155003405616124,0.20924574801353815,0.10625459254807426,-3.3369534423106404
15.30101370002376,6,-3.124,-1.8754959711022146,-1.2485040288977856,0.40549966493236955
15.667527200013865,0,0.24309873691155573,0.19777138890563548,0.045327348005920254,0.0005013449080692521
15.667546800046694,1,-0.22177456481456914,-0.31282757392629496,0.09105300911172581,0.00024113489849894208
15.667552500031888,2,-0.48379487596386,-0.5385697840390988,0.054774908075238826,0.0002696514890618938
15.667557100008707,3,1.3290356139691282,1.382779528262972,-0.05374391429384384,-2.9442875052204972e-05
15.667562000046019,4,-0.49120177477574034,-0.6791434240654843,0.187941649289744,0.001572955888714876
15.66756610001903,5,0.04315635783123845,0.3137706956008959,-0.27061433776965743,-0.0004095881121162596
15.667570299992803,6,-2.060587405183975,-3.124003950223076,1.0634165450391007,0.00023701338455595067
16.009546000044793,0,0.24256500464192246,0.24311548346786865,-0.0005504788259461935,-9.072890645348271e-05
16.009581300022546,1,-0.21706688525464188,-0.22168673619459991,0.004619850939958037,-0.00017634950112396184
16.009590000030585,2,-0.4591248386617916,-0.4837622660491373,0.0246374273873457,-0.00010828167192847551
16.00959710002644,3,1.294422320657365,1.3290137626115566,-0.034591441954191504,0.00010597579532101669
16.009603300015442,4,-0.33151572066295226,-0.49119029895667815,0.1596745782937259,-0.00037765352335254276
16.00960930000292,5,0.04741986736519208,0.043129917879864005,0.004289949485328078,0.0005312501208976502
16.009614900045563,6,-1.925496818084099,-2.0581620906215243,0.13266527253742533,-0.0020497823803446004
16.324652200040873,0,0.23983233436911347,0.24319559669541202,-0.0033632623262985495,0.02217446919901056
16.324685500003397,1,-0.21068508957262982,-0.21807313514755594,0.0073880455749261165,-0.00033779446139102715
16.32469440001296,2,-0.4555397197173971,-0.4576225392613591,0.002082819543962,-0.06408635662930139
16.32470130000729,3,1.2916897920132706,1.292018410613284,-0.00032861860001331955,0.10053626080923685
16.324708100000862,4,-0.31453319668978585,-0.334099186677332,0.019565989987546162,0.608448322865868
16.324714000045788,5,0.06599994959251758,0.04154586259473076,0.02445408699778682,0.128153381466946
16.324720000033267,6,-1.8746005670042214,-1.9707580255755976,0.09615745857137625,-0.375204889439285
16.68399390002014,0,0.24141744145978566,0.23720799200990367,0.004209449449881997,0.09389694535636035
16.684019700041972,1,-0.2130794233724275,-0.2054407364802787,-0.007638686892148805,-0.24750391765489932
16.684028599993326,2,-0.45458454662372266,-0.45614638108727146,0.0015618344635487946,-0.03214613331258388
16.68403370003216,3,1.2888991668138416,1.2905406558437202,-0.0016414890298785956,-0.02179593366029221
16.684038900013547,4,-0.304264867524552,-0.3018151532839867,-0.0024497142405652816,-0.46982606622731715
16.684043599991128,5,0.05546719236203667,0.0614228028616485,-0.005955610499611831,-0.44466813430626506
16.68404780002311,6,-1.891983466035227,-1.8242849344907173,-0.06769853154450978,-3.291602468577878
16.96243230003165,0,0.23845989593996886,0.2580209741193833,-0.019561078179414437,-0.23796845147875834
16.96245250001084,1,-0.20722858320858162,-0.2395642978228358,0.03233571461425419,0.45349973674859295
16.96245769999223,2,-0.45199048296083577,-0.448273184559293,-0.003717298401542779,-0.0393495569225579
16.962462400028016,3,1.287485892434675,1.2905924207983837,-0.003106528363708616,0.11340593428707389
16.962467000004835,4,-0.29292117368102744,-0.32990796164133473,0.0369867879603073,0.42620739401084434
16.9624715000391,5,0.07544087574179707,0.08167438067174737,-0.006233504929950298,0.7722552516213418
16.962476000015158,6,-1.8447570047089308,-2.057496711138417,0.21273970642948625,4.6794099448118285
17.27637490001507,0,0.23966436675776365,0.24273851554943518,-0.0030741487916715327,0.05253246422725
17.276399700029287,1,-0.20973131096208028,-0.21492619751877884,0.005194886556698558,-0.04190746214479134
17.276405500015244,2,-0.4534934262958514,-0.44952683651519976,-0.003966589780651619,0.03775672203653927
17.276410099992063,3,1.2887654277222702,1.2899811818463316,-0.0012157541240613856,0.056545411250281764
17.276414400024805,4,-0.3008006338083261,-0.3010599190301366,0.0002592852218105124,0.15227975664443957
17.276418499997817,5,0.06726418165118017,0.10011681063144358,-0.03285262898026341,0.46056921851192073
17.276422400027514,6,-1.8653644841375052,-1.8716914539106864,0.006326969773181146,0.5460798892991973
17.485481400042772,0,0.24093714214948994,0.18660097412743598,0.05433616802205396,-0.3099457574140153
17.48554540000623,1,-0.21228020410456142,-0.14855756950254512,-0.0637226346020163,-0.6254724599441083
17.485556500032544,2,-0.45502956655575194,-0.5141357205384102,0.05910615398265823,-0.10307626823807911
17.485564000031445,3,1.2900289377561245,1.2746653487794817,0.015363588976642806,0.09071425057324381
17.485570900025778,4,-0.30868193536508093,-0.30400753502628053,-0.0046744003388004,-0.022423134656085822
17.485577600018587,5,0.058669526390123065,-0.2721162412882543,0.33078576767837736,5.255749815894807
17.485584200010635,6,-1.8871765773399218,-1.795752271944586,-0.09142430539533586,-0.8424306506401102
17.727209600037895,0,0.24116925687289525,0.23439563538858144,0.006773621484313819,0.024960401869338875
17.72722940001404,1,-0.21101164522671126,-0.20083108928135646,-0.010180555945354802,-0.021239135327043614
17.727235300000757,2,-0.451125014742724,-0.46152689873494646,0.010401883992222472,0.0144985854151003
17.727240200038068,3,1.2840548703791064,1.2825585019174568,0.0014963684616495776,0.005981260577796745
17.72724510001717,4,-0.2815320672359219,-0.3031385200431938,0.021606452807271914,-0.18859313933389224
17.727249899995513,5,0.05745919231237481,0.022611755733576516,0.034847436578798296,0.3527756068049996
17.72725450003054,6,-1.875800926012981,-1.8974129573733058,0.021612031360324746,-0.0031481049606212497
17.948766299989074,0,0.23020440294562244,0.3481266015240053,-0.11792219857838288,0.5354667737446298
17.948802300030366,1,-0.8875833470003733,-0.34123941788431056,-0.5463439291160628,0.3416963301767871
17.948807700013276,2,-0.5736952744127694,-0.304491566505589,-0.26920370790718035,0.18123575774267528
17.94881269999314,3,1.2300134542119174,1.306849246598122,-0.07683579238620464,0.044346793187019666
17.948817600030452,4,0.0610423623776802,-0.08506400941452646,0.14610637179220667,-3.1324700780651087
17.948823100014124,5,0.3364196454056604,0.36908648714395753,-0.03266684173829715,-5.059359097310297
17.94882749998942,6,0.6250882754922329,-1.6170331292665014,2.242121404758734,-2.0226010572657604
18.550398499995936,0,0.22417375659940453,0.22990459271511737,-0.005730836115712845,0.00015676428337226472
18.550431500014383,1,-0.21237254107916723,-0.887780337423584,0.6754077963444167,0.0007213639715200266
18.55043790000491,2,-0.507522898515756,-0.5739925499889583,0.06646965147320227,0.0003497808019695447
18.550443799991626,3,1.3666639683804436,1.2297531926561678,0.1369107757242758,0.0001065251991297878
18.55045090004569,4,-0.6370433919991912,0.06071317492088271,-0.6977565669200739,-0.0002724270322465907
18.550478300021496,5,0.16556669567755233,0.33513585385108324,-0.1695691581735309,-2.8874118901401578e-05
18.550490299996454,6,-1.8021924430033573,0.6276759962933554,-2.4298684392967127,-0.0029631775253611678
19.14868139999453,0,0.23769197966582886,0.22402377137772897,0.013668208288099892,3.095011174556159e-05
19.14870990003692,1,-0.21438539099692902,-0.21184511363184313,-0.0025402773650858856,-0.0013156393615495112
19.148716100025922,2,-0.46106233109915185,-0.5075117951395691,0.046449464040417277,-0.00013466442493715764
19.14872120000655,3,1.2995819386965548,1.3667040261312895,-0.06712208743473469,-0.00027715364597000566
19.148725800041575,4,-0.347595263129663,-0.6372319853744425,0.2896367222447795,0.001326496479609918
19.148730400018394,5,0.07880870885928017,0.16536530229752897,-0.0865565934382488,9.083532914891856e-05
19.14873489999445,6,-1.874170742493315,-1.8047979614505032,-0.06937278104281175,0.004951485168047375
19.413862100045662,0,0.241289440191246,0.2375665816260677,0.0037228585651783164,-0.0002333337616515826
19.41388280002866,1,-0.21810535216481927,-0.21348300143150245,-0.004622350733316821,-0.012522163611839797
19.41388880001614,2,-0.45574205260230066,-0.46156543432239217,0.005823381720091503,0.005683137392916407
19.413893299992196,3,1.28894170083187,1.299496058048577,-0.010554357216707055,-0.004070381127558738
19.41389780002646,4,-0.30448775311091786,-0.3378050990702857,0.03331734595936786,-0.1661600428150282
19.413901799998712,5,0.0552815304759746,0.07714647394476871,-0.021864943468794112,0.016272427020772175
19.41390590002993,6,-1.9021850346543667,-1.8738367106934994,-0.028348323960867283,-0.02096314696168896
19.63780319999205,0,0.212205713717273,0.2845708641859943,-0.0723651504687213,-0.4317452914224272
19.637826399994083,1,-0.19075607686661325,-0.2789733312650377,0.08821725439842446,0.2892769287538856
19.637833300046623,2,-0.4780373741115993,-0.3806960329514936,-0.09734134116010568,-0.38706494031155964
19.637840300041717,3,1.3346819511995889,1.1614941898090805,0.1731877613905084,0.9979662823940545
19.637845000019297,4,-0.465704744478328,-0.02627372499785402,-0.43943101948047397,-7.406448847200047
19.6378498999984,5,0.2490115694073737,-0.13752933586091148,0.3865409052682852,4.521017030651465
19.637855100037996,6,-1.4643745948497413,-2.241021059941543,0.7766464650918019,3.4947491105303334
20.001123499998357,0,0.23372177286713394,0.21204740020694496,0.021674372660188984,0.00033532491408654947
20.0011458999943,1,-0.2057276282926925,-0.19036971527804997,-0.015357913014642538,-0.00048649904873176287
20.0011516000377,2,-0.45633823299277937,-0.4781308665849253,0.02179263359214595,0.0004539490426844
20.001156400016043,3,1.2959324420483667,1.3348454632731819,-0.038913021224815214,-0.0008712135949681384
20.0011608999921,4,-0.3241164364212096,-0.4649775276204991,0.14086109119928952,0.0019703029650953996
20.001165200024843,5,0.10592284184257403,0.24885152530431315,-0.14292868346173912,-0.00209234203313316
20.001169299997855,6,-1.8009487369573454,-1.4625795862149302,-0.33836915074241514,-0.004136323343265355
20.372521100041922,0,0.23897856189529423,0.23355172417914644,0.005426837716147798,0.006034227574291001
20.372544400044717,1,-0.2131103053538871,-0.20558844937698892,-0.007521855976898167,-0.010476351357668253
20.372550100029912,2,-0.45478548847869493,-0.4565517548435761,0.0017662663648811416,0.005352906448864564
20.37255590001587,3,1.289772539080147,1.2954997520102076,-0.00572721293006051,0.004628723476842482
20.37256069999421,4,-0.30452233153252295,-0.32480111837566683,0.02027878684314388,-0.035785540509784816
20.372565000026952,5,0.07091016112996296,0.10373787607075324,-0.03282771494079029,0.05603022736749271
20.37256950000301,6,-1.8675985026395476,-1.8074736764211268,-0.06012482621842086,-0.026281778918662374
20.64143580000382,0,0.2403562128125434,0.2620108881576695,-0.02165467534512608,-0.3544732555466471
20.641462100029457,1,-0.21334124502969362,-0.24803156901860957,0.034690323988915944,0.5743746289603215
20.641468500019982,2,-0.45125996967278176,-0.45036472578376185,-0.0008952438890199033,-0.04564869365624574
20.64147360000061,3,1.2835829978478392,1.277316036764524,0.006266961083315259,0.41390437334364144
20.641478700039443,4,-0.2782176532556484,-0.28662910255615,0.008411449300501583,-1.1817681583496709
20.641483000013977,5,0.06213294748204339,0.012422357893315535,0.04971058958872786,2.9956258037897507
20.641487200045958,6,-1.871919704687273,-2.0738842463247193,0.20196454163744626,5.175831980024912
20.950944900047034,0,0.23919634928870226,0.24360530534822367,-0.004408956059521407,0.06893789344301736
20.95097440003883,1,-0.2123815218410499,-0.2201498855813229,0.00776836374027301,-0.04865824745501337
20.95097960002022,2,-0.45279721537004336,-0.4505165474951037,-0.0022806678749396347,0.049897275925144334
20.950984600000083,3,1.2867458767082043,1.283939644947768,0.002806231760436262,0.0634866057888134
20.95099979999941,4,-0.29091937185852174,-0.28902608421926507,-0.0018932876392566689,0.1010912642562005
20.951004600035958,5,0.06967939756690676,0.07681601187743523,-0.0071366143105284635,0.6614459840006335
20.951009000011254,6,-1.8631009563999483,-1.9037475131245483,0.040646556724599936,0.4855860095982524
21.281588200014085,0,0.24325933947377876,0.18959275008772905,0.05366658938604971,0.056993014461891645
21.281614500039723,1,-0.22330080420821696,-0.13386551318392234,-0.08943529102429462,-0.4893147108749199
21.281621300033294,2,-0.4683834985756387,-0.4707367909652535,0.0023532923896147917,0.223317554110274
21.281627600023057,3,1.306296391661478,1.302284916516041,0.004011475145436982,-0.4715791441537998
21.28163310000673,4,-0.3872050736538327,-0.2539310574965054,-0.1332740161573273,1.0805970532790947
21.281638400047086,5,0.04186218060094738,-0.006425079534276868,0.04828726013522425,0.3227423330700818
21.281643600028474,6,-1.9805869661909046,-1.5393922154386432,-0.44119475075226133,-4.938819497515818
21.620406100002583,0,0.2414228173142013,0.2443694191259673,-0.0029466018117660087,0.011012337393795545
21.62042739999015,1,-0.21703875578544854,-0.2250145828428608,0.00797582705741226,-0.018131002089492115
21.62043310003355,2,-0.45666425830623075,-0.46776880600022736,0.011104547693996603,0.010609385168028366
21.620438000012655,3,1.2907939254458884,1.3069632382595788,-0.016169312813690384,0.015492155877363467
21.620442599989474,4,-0.313146273493056,-0.3890226092563982,0.07587633576334218,0.024862750030099752
21.620446800021455,5,0.05464658351571243,0.04884763467215608,0.005798948843556348,0.04731420147182827
21.620450799993705,6,-1.9049682284515228,-1.9824139506128204,0.07744572216129764,0.05214153142537374
21.90049369999906,0,0.2263164356564011,0.2313043572031232,-0.0049879215467220905,0.1674990047407521
21.900523899996188,1,-0.19454045215128127,-0.20177205224893502,0.007231600097653751,-0.4015434544525757
21.900530100043397,2,-0.45697458412784253,-0.43925845310642214,-0.01771613102142039,-0.5194523712892456
21.900534500018694,3,1.3016964613320452,1.2587969582065444,0.04289950312550084,0.6317490530371354
21.90053949999856,4,-0.3376802462031643,-0.3034415310215113,-0.034238715181653,-2.9791552911823183
21.9005438000313,5,0.15607038174794846,0.041512430828237225,0.11455795091971124,-0.5612588643146667
21.900547900004312,6,-1.6912094394146082,-1.7702635197397998,0.07905408032519157,-4.565770565238129
22.197584100009408,0,0.2445654996883712,0.22886841975903718,0.01569707992933403,0.03538144889727776
22.19761319999816,1,-0.22871930319377023,-0.19731130305404926,-0.031408000139720976,-0.31567686894879654
22.197619300044607,2,-0.5184976496782701,-0.46080613259505043,-0.05769151708321962,0.44089657332650883
22.197624300024472,3,1.3707680331167593,1.3603036723130821,0.010464360803677186,-0.9799484070875942
22.197629000002053,4,-0.6884259894168314,-0.23305729026497762,-0.4553686991518538,-0.3386158401700475
22.197633300034795,5,0.03267011236980654,0.1430112525258566,-0.11034114015605007,-1.4432770247329865
22.19763760000933,6,-2.458542382572006,-1.6784099115988915,-0.7801324709731146,-0.8159002263137876
22.692482799990103,0,0.24473012383934956,0.2445947214594326,0.0001354023799169657,-9.336278472119629e-05
22.692508200008888,1,-0.22775750320003288,-0.22877464834714514,0.001017145147112264,0.00017419653449966187
22.69251510000322,2,-0.4690969513388594,-0.5185793256450124,0.04948237430615299,0.0003391897980587574
22.692520300042816,3,1.30538619792343,1.370682948796725,-0.0652967508732949,-8.710284405463743e-06
22.692525700025726,4,-0.38538351342321436,-0.6891708835450154,0.30378737012180107,0.002657622427147206
22.69253000000026,5,0.03179877358040318,0.03263520345275354,-0.0008364298723503583,0.0007002623263136732
22.692534600035287,6,-2.006833950932058,-2.460895821859286,0.45406187092722794,0.005050151566808835
23.06537250004476,0,0.24151931139713123,0.24467007277564065,-0.00315076137850942,0.0002532439012734217
23.065456200041808,1,-0.21833830714279925,-0.2277812331510776,0.00944292600827834,0.0002371611960980848
23.065462500031572,2,-0.4573382258914551,-0.46901304098178415,0.011674815090329027,-0.0004406767256471875
23.065468700020574,3,1.291374672558053,1.3052533815481495,-0.013878708990096467,0.0007627607119051267
23.065474800008815,4,-0.3160137833839134,-0.38590330246252885,0.06988951907861546,0.006480783701451629
23.065479700046126,5,0.053784277107332246,0.031482690376695086,0.02230158673063716,0.0019724856589828825
23.065484100021422,6,-1.9102525897087947,-2.003825602099281,0.09357301239048632,-0.03338983513703766
23.4342120999936,0,0.2323440391803468,0.23673936578000776,-0.004395326599660965,0.14525754915369177
23.434234200045466,1,-0.20317664799380575,-0.2110341735296847,0.007857525535878956,-0.33343510759697836
23.434240200032946,2,-0.4579061780765158,-0.44818130584580973,-0.009724872230706061,-0.2807824353696088
23.434245000011288,3,1.299518504014546,1.279489818138048,0.020028685876497976,0.2686211427746985
23.43424930004403,4,-0.3382232291469524,-0.3237351553725016,-0.014488073774450827,-0.7940874946147843
23.434253500017803,5,0.11530144186135445,0.04719790657893421,0.06810353528242025,-0.7467180404167201
23.4342578999931,6,-1.7828936579619592,-1.8468787688640274,0.06398511090206815,-3.8047248523424226
23.747451800038107,0,0.26552814590202,0.22468074565591317,0.040847400246106835,0.28014868809378246
23.747475300042424,1,-0.2762938992112093,-0.17422855416179975,-0.10206534504940953,-0.5910681755610226
23.747481200029142,2,-0.5101332540990617,-0.48932983270656993,-0.020803421392491805,0.65458325593371
23.747486200009007,3,1.337401905073089,1.3794121768621486,-0.04201027178905958,-1.1497100052228144
23.747490800044034,4,-0.563426215618019,-0.25904664453696025,-0.30437957108105873,2.453267542785109
23.747495000017807,5,-0.10380695720287765,0.21423497343050812,-0.31804193063338576,-4.651930305279693
23.74749929999234,6,-2.542642297573761,-1.6523541864329871,-0.8902881111407739,-3.88881800437477
24.220143800019287,0,0.24614579711185175,0.2656208700283541,-0.019475072916502356,-0.0001400716591823013
24.220165800012182,1,-0.22856651538770334,-0.27658292264865214,0.0480164072609488,0.00035787730444001084
24.220171299995854,2,-0.4656408737519645,-0.5101292451886019,0.04448837143663742,8.567909732465958e-05
24.22017710004002,3,1.2994040605927022,1.3373246390922569,-0.03792057849955466,0.00016741706147237515
24.220181700016838,4,-0.3600938241796967,-0.5644522673379506,0.2043584431582539,0.0010992792632878875
24.220185999991372,5,0.02274633974712564,-0.10411147779278536,0.126857817539911,0.001104037479669224
24.220190900028683,6,-2.006460744919573,-2.5447355847521895,0.5382748398326167,0.003270116173558408
24.69712399999844,0,0.24171451143039882,0.2459424230788765,-0.004227911648477689,0.000992760914267137
24.697144900041167,1,-0.21838308873987844,-0.22821013040910373,0.009827041669225295,-0.0013964595523480595
24.69715110003017,2,-0.45685037001117457,-0.4656741239851212,0.008823753973946635,0.00011883986192879226
24.697155600006226,3,1.2905242502413996,1.2992434975684428,-0.008719247327043211,0.0009950278999821052
24.69716000003973,4,-0.3124098186601697,-0.3601206538038918,0.0477108351437221,-0.0007603549342868662
24.697164300014265,5,0.05254197198522849,0.02235013574758207,0.03019183623764642,0.004854723364531339
24.69716820004396,6,-1.9106566495777182,-2.004710407260679,0.09405375768296098,-0.0037332058320216945
25.029949099989608,0,0.23597668215447254,0.23652934969645867,-0.0005526675419861293,0.1656022646585335
25.029985300032422,1,-0.20937080156253757,-0.21017388300540618,0.0008030814428686139,-0.3585382553139458
25.029991700022947,2,-0.4582794579417258,-0.451277479353964,-0.0070019785877618035,-0.20156346876566866
25.02999650000129,3,1.2973264047964552,1.2842977051592224,0.013028699637232855,0.12970835748240425
25.030001800041646,4,-0.33431315335463807,-0.31064482521494896,-0.02366832813968911,-0.4287667494897363
25.030006200016942,5,0.09076137705640017,0.04558377426169266,0.045177602794707505,-0.8397792850317979
25.030010699993,6,-1.8378022706773036,-1.8501139280675387,0.012311657390235098,-3.698009408514196
25.401054400019348,0,0.2878983639340651,0.2388991406500435,0.04899922328402159,0.1680912333270239
25.401081999996677,1,-0.3360989601614455,-0.20018305146454854,-0.135915908696897,-0.08188546416012057
25.40108850004617,2,-0.5345322465783072,-0.5103666215283755,-0.024165625049931694,0.6728452843378997
25.401093400025275,3,1.3344716391378104,1.407560010292746,-0.0730883711549355,-0.8827678034512687
25.40109780000057,4,-0.5801669377230346,-0.42070408502623047,-0.15946285269680416,4.530834885127514
25.401102100033313,5,-0.24148801049225094,0.3691143300216819,-0.6106023405139329,-5.134827807219451
25.401106200006325,6,-2.777809303227355,-1.8047014893184175,-0.9731078139089377,-1.8169517448722008
25.876959900022484,0,0.2470938303005391,0.28796686999964877,-0.04087303969910966,-0.0001792827743944718
25.876980300003197,1,-0.2292711949639737,-0.33642438011533127,0.10715318515135758,0.000514807036366169
25.876985800045077,2,-0.46575349520629794,-0.5345385693742594,0.06878507416796142,0.00010103350939129913
25.876990500022657,3,1.2990263255571133,1.334365385564129,-0.03533906000701581,0.0002795979580989963
25.876995099999476,4,-0.3597661217864807,-0.5810145895241331,0.2212484677376524,0.0006029573424386443
25.876999200030696,5,0.01666378215727023,-0.24245036761008,0.2591141497673502,0.0021944824490432915
25.87700340000447,6,-2.0176388916594274,-2.779848723402541,0.7622098317431134,0.00372539973796265
26.32856019999599,0,0.24192202649094283,0.24694530587377894,-0.0050232793828361155,0.00012083675497716366
26.328588400036097,1,-0.2184753188203879,-0.22896745325602066,0.010492134435632766,-0.00033756390804115944
26.328599100001156,2,-0.4569785735869947,-0.46568319090975646,0.008704617322761787,-0.0001875261777139021
26.328608400013763,3,1.290644172468617,1.2990015665680787,-0.008357394099461679,0.00012016364157337801
26.32861620001495,4,-0.3132786528841264,-0.3598011040574867,0.046522451173360346,-0.0006701031905654903
26.328624100016896,5,0.051212637258538085,0.016785221935219034,0.034427415323319055,-0.0008877950986847015
26.328631600015797,6,-1.9133467296122129,-2.015497883535596,0.10215115392338325,-0.0023010254330518105
26.837504099996295,0,0.2374330363684569,0.23770936316999924,-0.00027632680154235367,0.15521750905551096
26.837524400034454,1,-0.21137033033335792,-0.21286152936410715,0.001491199030749235,-0.3095228917782492
26.837529800017364,2,-0.4579382356628529,-0.4538628370693133,-0.004075398593539614,-0.1425074868497334
26.837534399994183,3,1.2957881630851469,1.2859482676894185,0.009839895395728382,0.08799341869973905
26.83753900002921,4,-0.32964479066023605,-0.31221291511252647,-0.017431875547709585,-0.19980375708351794
26.837543200002983,5,0.0810803343622853,0.03768675990211588,0.04339357446016942,-0.5795898617023746
26.837547400034964,6,-1.8568355625660382,-1.8814600773362902,0.02462451477025196,-3.159858799885883
27.414771900046617,0,0.2810054506234135,0.24154622394633277,0.03945922667708071,0.12478815958649996
27.414803399995435,1,-0.30409811710058365,-0.19862657302113462,-0.10547154407944903,-0.21038071364534972
27.414814100018702,2,-0.5014334311932623,-0.4822763240332064,-0.01915710716005592,0.5817874783419529
27.414820500009228,3,1.3067410757162032,1.3777768167062858,-0.07103574099008259,-0.8016473682652612
27.414828400011174,4,-0.4406942691718838,-0.38298772278275967,-0.05770654638912415,3.534649748865786
27.414834499999415,5,-0.20056767670571432,0.3632123757151204,-0.5637800524208347,-5.036596460770628
27.41484030004358,6,-2.5160408787812143,-1.723289658648044,-0.7927512201331703,-3.018029379964662
28.441146600001957,0,0.24638698031135128,0.28104946138524195,-0.034662481073890666,-0.00022958830925522405
28.44117250002455,1,-0.22702592355148254,-0.3043800612521524,0.07735413770066984,0.000636653344687356
28.44117920001736,2,-0.4620378420600335,-0.5014691407711385,0.039431298711104956,0.00013411974980795025
28.4411839999957,3,1.2942847927174754,1.3065971812974027,-0.012312388579927225,0.0004175516111967791
28.441188200027682,4,-0.336939412451722,-0.4414602638048898,0.1045208513531678,0.0003862261763332861
28.441192600002978,5,0.02149167224260277,-0.20165303827835915,0.2231447105209619,0.003089581296844478
28.44119889999274,6,-1.9904014983692213,-2.518094058043418,0.5276925596741968,0.004907295909867446
29.46190380002372,0,0.24158857227467698,0.24605526967454291,-0.004466697399865938,0.0012793206805836008
29.461924800009,1,-0.21771812724921788,-0.22643046524736457,0.00871233799814669,-0.0016159446982332375
29.46193069999572,2,-0.4563305065708776,-0.46212039348337586,0.0057898869124982655,0.0003166882786006014
29.461936000036076,3,1.2899632408459585,1.2940842919224955,-0.004121051076537041,0.0007422036015746184
29.461940700013656,4,-0.3096158381416903,-0.3371366624245375,0.02752082428284719,-0.0008478738874636017
29.461945199989714,5,0.0534670006172917,0.020769762241992493,0.032697238375299205,0.008164117723065576
29.461949400021695,6,-1.9065966772543528,-1.9888490946980069,0.08225241744365408,-0.002909258013097568
30.20668730000034,0,0.2366968682047717,0.23280021045853855,0.0038966577462331564,0.2173009960667768
30.206715300038923,1,-0.21086817375438843,-0.203694348136002,-0.00717382561838642,-0.4310065794403027
30.206724999996368,2,-0.45927081270816117,-0.4505150190484793,-0.008755793659681876,-0.21246841334762567
30.206733500002883,3,1.2982195574132749,1.2861543168800504,0.012065240533224442,0.0622942191364642
30.206741700007115,4,-0.3396221212379037,-0.3001112577284558,-0.03951086350944788,-0.5058532333858763
30.20674890000373,5,0.085862673355652,0.06111970983936683,0.024742963516285167,-1.4914442587731527
30.206755999999586,6,-1.8513431561501617,-1.7970356833998375,-0.054307472750324104,-4.331875159911468
30.997826100036036,0,0.3146291361318094,0.2772214237989286,0.03740771233288076,0.07179401745268202
30.997863700031303,1,-0.3782592489593736,-0.2410489716049393,-0.13721027735443428,0.6120786622020317
30.997869700018782,2,-0.5290427817318502,-0.4981915293657674,-0.03085125236608277,0.8687637888348329
30.997874699998647,3,1.2886106087373288,1.3626466876072143,-0.0740360788698855,-1.0144667764747728
30.99787980003748,4,-0.3880625771517914,-0.41379445285465916,0.02573187570286778,5.154687616695306
30.99788430001354,5,-0.40216759366291244,0.1894908147965473,-0.5916584084594597,-1.898004740554701
30.997888300043996,6,-2.680327159065837,-2.126296675410108,-0.5540304836557293,5.048670400667285
32.260702100000344,0,0.24628049075738914,0.31468697044564314,-0.068406479688254,0.00010533649361324564
32.260731899994425,1,-0.22690193143169693,-0.37871364870751445,0.15181171727581752,0.0006125956069806648
32.26073969999561,2,-0.4604259070820438,-0.5291009659549107,0.06867505887286696,-4.482950134771104e-05
32.26074590004282,3,1.2918131135831095,1.2884328025069773,0.0033803110761321253,0.00025655163169284586
32.26075110002421,4,-0.32545067843913816,-0.38871115784803,0.06326047940889185,0.0023600676511276943
32.26075600000331,5,0.022183486086632835,-0.40376604731091303,0.4259495333975459,0.0070486890970989854
32.260760400036816,6,-1.9821074080363748,-2.6822397748269813,0.7001323667906065,-0.004071637904854341
33.56983300001593,0,0.24140182483662506,0.24605185585014144,-0.004650031013516381,0.0007815145120640102
33.56986109999707,1,-0.21826773745647104,-0.22643398726227199,0.00816624980580094,-0.001689288213660084
33.5698679999914,2,-0.4563849258199465,-0.46032320742923616,0.003938281609289662,-0.00025349697025551956
33.569873200031,3,1.2898943313250133,1.2918421769259998,-0.0019478456009864864,0.0002911797049624135
33.56987990002381,4,-0.30903994508322685,-0.3256380889407562,0.016598143857529335,0.00016304037840927355
33.569884399999864,5,0.05454114155674206,0.022384140770991302,0.032157000785750754,-0.002713005446271081
33.569889300037175,6,-1.9057150455854954,-1.980169247175882,0.07445420159038663,-0.005114596215548923
34.406722000043374,0,0.2365224056997575,0.22859614202918424,0.007926263670573253,0.26316213269872196
34.40673990000505,1,-0.21165451682097497,-0.19870967828507552,-0.01294483853589945,-0.46935670934853385
34.406745100044645,2,-0.45909721181889973,-0.45129808913978153,-0.007799122679118198,-0.20214237224096887
34.40675690001808,3,1.2977050890443056,1.2871538289986404,0.0105512600456652,0.01522250220400873
34.40676159999566,4,-0.33702564646634847,-0.29875449232507834,-0.038271154141270136,-0.4756603105353651
34.406765900028404,5,0.08680471038155226,0.07580594620891976,0.0109987641726325,-2.0185417677314095
34.406770000001416,6,-1.850383657721292,-1.759276037717352,-0.09110762000394002,-4.671424391655309
35.31769019999774,0,0.2593447200461154,0.2674090727687985,-0.008064352722683077,-0.3434239784702082
35.317714100005105,1,-0.2435436769221848,-0.23129705159527533,-0.012246625326909455,0.3419873355903067
35.317720199993346,2,-0.4392487126632475,-0.461620555481449,0.02237184281820148,0.18068099811238925
35.317724900029134,3,1.2426154299998893,1.3114959934848767,-0.06888056348498739,-0.19501798240814325
35.31772940000519,4,-0.1159187771406335,-0.33545879991944677,0.21954002277881327,0.4714576310858514
35.317733700037934,5,-0.06225707602055627,0.14576966924089288,-0.20802674526144915,0.7446265697730028
35.31773830001475,6,-2.0073587914170625,-1.9268358314464435,-0.08052295997061898,4.060258384868834
36.28015330003109,0,0.24774834485118263,0.2621292706088808,-0.01438092575769817,0.04842986103846178
36.280171899998095,1,-0.2276151604610711,-0.2418468847731083,0.014231724312037203,-0.12484451601694754
36.280177500040736,2,-0.45181716093395397,-0.43893560945678994,-0.012881551477164022,0.054274660179077464
36.280182000016794,3,1.276961222633631,1.2450833874911162,0.031877835142514854,0.12331122416182357
36.28018639999209,4,-0.2593813806970142,-0.0789469672298831,-0.18043441346713113,0.4886081972367128
36.28019040002255,5,0.012824903577816196,-0.02991758434224022,0.042742487920056416,-0.1390674482084485
36.28019459999632,6,-1.961491477391644,-1.988495733128787,0.027004255737142824,-0.39794747520983303
37.226703500025906,0,0.24257865143135898,0.250022027947992,-0.007443376516633016,0.029692597889069892
37.2267281000386,1,-0.22067263538579696,-0.2315000516324668,0.010827416246669858,0.009195037063220205
37.226733900024556,2,-0.4525067072759914,-0.4533581733038641,0.0008514660278726716,0.01684694824356036
37.22673890000442,3,1.2823221075885012,1.2771311620393964,0.0051909455491048195,-0.022390026734593962
37.22674350003945,4,-0.27613730196367625,-0.25490612609218194,-0.021231175871494312,-0.05423151914537302
37.226748000015505,5,0.04664651230377138,0.025869323199481927,0.02077718910428945,0.42994741712827916
37.22675249999156,6,-1.9081194905674486,-1.959799984620114,0.05168049405266539,0.1107566071773046
37.989127600041684,0,0.22977741828338075,0.18103599771344173,0.04874142056993902,0.15198061738696744
37.98915209999541,1,-0.21170785180696167,-0.15022685227172108,-0.06148099953524058,-0.8986994901019586
37.98915840004338,2,-0.48860308925627527,-0.4442719364384551,-0.044331152817820185,-0.10119934010725021
37.98916320002172,3,1.3416774882656444,1.30812569522881,0.03355179303683431,-0.509949113840648
37.98916850000387,4,-0.5287262019763778,-0.349592610148197,-0.17913359182818078,2.306866409030745
37.98917260003509,5,0.12977783496713294,0.12115319599322114,0.008624638973911802,-2.60606460678734
37.989177000010386,6,-1.8473644682687704,-1.668445998145972,-0.17891847012279838,-5.155135517414367
38.9683750999975,0,0.18057521427837678,0.30050671992897166,-0.11993150565059488,-0.6927375151888993
38.96844820003025,1,0.08360181347925928,-0.2170297043209854,0.30063151780024466,0.05145640046307798
38.96845470002154,2,-0.38101153218321654,-0.4880897036244342,0.10707817144121767,0.11315667214921099
38.96846090001054,3,1.1929120498535777,1.3486776696372167,-0.155765619783639,0.012441466098622027
38.968468500010204,4,0.4323574472709304,-0.5256722567121455,0.9580297039830759,-0.33941694768509023
38.96847820002586,5,0.6184431589675673,0.24234613180190542,0.37609702716566185,0.43979449268835624
38.96848380001029,6,-1.308559537299739,-1.7699181124312653,0.46135857513152634,-0.005757065012712337
40.464075900032185,0,0.23819026873539986,0.18008920777290163,0.05810106096249823,0.00024806335755131405
40.46411590004573,1,-0.21260124011295092,0.08445309947121742,-0.2970543395841683,-0.0006478983805797028
40.46412540000165,2,-0.4536426933703074,-0.3809806401477536,-0.07266205322255376,-0.0002680365204224055
40.46413239999674,3,1.2882687777906494,1.1926975872649932,0.09557119052565621,0.0003131813650693548
40.46414019999793,4,-0.2963604518342458,0.4321292555687314,-0.7284897074029772,-0.0026620112755563995
40.464146699989215,5,0.07601522155237998,0.6179665764947093,-0.5419513549423294,-0.0010202692199527711
40.464153600041755,6,-1.8555749481528412,-1.306688866918203,-0.5488860812346381,-0.0011699862747393975
42.12009790004231,0,0.23963525462476076,0.2385272545505198,0.0011080000742409724,-0.0005050535328303492
42.12015430000611,1,-0.21526558665311557,-0.2136209949794585,-0.0016445916736570754,0.0014630326881319461
42.12016819999553,2,-0.4553054509404366,-0.453515011878177,-0.001790439062259619,8.05568855689731e-05
42.12018359999638,3,1.2896786800662423,1.2884944844319564,0.001184195634285956,-0.0006301342107218141
42.12019360001432,4,-0.3052103574293568,-0.29767084789283266,-0.007539509536524158,0.0013765040093036496
42.12020180001855,5,0.06631050701942057,0.07522956228275575,-0.008919055263335182,0.00019536763424117792
42.120209700020496,6,-1.8795434726310347,-1.8569680544136618,-0.022575418217372967,0.0016390695903595858
43.15867870004149,0,0.24741366748676902,0.2607954075023032,-0.01338174001553416,-0.16963474313201637
43.158713300013915,1,-0.22750980810685825,-0.24640264818393048,0.01889284007707223,0.23637446208625176
43.15871909999987,2,-0.45767335261982944,-0.4864338543579443,0.02876050173811484,0.397718412094503
43.15872380003566,3,1.2868112511341756,1.3075652596540868,-0.02075400851991116,-0.37211091658290857
43.15872850001324,4,-0.3041731560259464,-0.41294155929029014,0.10876840326434373,2.6423598089231244
43.15873260004446,5,0.014947923900799085,-0.08447793942173198,0.09942586332253107,2.3043669236060644
43.15873680001823,6,-1.9820251763824954,-2.2890971368270985,0.30707196044460305,4.037581008824355
44.5030152000254,0,0.24176321064240167,0.24752763291477875,-0.005764422272377084,-0.008103377435300835
44.503049799997825,1,-0.2181729278143515,-0.22730394899517678,0.009131021180825288,0.004150318558929662
44.503059900016524,2,-0.4554767201518441,-0.45755892528075137,0.0020822051289072774,0.0023288300752954674
44.503068800026085,3,1.2883681658227235,1.2869064679801165,0.0014616978426069682,-0.0012685354982895738
44.503077000030316,4,-0.30257979553999326,-0.30322510684128506,0.0006453113012918066,-0.05083893298450891
44.50308729999233,5,0.05227336528763728,0.018295634624120136,0.03397773066351714,-0.07575488720496151
44.50309479999123,6,-1.9062595515826912,-1.97740515745136,0.0711456058686688,0.13724314198901513
45.64569470001152,0,0.23656883731785963,0.22295462647655484,0.013614210841304791,0.33857281295519126
45.64572080003563,1,-0.212686559725332,-0.19345930440642317,-0.019227255318908815,-0.5307751494444704
45.64572660002159,2,-0.4617636690467703,-0.4529228045600782,-0.00884086448669208,-0.15855969829857544
45.64573109999765,3,1.3015014736434247,1.2892892906124247,0.012212183031000023,-0.1258805210212252
45.64573560003191,4,-0.35456498420315413,-0.30433591598144993,-0.0502290682217042,-0.022365081197605188
45.64574020000873,5,0.0862928460682398,0.07167796474895999,0.014614881319279807,-2.460882729854483
45.64574440004071,6,-1.8602927719707067,-1.7642465251117962,-0.0960462468589105,-4.58764223007137
46.72205030004261,0,0.27639775731297367,0.29752254990344396,-0.021124792590470287,-0.2639208857499933
46.722074199991766,1,-0.25708390772351214,-0.23886215328774646,-0.01822175443576568,0.5243631161582805
46.72208020003745,2,-0.416565098111918,-0.4615941349702653,0.045029036858347304,0.15224138863695996
46.72208580002189,3,1.1643106365002438,1.3154245035840932,-0.15111386708384944,-0.1722878966794587
46.72209019999718,4,0.2549109364921489,-0.3610089051177831,0.6159198416099321,0.46177413218805874
46.7220943000284,5,-0.1705120993069295,0.14052643380295676,-0.3110385331098863,0.7413177117250747
46.72209830000065,6,-1.9647635357039945,-1.9045519396594273,-0.06021159604456727,3.698257444465219
48.37196419999236,0,0.24128622316880086,0.2760638182357224,-0.034777595066921546,0.0022733121631152006
48.371991400024854,1,-0.21755506055224877,-0.25684573903884356,0.03929067848659479,-0.0029000423242755142
48.371998200018425,2,-0.45278619013012517,-0.4167287900222984,-0.036057400107826765,0.0015754702575567605
48.37200400000438,3,1.284302408712773,1.1638528138184343,0.12044959489433871,0.003160848415791736
48.372009100043215,4,-0.2831459180681463,0.25343980192065546,-0.5365857199888018,0.011148748214560971
48.37201400002232,5,0.05541030802891773,-0.17261995216392803,0.22803026019284575,0.010597079905600134
48.372018399997614,6,-1.8920081933026247,-1.9653547623396348,0.07334656903701009,0.0006875003153983008
49.92043870000634,0,0.24021906400848975,0.2412904416286462,-0.0010713776201564662,0.0004485924009526341
49.92046950000804,1,-0.21700198505772292,-0.21753015564832415,0.0005281705906012291,5.441855018906323e-05
49.920477300009225,2,-0.45542496276770966,-0.45267531046196874,-0.002749652305740924,-8.682502981013451e-05
49.920482599991374,3,1.2890951723081188,1.284600716998744,0.004494455309374867,-0.001185989334117163
49.920487500028685,4,-0.30350822786519327,-0.283519303835334,-0.019988924029859245,-0.0009608572068389443
49.92049170000246,5,0.06227080855482077,0.05587157868171702,0.006399229873103748,0.006479535054225721
49.920496300037485,6,-1.8886301930800677,-1.8918638245197015,0.003233631439633733,0.0007066841287892357
50.89244900003541,0,0.23615800648556218,0.21771757594081279,0.018440430544749392,0.24675944476668338
50.892470800026786,1,-0.2165678383308388,-0.20329619977157987,-0.013271638559258947,0.055829639116036174
50.892476900015026,2,-0.4756113390022408,-0.5152555885313653,0.03964424952912454,0.4804313718002685
50.89248179999413,3,1.3209361691781776,1.3902760994542676,-0.06933993027608998,-0.5712437976533546
50.892486300028395,4,-0.4432541604354959,-0.7033617385168836,0.2601075780813876,5.417460316442438
50.89249050000217,5,0.08809928337908347,0.18562516765155565,-0.09752588427247218,-2.0907829937648947
50.892494500032626,6,-1.9102794787120025,-1.8381455476856061,-0.07213393102639643,-1.6356127998579157
52.26059940003324,0,0.24251267170765434,0.23569727088714199,0.006815400820512352,0.009330486944560644
52.26061920000939,1,-0.22254721718594572,-0.215070490857018,-0.007476726328927735,-0.028906377789524984
52.26062489999458,2,-0.45942767308092325,-0.47603394149084494,0.016606268409921687,-0.001959430713298468
52.26062950002961,3,1.2929125924398583,1.3216103003028747,-0.028697707863016397,-0.0081249164294506
52.26063420000719,4,-0.3247447293334785,-0.4238929670456452,0.09914823771216674,-0.14876249355958038
52.26063860004069,5,0.04671233782017418,0.07961698594578982,-0.032904648125615645,0.06740943070655159
52.260642800014466,6,-1.9342661545333253,-1.9103452779791337,-0.023920876554191617,-0.0005075095766838033
53.48186350002652,0,0.21792655186026957,0.24621889176674108,-0.02829233990647151,-0.14128805570516617
53.48190430004615,1,-0.18512576588571886,-0.23028554483039396,0.0451597789446751,0.28568177343569545
53.481915200012736,2,-0.4591743457630007,-0.44066412490142953,-0.01851022086157117,-0.44504778548172524
53.48192630003905,3,1.3085459613322494,1.2637771430747649,0.04476881825748458,0.7173428558663213
53.481934100040235,4,-0.35391907255213156,-0.3913963998121237,0.037477327259992144,-1.0427165672604266
53.481940900033806,5,0.2130356206550352,0.05828177858036446,0.15475384207467074,0.09829652617877979
53.48194800002966,6,-1.5645523533951438,-1.9357040710942068,0.3711517176990631,0.6107052682906084
55.17047430004459,0,0.2360987780874892,0.2178676144900641,0.018231163597425104,-0.008257617234258788
55.17049879999831,1,-0.20908790604769023,-0.1847006731665623,-0.02438723288112793,0.01133709253594907
55.17050579999341,2,-0.454988419051,-0.45913122788621236,0.0041428088352123416,-0.007449516626679235
55.17051220004214,3,1.2921517396652624,1.3091147548089688,-0.01696301514370635,-0.0075414487995202045
55.17051830003038,4,-0.3107291388287939,-0.34877763491958363,0.03804849609078975,0.032850876792063666
55.1705242000171,5,0.0900444815063555,0.21285474101106847,-0.12281025950471297,-0.09471221537091994
55.17053060000762,6,-1.8306428007265874,-1.5578881530654938,-0.2727546476610936,-0.009337362381700205
56.651498800027184,0,0.23966556130974717,0.23502166747652814,0.004643893833219032,0.008507003319661163
56.65152130002389,1,-0.21459164532670774,-0.20740173813233656,-0.007189907194371181,-0.023295314443764814
56.65152700000908,2,-0.4550228856063416,-0.4558558757969853,0.0008329901906437009,0.0003341731380334985
56.65153170004487,3,1.2894592242162553,1.291214008690821,-0.0017547844745657848,-0.004308022282207578
56.6515368000255,4,-0.304216704298295,-0.3085953354030686,0.0043786311047736,-0.07210793862640558
56.65154099999927,5,0.06625516567809131,0.08155874551211698,-0.015303579834025666,0.021616497362345007
56.65154510003049,6,-1.8778450858438303,-1.8289879117420715,-0.048857174101758716,-0.2908622614811865
57.7113718999899,0,0.24295281581157907,0.27597531670291225,-0.033022500891333184,-0.2150851871697149
57.71140520001063,1,-0.21821022385340863,-0.2668425695933494,0.04863234573994077,0.5782051229041252
57.71141380001791,2,-0.45181912996925166,-0.4496876870058937,-0.002131442963357988,0.002522189044212612
57.71142060001148,3,1.2820246813168776,1.2859182492084416,-0.0038935678915639205,0.2432406937249395
57.71144620003179,4,-0.27522993280458113,-0.3062267467843735,0.03099681397979237,-0.5046276361263653
57.71145100001013,5,0.04474781679759957,0.013435257567446804,0.03131255923015277,2.1688149808629813
57.71145500004059,6,-1.9059100416533348,-2.152477358666271,0.24656731701293633,5.1485659494303615
59.10133090004092,0,0.2413951471027031,0.24872476651217842,-0.007329619409475324,0.02920749256561186
59.101356800005306,1,-0.21653113016803066,-0.22691698290527426,0.0103858527372436,-0.00019665352880447132
59.10136329999659,2,-0.45346837070943985,-0.448695707706453,-0.004772663002986843,0.023734391294637017
59.10136850003619,3,1.2857884234202779,1.285981753906972,-0.000193330486694121,0.039846357423059885
59.10137340001529,4,-0.2900970757027402,-0.27499580587185957,-0.015101269830880615,0.17329899020710363
59.10137789999135,5,0.05491991439134942,0.08173721194244905,-0.026817297551099635,0.3476856722945208
59.101383100030944,6,-1.8936205485554793,-1.9108399372261395,0.017219388670660196,0.49319802533773305
60.29771210002946,0,0.2291056738672885,0.09947465753397876,0.12963101633330976,-0.45544923070679644
60.29773970000679,1,-0.20212101440505054,-0.038346937376624375,-0.16377407702842617,-0.4274853822281075
60.29774720000569,2,-0.45812669443203435,-0.5384871940478678,0.08036049961583347,0.017970147662882314
60.29775359999621,3,1.3006752813479698,1.279179496143805,0.02149578520416484,-0.15792326631217177
60.297757900028955,4,-0.3381463452845174,-0.4931888741897105,0.1550425289051931,2.995561828667211
60.29776210000273,5,0.13627817362295294,-0.3210757140683247,0.4573538876912776,4.912459411498968
60.29776630003471,6,-1.743051989548603,-1.6159267256262502,-0.1271252639223528,-1.826874587359836
62.801678400021046,0,0.23775165920886002,0.23027896025053932,0.0074726989583207,0.05490295338351917
62.801713399996515,1,-0.21207093965115523,-0.20387695970523825,-0.008193979945916974,-0.07929365380749068
62.80172270000912,2,-0.4545120440747875,-0.4574828956151879,0.0029708515404003877,0.03715371266230373
62.801732400024775,3,1.289970659352373,1.3013088358527318,-0.011338176500358843,0.051774758818534855
62.8017388000153,4,-0.30346674938868234,-0.339500805973017,0.03603405658433467,0.05035849995098627
62.801745900011156,5,0.07890890958904892,0.1446649335036524,-0.06575602391460347,0.36930821483340603
62.80175270000473,6,-1.8523312902736269,-1.7434844314118088,-0.10884685886181811,0.10361601901541322
64.29188800003612,0,0.23848741162492174,0.24048575381366297,-0.001998342188741231,-0.11094423209330484
64.29191269999137,1,-0.21187900531628134,-0.21328755324387266,0.0014085479275913193,0.23207166594367648
64.29191930004163,2,-0.4521229888627289,-0.4530594258881996,0.0009364370254706933,-0.0025894765975899223
64.29194250004366,3,1.2859731388714906,1.2869708389588266,-0.0009977000873360176,0.1338615987807638
64.2919481000281,4,-0.28623526648702297,-0.3054880234749588,0.019252756987935826,0.048849294747049375
64.29195270000491,5,0.07428028740456359,0.08251955844239264,-0.008239271037829052,0.7071011335834851
64.2919569000369,6,-1.8533470677706596,-1.8629184762399413,0.009571408469281728,2.4891967078292176
65.73931370000355,0,0.23700654458228013,0.18543100136012056,0.05157554322215957,-0.11484576628772665
65.73934790003113,1,-0.21444514114307142,-0.18092551403406865,-0.033519627109002775,-0.27304692039438727
65.73935450002318,2,-0.5096720133834757,-0.4349884734607367,-0.07468353992273896,-0.3399986555724702
65.73935950000305,3,1.3662366175696914,1.272218138728325,0.09401847884136649,0.5557086549220346
65.73936420003884,4,-0.6548398611863042,0.10522353992071937,-0.7600634011070235,-5.071273226291599
65.73936900001718,5,0.08314723441844592,-0.10595576207327118,0.18910299649171708,1.3680987943011396
65.739373599994,6,-2.166037649459068,-1.6492933606977873,-0.5167442887612808,-2.252947366574264
67.96815140004037,0,0.24237931737315235,0.23722630261143626,0.00515301476171609,-0.00027922601151032415
67.96817300003022,1,-0.22277095965344415,-0.21467452845779053,-0.00809643119565362,0.00020588171460956208
67.96817920001922,2,-0.46476192975082165,-0.5096655619848282,0.04490363223400651,0.000341817149933662
67.96818480000366,3,1.3012153305424567,1.3663665844452832,-0.0651512539028265,-0.00046356508502184155
67.9681896000402,4,-0.3626013193425888,-0.6559794007848905,0.29337808144230165,0.0041043985196524985
67.96819410001626,5,0.04751273207302255,0.08465817626972111,-0.03714544419669856,-0.0008177235419367045
67.96819859999232,6,-1.9541411347069368,-2.1676934285082265,0.2135522938012897,0.002986167206109358
71.33452500001295,0,0.24220816495832354,0.2423704666136556,-0.00016230165533206997,-0.0014663919722381444
71.33455120003782,1,-0.21978334431368077,-0.2221826542300043,0.002399309916323533,-0.010598648422118995
71.33455750002759,2,-0.45653131337075237,-0.4651033471566564,0.008572033785904043,0.005139149173522363
71.33456240000669,3,1.2893645894885164,1.3012298920063057,-0.011865302517789278,-0.004537575980827406
71.33456700004172,4,-0.30789421002722217,-0.35411058001139417,0.046216369984172,-0.15902280270095007
71.33457120001549,5,0.04915394292892847,0.04727382511633548,0.0018801178125929865,-0.004420673082567048
71.33457549999002,6,-1.9166888961150441,-1.9526159041835642,0.035927008068520117,0.19910963343427576
73.68213570001535,0,0.21605509878294918,0.23750320235801964,-0.02144810357507046,-0.05411010440850913
73.68215700000292,1,-0.18708277717206356,-0.20627272201140434,0.019189944839340778,-0.2918721185567425
73.68216289998963,2,-0.4687733589591364,-0.3942772223552747,-0.07449613660386173,-0.7595835658993
73.68216750002466,3,1.3224180102609793,1.2082207137919045,0.11419729646907473,1.0617152309618714
73.68217189999996,4,-0.4150960412555004,-0.1526816915081588,-0.2624143497473416,-7.1158506530005745
73.68217630003346,5,0.22473741151299073,0.06786940219735971,0.15686800931563102,-0.18298368340563836
73.68218050000723,6,-1.5302504332085216,-1.6832680610918398,0.15301762788331819,-3.713427532515772
76.02192790003028,0,0.226307839084879,0.21591340862231406,0.01039443046256494,-0.0029044305039127314
76.0219999999972,1,-0.19367582324342208,-0.19033649403340125,-0.003339329210020836,0.04658682171373196
76.02200980001362,2,-0.4575444839337042,-0.4671747801960252,0.009630296262320981,0.00025683082011758365
76.02201770001557,3,1.3028770967238805,1.3202640531685934,-0.017386956444712887,0.010138450523600906
76.02202420000685,4,-0.34305366599266335,-0.47517229446037024,0.1321186284677069,0.3289271944524132
76.02202959998976,5,0.15634554761019698,0.24007765178796714,-0.08373210417777016,-0.0025367474016130334
76.02203410002403,6,-1.6891873526344163,-1.5343281353273603,-0.15485921730705599,-0.29233925880912814
77.98450170003343,0,0.23527743417812502,0.2262532892140576,0.009024144964067421,-0.04002858498418752
77.98453890002565,1,-0.20457400387784938,-0.19198748582692693,-0.012586518050922452,0.03155389525642329
77.98454780003522,2,-0.45349375463517644,-0.45619494631376395,0.002701191678587511,-0.024586501338306144
77.9845551000326,3,1.2915044705037604,1.3016628398425085,-0.010158369338748141,-0.0007379829984153763
77.9845613000216,4,-0.306208478533821,-0.35313625238191954,0.04692777384809854,-0.27457906794420006
77.9845662000007,5,0.09626599517720574,0.16394286005537023,-0.06767686487816449,-0.03205591071211357
77.98457040003268,6,-1.8100144431785221,-1.6457832403254973,-0.16423120285302484,0.39093807968817196
80.86035860003904,0,0.2391093205037287,0.2345521383404783,0.004557182163250406,-0.03157887656027355
80.86041470000055,1,-0.21086622642204783,-0.20139595639944244,-0.009470270022605393,0.03441777475591455
80.86042969999835,2,-0.4542166467767748,-0.4527058738194997,-0.001510772957275086,-0.023564576697173933
80.86044320004294,3,1.2896442857975396,1.2918779226699677,-0.0022336368724280575,-0.01350135120588478
80.8604578000377,4,-0.3040306112584902,-0.30512221472977896,0.0010916034712887823,0.002363180735919914
80.86046960001113,5,0.07054541651141893,0.10272142366386516,-0.03217600715244623,-0.18489074761725194
80.86048219999066,6,-1.8635698415676787,-1.765455378240258,-0.09811446332742069,0.2149376214171377
83.9869444000069,0,0.24067589412516352,0.24285854460310127,-0.002182650477937753,-0.11920157908375606
83.98701869999059,1,-0.21336521532490613,-0.2170475932159134,0.0036823778910072824,0.300645752585762
83.9870324000367,2,-0.45446745942857025,-0.45316498660830706,-0.0013024728202631897,0.03639920550975351
83.98704410000937,3,1.2887771610807688,1.2904872684611468,-0.0017101073803780231,0.04999791769950843
83.98705480003264,4,-0.30258395276466166,-0.30769428349890626,0.005110330734244606,0.08277375011743554
83.98706740001217,5,0.06010325907547247,0.07553214080957082,-0.015428881734098357,0.615156184851108
83.9870804999955,6,-1.884521623558022,-1.9111009504285545,0.02657932687053255,3.1643058246473776
87.1108945000451,0,0.2378789021988809,0.19664639583628668,0.04123250636259421,-0.1933684483331782
87.11095870001009,1,-0.20983772644161927,-0.15501470813044763,-0.054823018311171645,-0.44114221989594654
87.11097020003945,2,-0.4558118874721575,-0.4811770877146591,0.025365200242501607,-0.1449791972702947
87.1109790999908,3,1.292854300230059,1.2626844454000972,0.030169854829961817,0.22561503484346224
87.11098550003953,4,-0.3168029492928774,-0.24076668786614802,-0.07603626142672937,-1.351550480750695
87.11105830001179,5,0.0785712262170019,-0.15400293292357634,0.23257415914057822,2.8931624141883354
87.1110689000343,6,-1.8531544037987067,-1.4930108822640182,-0.3601435215346884,-4.255080163858075
91.10568580002291,0,0.23956518753796927,0.235995341697907,0.003569845840062258,0.051686595104787875
91.1057461000164,1,-0.21133287164719267,-0.20682645768148494,-0.004506413965707723,-0.07993493207030875
91.10575500002597,2,-0.453631618859372,-0.4573523164236411,0.0037206975642691265,0.038873382924130895
91.10576230002334,3,1.2884203541471604,1.2906443422647007,-0.002223988117540321,0.048465298442539266
91.10576930001844,4,-0.29913772883573286,-0.32089128944340695,0.021753560607674083,0.008069018952497602
91.10577600001125,5,0.06755772565175507,0.06923823904954146,-0.0016805133977863956,0.32332867579316105
91.10578290000558,6,-1.867413769689574,-1.8644152479545668,-0.0029985217350072535,0.08214760594697029
94.89640040002996,0,1.3878030013086253,0.31883518527746213,1.0689678160311633,0.0013088697142644512
94.89644630003022,1,1.1354604287481436,-0.30797573886222657,1.4434361676103702,0.2211880693756999
94.89645950001432,2,0.8029382602073877,-0.3760790288858177,1.1790172890932054,-0.2599400837864475
94.8964748000144,3,1.2270027758927324,1.256766850531268,-0.029764074638535476,0.879119135233886
94.89648699999088,4,-0.5233985522168869,0.05156523914322217,-0.5749637913601091,-6.296857827215789
94.89649780001491,5,-0.6305690743073162,0.04886584487023998,-0.6794349191775562,1.0825690378692436
94.89650840003742,6,-3.124,-1.9153788623716308,-1.2086211376283693,1.0164815998528653
101.70368820003932,0,0.23447103377717918,1.39875226844082,-1.1642812346636409,0.5292702905490366
101.7037162000197,1,-0.20740923079376863,1.1377840433456186,-1.3451932741393873,-0.037223331584437844
101.70372590003535,2,-0.5006329360588542,0.8230716080068646,-1.323704544065719,0.5991735604674268
101.70373360003578,3,1.3575969703122504,1.2262954312792431,0.13130153903300723,-0.09298109164667248
101.70374100003392,4,-0.6099661804382757,-0.5265128600879166,-0.08345332035035902,0.07346284324402418
101.70374800002901,5,0.10077299974084858,-0.6427458629986046,0.7435188627394531,-0.4691513443876004
101.7037545000203,6,-1.9998432397292158,-3.1239620580068204,1.1241188182776045,0.009057448554889578
108.12340750003932,0,0.2420248007696447,0.2326847622997601,0.009340038469884598,0.0016444879873582885
108.12343760003569,1,-0.21558190991324996,-0.20618931818614905,-0.009392591727100913,0.003857238368500824
108.12344759999542,2,-0.4598917505209064,-0.5027041524527673,0.04281240193186092,0.0026283906676984343
108.12345529999584,3,1.2963092026691554,1.3557885441014295,-0.05947934143227407,-0.0007210568912703023
108.12346329999855,4,-0.33928650151092926,-0.6040403768152733,0.2647538753043441,-0.0016293545310572576
108.12347079999745,5,0.05112409929295453,0.08904268005328096,-0.037918580760326434,-0.004439308494183034
108.12347799999407,6,-1.9202904002736096,-1.9995875602824813,0.07929716000887166,-0.003029106206825517
111.66455490002409,0,0.24342975785359933,0.24156446486639252,0.001865292987206807,-0.0011011892199953091
111.66458939999575,1,-0.21671131142307082,-0.2136509855341893,-0.0030603258888815266,-0.010385025341874847
111.66459759999998,2,-0.45505304227599963,-0.46095381435312444,0.005900772077124805,0.002646764901318162
111.6646053000004,3,1.287799172814966,1.2959552080181838,-0.008156035203217726,-0.004443978461028648
111.66461259999778,4,-0.30241719163476083,-0.32412040105836826,0.021703209423607428,-0.15167785707923923
111.66462009999668,5,0.04202288311295103,0.047928415799143455,-0.005905532686192427,0.017164994961367207
111.66462670004694,6,-1.9192450426495626,-1.9239922551714692,0.004747212521906574,0.16682192557088046
114.54773370001931,0,0.20640148003108177,0.28052006645051913,-0.07411858641943736,-0.273814212542714
114.54777790000662,1,-0.19994970854756622,-0.28140334688926655,0.08145363834170033,0.23846066393743215
114.54779250000138,2,-0.5178262058039923,-0.3263399888010607,-0.1914862170029316,-0.22239242790297323
114.5478041000315,3,1.383444474654861,1.118810131243871,0.2646343434109901,0.7627158047281578
114.54781550000189,4,-0.6892931880485945,0.047679501268447444,-0.736972689317042,-6.987433813017172
114.54782570002135,5,0.28488153506982644,-0.04393851514931929,0.32882005021914573,2.3923466308187207
114.5478367000469,6,-1.1325725861087197,-1.8284470186384476,0.6958744325297279,-0.6627749641693826
119.31169440003578,0,0.22981303684815416,0.20624526633516907,0.023567770512985087,0.0004289739379181536
119.31175739999162,1,-0.1949028553208329,-0.19947273954417563,0.0045698842233427295,-0.0006019510170216361
119.31177840003511,2,-0.46100908408890595,-0.5180516522376749,0.05704256814876896,0.0007867826622333153
119.31179460004205,3,1.3074579249072706,1.383687378441212,-0.0762294535339414,-0.0006487244708654103
119.31180680001853,4,-0.37009657652993355,-0.6881626737642205,0.3180660972342869,0.0021152652346124205
119.31181909999577,5,0.13348952289620616,0.2845438062760263,-0.15105428337982016,0.0003426847546228074
119.31183100002818,6,-1.7379657986884425,-1.1312110403100992,-0.6067547583783433,-0.0015159335382438667
123.83947820001049,0,0.23896403617845297,0.22985578341704024,0.009108252761412722,-0.00035473953743228663
123.83951200003503,1,-0.2062816185260062,-0.19498128534947015,-0.01130033317653606,0.00035648393924025994
123.83951800002251,2,-0.4541860089996164,-0.46093318505015235,0.00674717605053593,-0.0004733728186123922
123.8395232000039,3,1.291303314739953,1.3074076792357294,-0.016104364495776347,0.00013039449027548068
123.83952820004197,4,-0.3112005383662225,-0.3700471057881431,0.05884656742192057,-0.0019785055000429977
123.83953240001574,5,0.07244142320490965,0.13351282607273043,-0.061071402867820784,-0.000605914313045505
123.83953800000018,6,-1.8540297680632503,-1.7399505755809388,-0.11407919248231146,0.0005864557769368669
127.02096360002179,0,0.2384088699270862,0.24292362513756846,-0.004514755210482252,-0.14542582205234894
127.02100360003533,1,-0.20260868728254317,-0.20861454983721855,0.00600586255467539,0.27856870233944814
127.02101700002095,2,-0.44958473540067007,-0.45119597971607084,0.0016112443154007727,-0.04823171501347144
127.02102889999514,3,1.2852423453011694,1.2876897439235673,-0.002447398622397845,0.1557838875212224
127.02104050002526,4,-0.2822888824168973,-0.31597610451853353,0.033687222101636216,0.12192339657074888
127.02105239999946,5,0.07677654239379308,0.08664023857764795,-0.009863696183854867,0.37991417950997514
127.02106360002654,6,-1.8303689430976924,-1.8528127176317033,0.02244377453401092,2.2274729927375376
129.9025924000307,0,0.24179589549182365,0.1700883586628171,0.07170753682900655,-0.09327538371209228
129.90262380003696,1,-0.2182280286617493,-0.1298387890687423,-0.08838923959300701,-0.534570228870798
129.90263369999593,2,-0.4886724899321769,-0.44021569508255887,-0.04845679484961801,-0.34238899239687987
129.90264240000397,3,1.337142616574935,1.2714726959524911,0.06566992062244381,0.4295996321128924
129.90265030000592,4,-0.5264754006878273,0.007996712430230132,-0.5344721131180574,-5.023720658702575
129.90265770000406,5,0.0520561632697587,-0.025067808472860633,0.07712397174261933,0.9596617048819316
129.90266490000067,6,-2.068897880797327,-1.6074709817892419,-0.461426899008085,-3.377067894015102
134.15024849999463,0,0.2430022976629547,0.24274810529051347,0.00025419237244123094,-0.004411102436468035
134.15028679999523,1,-0.21484150747338185,-0.21975087584403824,0.004909368370656392,0.00577874865103343
134.15030070004286,2,-0.45971282022461796,-0.4881283164700233,0.028415496245405347,-0.0017869467505958658
134.15031360002467,3,1.2960467147317276,1.3379567080246444,-0.04190999329291678,-0.003398549581552755
134.15032529999735,4,-0.33952232059174753,-0.528206883568569,0.1886845629768215,0.006547113820943694
134.15033570001833,5,0.045088685016250574,0.05688909898556021,-0.011800413969309635,-0.03054565990315844
134.15034660004312,6,-1.92888930724209,-2.0696389058306717,0.1407495985885816,-0.0021716281059966716
137.51256820000708,0,0.243284258488921,0.24392532488579124,-0.0006410663968702546,0.012097122418849365
137.51260419999016,1,-0.2138172520799126,-0.21517803973150293,0.0013607876515903394,-0.0002482915346402299
137.51261710003018,2,-0.45518185371917086,-0.4594114413890813,0.0042295876699104396,-0.019191092674027313
137.51262530003441,3,1.2891303055337098,1.2958538499243426,-0.00672354439063283,0.05757660524740728
137.51263380004093,4,-0.3081841518857003,-0.32733896524965145,0.01915481336395114,0.3870615403546585
137.5126414000406,5,0.04350829885011107,0.04497939767318903,-0.001471098823077957,0.13073463607496866
137.51264910004102,6,-1.9139468538415787,-1.96583096374366,0.051884109902081255,0.20064931725271334
140.45620010001585,0,0.22615845724645078,0.2373308180147838,-0.011172360768333028,0.037743631972484745
140.45622700004606,1,-0.18633252990227894,-0.20757653385022795,0.02124400394794901,-0.10518583232537672
140.4562358999974,2,-0.45468208303219276,-0.43877109677156667,-0.015910986260626092,-0.438357290146805
140.4562433999963,3,1.300816348170682,1.257879447771379,0.04293690039930298,0.5964916208018943
140.4562508999952,4,-0.33281689489354693,-0.29608749198527146,-0.03672940290827548,-2.443390537977998
140.45625760004623,5,0.15922284465688838,0.03448883532345117,0.1247340093334372,-0.08648583976971443
140.45626430003904,6,-1.6682679854042024,-1.6484194147202167,-0.01984857068398571,-4.916027961895674
143.5904810000211,0,0.24705867518290095,0.22403907850428748,0.023019596678613474,0.16740054278826916
143.5905161999981,1,-0.22758055511549627,-0.1842712638219906,-0.043309291293505664,-0.5957855832788074
143.59052960004192,2,-0.4970968531659232,-0.4554949067117639,-0.04160194645415932,0.15682499302729092
143.5905648000189,3,1.3438111644779798,1.3365480383532613,0.007263126124718466,-0.7517926687762467
143.5905766999931,4,-0.5655315704718836,-0.2563507227155211,-0.3091808477563625,-1.2692417625284451
143.5905876000179,5,0.017170259511515185,0.11545426923821385,-0.09828400972669867,-0.5963170917950669
143.59059860004345,6,-2.230128902385034,-1.6626682223911782,-0.5674606799938557,1.169038524447472
148.01400369999465,0,0.2446153448381501,0.24715046775650729,-0.0025351229183571966,-0.00041435575405552146
148.01403760001995,1,-0.21866667473452356,-0.22775927482958933,0.009092600095065767,0.0005222205695048162
148.01404770003865,2,-0.46203865361235164,-0.4971512201623237,0.03511256654997208,0.0002518766292005733
148.01405600004364,3,1.2978619411708128,1.3437754483318163,-0.04591350716100351,-0.0001612691222557516
148.01406390004558,4,-0.3504021939720933,-0.566169103000745,0.21576690902865164,0.0024278455068958574
148.0140723999939,5,0.034162658610831974,0.017190865003761678,0.016971793607070296,-0.0015405768986236263
148.01408009999432,6,-1.9609704627037319,-2.232131187566607,0.2711607248628751,0.0021803419037523006
151.55875770002604,0,0.24350509658985134,0.24520159544712206,-0.0016964988572707174,-0.006774473012429408
151.5587766999961,1,-0.21453903941122315,-0.2188761588353391,0.004337119424115937,0.004432395638488451
151.55878200003644,2,-0.4553118709930303,-0.4619550760023528,0.006643205009322528,0.0019030873134937407
151.5587865000125,3,1.289013746316375,1.2984255207713251,-0.009411774454950006,-0.003257494274950762
151.55879129999084,4,-0.30801203805034816,-0.3421907358476172,0.034178697797269064,-0.10288574579419577
151.55879520002054,5,0.04196990173796559,0.03829268993631347,0.0036772118016521194,-0.014795198369944293
151.55879949999508,6,-1.9176910070276854,-1.964332352046769,0.04664134501908368,0.3508042409137155
154.5688235000125,0,0.22172621067952236,0.22913939914875242,-0.007413188469230059,0.08248437012052219
154.5688674999983,1,-0.18364152900350278,-0.18781567931620033,0.00417415031269755,-0.48083328810637727
154.56887960003223,2,-0.46015188784490235,-0.41372431968225537,-0.04642756816264698,-0.7676808885985831
154.5688882000395,3,1.3104194165949767,1.226511990455601,0.08390742613937574,0.905073560232297
154.56889769999543,4,-0.3692679146320399,-0.20973668355030323,-0.15953123108173667,-5.618431565604744
154.56890650000423,5,0.188676254645224,0.050475680529058584,0.13820057411616543,-0.6145221262035416
154.5689141000039,6,-1.605711325857814,-1.6296970959754669,0.023985770117652905,-4.983388862029055
157.86248210002668,0,0.24923545239156386,0.2238630737848844,0.025372378606679458,-0.05301636469834189
157.86252339999191,1,-0.23257481935216767,-0.19029263139165772,-0.04228218796050995,-0.09948456533082789
157.86253530002432,2,-0.4937355027972418,-0.4607018391695982,-0.033033663627643595,0.36154087372963684
157.86254599998938,3,1.3371141350032218,1.3425458763867444,-0.005431741383522537,-0.7828977248307897
157.86255740001798,4,-0.5378771121157095,-0.28406870184086574,-0.2538084102748438,-2.5386161987415714
157.86256750003668,5,0.0026663997240009177,0.1582757710672872,-0.15560937134328628,0.2093637883755325
157.8625788000063,6,-2.2326382332869015,-1.5618880682585194,-0.670750165028382,0.5691013808469263
162.50597250001738,0,0.24466904386395974,0.24930080515010813,-0.004631761286148395,-2.1366597774364498e-05
162.50601380004082,1,-0.21919950448121336,-0.23271233325085686,0.013512828769643492,7.763943547858386e-05
162.50602560001425,2,-0.46149289290460854,-0.49378952452473807,0.03229663162012952,0.00011326529652429552
162.50603400002,3,1.2968040018270799,1.337043934419272,-0.04023993259219205,-2.801042066504708e-05
162.50604250002652,4,-0.3456571579842329,-0.5384858616834916,0.19282870369925864,0.00012381039076460928
162.50605070003076,5,0.033722898449005605,0.0025852015641346995,0.031137696884870905,0.0014137878419218123
162.50605870003346,6,-1.960028317808551,-2.234901520577398,0.27487320276884697,0.001386706006504551
166.10808000003453,0,0.24315893716343645,0.24536704308114407,-0.00220810591770762,-0.007946736119623182
166.10812320001423,1,-0.21450602599022645,-0.21969152493337551,0.0051854989431490695,0.008404163490308036
166.10813770000823,2,-0.4552853285190841,-0.46125120652697504,0.005965878007890946,0.0017439584420762717
166.10814990004292,3,1.2890721523457596,1.297426164981867,-0.008354012636107466,-0.003098508111794758
166.10816150001483,4,-0.30775909521767353,-0.33932657009425116,0.03156747487657763,-0.0818467463702328
166.10817180003505,5,0.04416487072349331,0.03879710971585573,0.005367761007637577,-0.018404876527652658
166.1081828000024,6,-1.91407367249759,-1.9628986552406023,0.04882498274301228,0.34076544558652233
169.1040134000359,0,0.22517163457396142,0.22498190802795834,0.00018972654600307726,0.12328261192116396
169.1040817000321,1,-0.18784540001402644,-0.18309363582335977,-0.0047517641906666686,-0.5052022642045869
169.1040962000261,2,-0.4580411656189732,-0.4231703020535846,-0.0348708635653886,-0.709481037659893
169.10410960001172,3,1.3056459348647285,1.2397989548653083,0.06584697999942013,0.8184203947438581
169.10412249999354,4,-0.3534965324559664,-0.2274971647391045,-0.1259993677168619,-4.8665426931257425
169.10413380002137,5,0.16519761810321315,0.05876951085998833,0.10642810724322482,-0.9944843145317956
169.10414519999176,6,-1.6606339864482182,-1.6274311584731587,-0.03320282797505958,-5.015068748438648
172.2352829000447,0,0.2414744628138427,0.22922929979485243,0.012245163018990257,-0.10131541845603552
172.23532279999927,1,-0.21200145244139304,-0.1905922320104076,-0.02140922043098545,-0.04073270191116597
172.2353367000469,2,-0.5312045784507425,-0.47333377753521205,-0.057870800915530485,0.7317872973443315
172.23534760001348,3,1.3906385851810246,1.391308495117115,-0.000669909936090507,-1.1879557411338677
172.23535830003675,4,-0.7789216881330182,-0.2150751895483518,-0.5638464985846664,0.2065578069002661
172.23536779999267,5,0.055323329256423616,0.14995100390732538,-0.09462767465090177,-1.3429681472816908
172.2353776000091,6,-2.675350769562724,-1.6337608523115592,-1.041589917251165,1.7909896439254922
177.88164209999377,0,0.24560830498586644,0.2414768288361403,0.004131476149726143,-3.790621314294103e-05
177.88169539999217,1,-0.2245605723659438,-0.21200629118503084,-0.012554281180912952,6.517951800850205e-05
177.88170950004132,2,-0.47379073832835467,-0.5312756755788555,0.0574849372505008,0.00012858399864426842
177.88172160001704,3,1.3131950543603035,1.390540724843003,-0.07734567048269958,1.9516595376780477e-07
177.88173399999505,4,-0.42231423414395985,-0.7796813933375255,0.35736715919356565,0.0013651085350065623
177.8817476000404,5,0.02682571419397096,0.05526239003024619,-0.028436675836275228,0.00016086343604281234
177.8817595000146,6,-2.036938688619013,-2.677780182945086,0.640841494326073,0.0024427288304196973
182.4971838000347,0,0.24274898595260047,0.24561306210627123,-0.0028640761536707637,-0.00012082399703238933
182.49722170003224,1,-0.2148797868661248,-0.22463471153607004,0.009754924669945236,0.0001937165949747739
182.49723209999502,2,-0.4573207207303388,-0.4737231561480444,0.016402435417705585,-0.00030141200298963326
182.4972404,3,1.2923089680540139,1.3131276133572414,-0.020818645303227523,0.00018516995323019194
182.49724890000653,4,-0.3220082039645266,-0.42224859179690144,0.10024038783237482,-0.0019682909910491153
182.49725640000543,5,0.04668354385974423,0.026842681384243307,0.01984086247550092,-0.0004759931132097881
182.49726390000433,6,-1.9175710531317727,-2.0345183915058813,0.11694733837410864,-0.0009102724461890555
185.69425810000394,0,0.23490057919277485,0.24133177131169092,-0.006431192118916074,0.0929088028349866
185.69433510000817,1,-0.2004154679510474,-0.21462821602205875,0.01421274807101136,-0.15890803302785966
185.69434960000217,2,-0.45633945063653836,-0.4521841983288187,-0.004155252307719681,-0.16871369744355322
185.69436260004295,3,1.297594677826196,1.2843037543194198,0.013290923506776187,0.20023574478266545
185.69437260000268,4,-0.333363618416719,-0.3419314568340772,0.008567838417358198,0.10875414585712675
185.69438200001605,5,0.09961779769846581,0.032059696835075424,0.06755810086339038,-0.15241020410641698
185.69444390002172,6,-1.8034562052157546,-1.9264827595855811,0.12302655436982657,-2.3160353079393152
188.97128080000402,0,0.24210020301434754,0.23411686507875765,0.00798333793558989,0.07118893317755605
188.97130969999125,1,-0.21264132995406104,-0.2013033031638834,-0.011338026790177647,-0.2486422610369601
188.9713197000092,2,-0.45688443317479016,-0.4577683165164478,0.0008838833416576208,0.024823977805969705
188.9713277000119,3,1.2925974712019719,1.2996038803900858,-0.0070064091881139046,-0.14137583630858985
188.97133560001384,4,-0.3222536418156321,-0.32808910835950744,0.005835466543875345,-0.952616950094443
188.9713427000097,5,0.05123232562626187,0.08656533302182229,-0.03533300739556042,-0.3151210049649463
188.9713494000025,6,-1.9058409072260942,-1.8110281482617154,-0.0948127589643788,-1.8025459163876647
192.1248467999976,0,0.2397425351423725,0.2527405493278026,-0.01299801418543009,-0.248775921480953
192.1248805000214,1,-0.20409301196434546,-0.22531980415981734,0.021226792195471883,0.43427622823397305
192.1248908000416,2,-0.44667557581331313,-0.4544453239021994,0.0077697480888862525,0.02059107317780651
192.1248991000466,3,1.279535656723173,1.2907524157398045,-0.011216759016631439,0.1737092054496735
192.12490729999263,4,-0.2581816064790541,-0.3358211392850604,0.07763953280600633,0.4179010525338993
192.12491459999,5,0.06797551144285667,0.07388833705911398,-0.005912825616257306,0.7471203532964072
192.12492180004483,6,-1.8391714666543793,-1.9617760972445373,0.12260463059015803,3.377040270466617
195.3417666000314,0,0.23659975195702382,0.2200027798048903,0.016596972152133516,0.4135815066091264
195.34184390003793,1,-0.20704772127970653,-0.19245930706563166,-0.014588414214074863,-0.3540891929566632
195.34186480002245,2,-0.463915084608705,-0.44860326336216705,-0.01531182124653796,-0.018620193467727107
195.34187589999055,3,1.306729443651238,1.2721799589521001,0.03454948469913788,0.06918413229296332
195.3418869000161,4,-0.37831020240628377,-0.265309659040637,-0.11300054336564674,-0.6449519480989817
195.34189889999107,5,0.08730252889461898,-0.004341573396909772,0.09164410229152875,0.09563541262247924
195.34191010001814,6,-1.8559182845721927,-1.8649401374724124,0.009021852900219729,-1.912902149172634
199.26519770000596,0,0.8306722401328678,0.30773110481774435,0.5229411353151234,-0.23158754874752863
199.26523680001264,1,-1.4942427795090005,-0.22099276314358282,-1.2732500163654177,0.06245148489386995
199.26524989999598,2,-1.369740862322879,-0.4544991228140951,-0.915241739508784,0.31595522182545377
199.26526170002762,3,1.3890690681315863,1.3499513448555893,0.03911772327599694,-0.7226902681281343
199.26527269999497,4,-0.796246975516099,-0.33040245884666564,-0.4658445166694334,1.1414147548931521
199.26528420002433,5,0.8696957560252402,0.14273001066393878,0.7269657453613014,-0.786688403341128
199.26529489998939,6,-3.124,-1.8418097799782205,-1.2821902200217796,0.9212901018984065
205.50072180002462,0,0.23800262487524748,0.7446042982484308,-0.5066016733731833,-3.5899962102844776
205.5007656000089,1,-0.2093830567782066,-1.4942828096985863,1.2848997529203796,0.2355472685048669
205.50078000000212,2,-0.4843213210720185,-1.3237694293633728,0.8394481082913543,3.2519154280543643
205.50086600001669,3,1.3349422979226895,1.3897698812020753,-0.05482758327938586,0.20004505757371402
205.50087849999545,4,-0.5101931479600221,-0.7954270949420211,0.285233946981999,0.08496576035228734
205.50088960002176,5,0.07788314787319885,0.8641550374589093,-0.7862718895857105,-0.29284173090501203
205.50090079999063,6,-1.9640354027676334,-3.1242076412531645,1.160172238485531,-0.12139433643852324
211.88176020001993,0,0.24108936906799477,0.23662454123592422,0.004464827832070556,0.0021086220718105854
211.88180830003694,1,-0.21017549736012098,-0.20745457160039046,-0.0027209257597305136,-0.005480157332735819
211.8818221000256,2,-0.4601729838432838,-0.48346922298483774,0.02329623914155393,-0.0029989137644132035
211.8818339999998,3,1.2989158990272978,1.3352263928383916,-0.03631049381109386,0.00010744015938425234
211.8818462000345,4,-0.3495725703096552,-0.5136088830158703,0.16403631270621505,-0.0008536880531987132
211.8818583000102,5,0.05813812300805735,0.0711148885021294,-0.012976765494072041,0.0025577300842245174
211.881869200035,6,-1.9021718362484685,-1.9635406749821724,0.06136883873370391,-0.00495648418854454
215.20084790000692,0,0.2406484605787064,0.24095514587235806,-0.00030668529365165953,-0.005075669159945496
215.2008834000444,1,-0.2073552451497694,-0.2090720800534584,0.0017168349036889852,0.023903002540183085
215.20089390000794,2,-0.4550324027292603,-0.4589051793485499,0.0038727766192895863,-0.05571170421174175
215.2009023000137,3,1.2919099441157338,1.2970993648730114,-0.005189420757277574,0.0824232461050398
215.2009103000164,4,-0.31664149980266243,-0.3491480946560475,0.032506594853385085,0.5494523488522235
215.20091850002063,5,0.061524004792065046,0.05221424816434691,0.009309756627718137,-0.05541192019118273
215.20092550001573,6,-1.8760446638832908,-1.9277453474201756,0.05170068353688473,-0.1822337943925451
218.25826999999117,0,0.23844680142858501,0.2382394967051094,0.00020730472347560425,0.04261103299937552
218.2583072000416,1,-0.20114040288817403,-0.19922805644429456,-0.0019123464438794702,-0.1625778785996011
218.25831330002984,2,-0.44989959658963385,-0.4409561908642926,-0.008943405725341247,-0.35370926643291184
218.25832070002798,3,1.2863016922986532,1.2745764210899868,0.011725271208666399,0.4402626183247671
218.2583258000086,4,-0.2871459116025863,-0.2288382169886106,-0.0583076946139757,-2.997012552837373
218.25833030004287,5,0.07686530700012964,0.10475570677312863,-0.027890399772998994,-1.0738871408191464
218.25833500002045,6,-1.8288689487245804,-1.6004931641589593,-0.22837578456562113,-5.018472612075769
221.80506740004057,0,0.24041949523113515,0.23852374464297574,0.0018957505881594117,0.0005226665750844946
221.80510980001418,1,-0.20547792844841317,-0.20109902897184553,-0.004378899476567638,-0.0031677005952548683
221.8051245000097,2,-0.4523795129871995,-0.44995096339621143,-0.0024285495909880384,-7.785577841826766e-05
221.8051381999976,3,1.2883608834464062,1.286196211124906,0.002164672321500305,0.00011419221115834018
221.8051504000323,4,-0.299904794240141,-0.28911602571672207,-0.010788768523418923,0.02575440442161606
221.80516210000496,5,0.0633773921324163,0.0795209030415539,-0.0161435109091376,-0.03946715425894344
221.8051734000328,6,-1.8628281388653034,-1.8023415641744844,-0.06048657469081897,-0.48221440995461184
224.83396830002312,0,0.24521417479913746,0.24745162018926684,-0.002237445390129378,-0.13559387809970597
224.8340061000199,1,-0.21527613803986326,-0.22179289044225264,0.006516752402389386,0.3342788823512219
224.8340154000325,2,-0.45875829656422923,-0.4565671495577061,-0.0021911470065231198,0.16613382164399668
224.8340227000299,3,1.293792418509233,1.2937916556570015,7.628522316061037e-07,-0.09196133308300916
224.8340302000288,4,-0.3325008555414215,-0.3134232819905972,-0.01907757355082429,0.5070726624677832
224.83403790002922,5,0.031027391506763514,0.02987250286384612,0.0011548886429173962,1.424637135428531
224.83404500002507,6,-1.9489977764918636,-2.073998918922155,0.12500114243029126,4.821068632556754
228.10029480000958,0,0.24233655478854976,0.24407005608810098,-0.0017335012995512156,0.05167795631878729
228.10034040000755,1,-0.20911453655566925,-0.21382013403273417,0.004705597477064921,-0.10734291457612284
228.10035429999698,2,-0.4539717485738475,-0.46003484323043303,0.006063094656585555,0.04055667858391046
228.10036610002862,3,1.289159601543879,1.2925972408269428,-0.0034376392830637315,0.049078744478272644
228.10037759999977,4,-0.306677866126861,-0.33363900519974743,0.026961139072886442,0.15066679745984501
228.10038830002304,5,0.050457225433217845,0.02262757433504733,0.027829651098170514,0.10914867839061937
228.10040230001323,6,-1.893099877308179,-1.9677759179949337,0.0746760406867546,-1.761640222133067
231.16435430001002,0,0.23679598205803712,0.239235369136597,-0.002439387078559868,0.11555951480919695
231.16438750003,1,-0.2030777325805359,-0.20177319901576082,-0.0013045335647750844,-0.31428188511346933
231.16441940004006,2,-0.46053022039292696,-0.4413811508105319,-0.01914906958239504,-0.2825807034175844
231.16442770004505,3,1.3028709938051721,1.2882492013816491,0.014621792423523017,0.09509353027863825
231.16443579999031,4,-0.3607223112007628,-0.28923435371257045,-0.07148795748819237,-0.8404250116012015
231.16444320004666,5,0.08693347940725245,0.09024803651568909,-0.0033145571084366443,-1.5971579728866725
231.16445040004328,6,-1.8407829175710013,-1.7377417259573538,-0.10304119161364755,-4.690240000307496
234.4002124000108,0,0.25545419828340404,0.23513825756189563,0.020315940721508413,-0.0037742280422755382
234.40025030000834,1,-0.22607091786079858,-0.19670564407015065,-0.029365273790647933,0.09026971693660397
234.40026399999624,2,-0.43889865993204913,-0.4890278585571877,0.050129198625138593,0.46544860228504525
234.40027179999743,3,1.2518741462212062,1.3037662715337204,-0.05189212531251419,-0.2641603975089093
234.40028020000318,4,-0.15379285180494273,-0.33312681963608887,0.17933396783114613,0.6218826714062211
234.40028810000513,5,-0.03536667259596107,0.08345077878682845,-0.11881745138278951,0.5192393289377281
234.40029530000174,6,-1.9692203700719475,-1.886724760833537,-0.0824956092384106,3.333984626004228
237.89037810004083,0,0.23424127782962748,0.256384873751637,-0.022143595922009512,-0.03522945859040363
237.89042740000878,1,-0.2045094996599385,-0.22730732716401536,0.022797827504076856,0.05916051137825116
237.89043840003433,2,-0.4859933471597828,-0.4153655376362804,-0.0706278095235024,-0.5191540459440314
237.8904482999933,3,1.3394709246817138,1.2588757935984327,0.08059513108328109,0.03691697278917967
237.8904545000405,4,-0.5250973281334536,-0.14600660515946157,-0.379090722973992,1.094855954627625
237.89046060002875,5,0.10288622747575968,-0.04183455337881388,0.14472078085457357,-0.44008635185143297
237.89046620001318,6,-1.8969936872073465,-1.9441451135189407,0.04715142631159419,-0.27844601605595504
241.99582539999392,0,0.2412251309638639,0.2345774658974766,0.006647665066387282,-0.008722882015842924
241.99590919999173,1,-0.20929076223109092,-0.20481607270134936,-0.00447468952974156,0.020483991824749206
241.99592410004698,2,-0.45764623012174865,-0.48587662278267846,0.028230392660929804,-0.012312804965688996
241.99593500001356,3,1.2952397097688826,1.3400230266892412,-0.04478331692035864,-0.013112660535753788
241.99594660004368,4,-0.3328896648516903,-0.5244264371850063,0.19153677233331595,0.05878833269088642
241.99595710000722,5,0.05746134510948888,0.10586306969933482,-0.048401724589845936,-0.04461086142458661
241.99596999998903,6,-1.8936696366551364,-1.897141681614948,0.003472044959811571,0.003449029877372471
244.9548243000172,0,0.24298279158459546,0.24118339544723544,0.001799396137360021,0.0015145649869939878
244.95485390000977,1,-0.2111616102141914,-0.2073319784384078,-0.0038296317757835763,0.004842923736831575
244.9548594999942,2,-0.45446753099757964,-0.4575333921863417,0.0030658611887620646,-0.03130663360977026
244.95486410002923,3,1.2890433314069034,1.2948799732572707,-0.005836641850367252,0.04479486559942118
244.9548688000068,4,-0.30721477444392936,-0.3186554166436139,0.011440642199684548,0.40392441488539077
244.9548730000388,5,0.04594677400046508,0.05521094862328742,-0.009264174622822335,-0.0020203837504119563
244.95487700001104,6,-1.904465785286092,-1.8998779603153448,-0.0045878249707471674,0.013099743755434863
247.3242021999904,0,0.20476739751868678,0.31796805087051283,-0.11320065335182605,-0.25111784272941584
247.32423520000884,1,-0.21276191042302636,-0.37776837773699384,0.16500646731396748,-0.17795746753562075
247.3242444000207,2,-0.5277261053501591,-0.3221952666271058,-0.20553083872305328,0.0286629531686148
247.32424909999827,3,1.392112027246633,1.0405157391576598,0.35159628808897314,0.26164919499519634
247.32425400003558,4,-0.7303703640839273,0.13258479633620618,-0.8629551604201335,-5.161497679889255
247.32425830001011,5,0.29228215692905074,-0.31152918451969586,0.6038113414487466,3.5585621648685293
247.32426260004286,6,-1.038521769594436,-2.1073399624989886,1.0688181929045526,-0.416227584013781
251.96212939999532,0,0.2287322725926287,0.2045730198146877,0.02415925277794101,0.0004352590487216045
251.96216920000734,1,-0.1934137311366993,-0.2122200609201553,0.018806329783456005,-0.0007789062153901167
251.96217640000395,2,-0.4628406483196802,-0.5278744612816809,0.06503381296200073,0.0007947338505151998
251.9621815000428,3,1.3108542450492224,1.3923661110254497,-0.08151186597622728,-0.001456554439364244
251.96218660002341,4,-0.383845421392967,-0.7294421987285375,0.34559677733557054,0.003084714679258709
251.96219109999947,5,0.1408042119426308,0.2921374628382348,-0.15133325089560398,-0.0025242819055047547
251.96219560003374,6,-1.7224542415203297,-1.0369480208031585,-0.6855062207171712,-0.00462388984580041
255.77439750003396,0,0.2389414731917756,0.22874897797813312,0.010192495213642488,-0.00016995142414596916
255.77443029999267,1,-0.20451642243438778,-0.19343316852295445,-0.011083253911433333,-2.4205606052708862e-05
255.77443829999538,2,-0.45404246743852206,-0.462772904014509,0.008730436575986933,-0.00034382928830859274
255.77444340003422,3,1.2917181776786024,1.3107931023237573,-0.019074924645154923,0.0003411424238255091
255.77444830001332,4,-0.31298256803699936,-0.3838505102106913,0.07086794217369191,-0.002066435664298283
255.77445309999166,5,0.0729696541265004,0.1407820207056351,-0.06781236657913471,0.0004335420228084628
255.77445850003278,6,-1.850269023647027,-1.7246188658117845,-0.12565015783524247,0.0029375539705143432
258.42821909999475,0,0.23892627231863384,0.24118884985889708,-0.0022625775402632387,-0.11330897074703061
258.4282622000319,1,-0.2021993162955694,-0.20394332767269333,0.001744011377123933,0.19928543319713532
258.42826880002394,2,-0.45023765614489325,-0.451460509909576,0.0012228537646827298,-0.0523938665100226
258.42827390000457,3,1.2863736477500365,1.289184834755443,-0.0028111870054066124,0.11683369431058105
258.42827890004264,4,-0.2882850613010345,-0.31625762720685896,0.027972565905824476,0.25554955342306307
258.42828300001565,5,0.0735784017190113,0.08733978703332959,-0.013761385314318295,0.084314825581224
258.42828970000846,6,-1.836402912500659,-1.827577546567677,-0.008825365932981999,1.5757321294170286
260.8520764000132,0,0.2423202786072913,0.19703535754666496,0.04528492106062634,-0.07692998029068075
260.85209980001673,1,-0.2175398879291274,-0.17786276462825354,-0.03967712330087386,-0.21366388237989012
260.85210570000345,2,-0.48910624297472444,-0.4396547269938575,-0.049451515980866945,-0.3767162052260594
260.8521103000385,3,1.33779353212044,1.2567809125520695,0.08101261956837047,0.6741083879000941
260.85211630002595,4,-0.5302374717102505,0.03822080100198032,-0.5684582727122308,-5.900895407595839
260.8521204999997,5,0.04887452596027887,-0.11324891495070792,0.1621234409109868,1.892963760078814
260.8521244000294,6,-2.0789551415161727,-1.9820004271882135,-0.09695471432795921,0.7022075173703588
264.4119096000213,0,0.243317131462004,0.24280935317146607,0.0005077782905379413,-0.0030644327439407894
264.41194030002225,1,-0.21383047736172964,-0.21826424954030021,0.0044337721785705775,0.004588378687264806
264.4119506000425,2,-0.4595217465303395,-0.48884774578190676,0.02932599925156726,-0.0017362454418178405
264.41195870004594,3,1.2960320772554978,1.3382487148037483,-0.042216637548250446,-0.003278544043638935
264.4119667999912,4,-0.3398831016412157,-0.5315445045398695,0.19166140289865374,0.005292811625167326
264.41197370004375,5,0.043297412268733806,0.05153705982326336,-0.008239647554529557,-0.01774519334704426
264.4119808000396,6,-1.9299723744526165,-2.078943516889461,0.14897114243684473,-0.004089938735570965
267.22537070000544,0,0.24354980270180507,0.24418999002716435,-0.0006401873253592816,0.009226358658738415
267.22539840004174,1,-0.2127526866790262,-0.21413370953164826,0.0013810228526220658,0.005380628703834617
267.22540590004064,2,-0.455063306369687,-0.4592553526533347,0.004192046283647721,-0.02294719143660657
267.22541080001974,3,1.2892684274200075,1.2958113216645373,-0.006542894244529807,0.0513513874447191
267.22541519999504,4,-0.3091699751950126,-0.3274993496163366,0.018329374421323985,0.3807605844264846
267.2257467000163,5,0.04204051166559605,0.042526541103580215,-0.00048602943798416176,0.12398318852117246
267.22576370002935,6,-1.9146156097543903,-1.968151057703416,0.05353544794902576,0.2072741295931835
269.93752420000965,0,0.2268419446315641,0.23791806838674323,-0.011076123755179135,0.04005055024906472
269.93756350001786,1,-0.1856211427318839,-0.20663179871924073,0.021010655987356824,-0.10361853634296501
269.93757020001067,2,-0.4541536514529069,-0.43957229298974215,-0.014581358463164773,-0.4127323891538521
269.9375748000457,3,1.3001673400340132,1.2605883592012785,0.0395789808327347,0.5580512246227276
269.9375805000309,4,-0.3309506701703559,-0.3004702690170322,-0.030480401153323677,-2.2062342864278066
269.9375851000077,5,0.15499904274869694,0.03778647026279202,0.11721257248590491,-0.18150507501283356
269.9375893000397,6,-1.6743267890323865,-1.6497657637211078,-0.024561025311278684,-4.9078938304861754
272.61599359998945,0,0.247547644125269,0.22293476453511718,0.02461287959015182,0.19700979682899156
272.616025299998,1,-0.22681284495581008,-0.1784690906151047,-0.0483437543407054,-0.6940711650089026
272.61603170004673,2,-0.49866451800294187,-0.4558686361450688,-0.042795881857873086,0.1752562629810094
272.6160369000281,3,1.3459160734123945,1.3385936505030904,0.007322422909304072,-0.7958796516691744
272.61604200000875,4,-0.5760037586523028,-0.2485422509200842,-0.3274615077322186,-1.1157758435270904
272.616046500043,5,0.014223675606706248,0.11009488496510071,-0.09587120935839447,-0.8352772008842019
272.6160507000168,6,-2.2516842448752423,-1.6753437368459305,-0.5763405080293118,1.3029963064342376
