time,joint,desired_position,actual_position,position_error,actual_velocity,additional_info,target_position
0.18702670000493526,0,0.18932626531187371,0.0,0.18932626531187371,0.0,"(-0.03909897059202194, 4.086789131164551, 0.9504156708717346)","[-0.031075849041457437, 4.080337487939163, 0.9448178635278326]"
0.18706839997321367,1,-0.2070018510414397,0.0,-0.2070018510414397,0.0,"(-0.03909897059202194, 4.086789131164551, 0.9504156708717346)","[-0.031075849041457437, 4.080337487939163, 0.9448178635278326]"
0.18708379997406155,2,-0.535233707684131,0.0,-0.535233707684131,0.0,"(-0.03909897059202194, 4.086789131164551, 0.9504156708717346)","[-0.031075849041457437, 4.080337487939163, 0.9448178635278326]"
0.18709749996196479,3,1.4010694647434077,0.0,1.4010694647434077,0.0,"(-0.03909897059202194, 4.086789131164551, 0.9504156708717346)","[-0.031075849041457437, 4.080337487939163, 0.9448178635278326]"
0.18710979993920773,4,-0.7521188573332915,0.0,-0.7521188573332915,0.0,"(-0.03909897059202194, 4.086789131164551, 0.9504156708717346)","[-0.031075849041457437, 4.080337487939163, 0.9448178635278326]"
0.18712140002753586,5,0.39875853104148307,0.0,0.39875853104148307,0.0,"(-0.03909897059202194, 4.086789131164551, 0.9504156708717346)","[-0.031075849041457437, 4.080337487939163, 0.9448178635278326]"
0.18713279999792576,6,-0.5332401066009346,0.0,-0.5332401066009346,0.0,"(-0.03909897059202194, 4.086789131164551, 0.9504156708717346)","[-0.031075849041457437, 4.080337487939163, 0.9448178635278326]"
0.3086761999875307,0,0.22056480520777735,0.19013941156367628,0.030425393644101073,-0.0007276537234438214,"(-0.03120739758014679, 4.0802001953125, 0.9450073838233948)","[-0.031075849041457437, 4.080337487939163, 0.9448178635278326]"
0.3087216999847442,1,-0.22214087706674546,-0.20796009537804797,-0.014180781688697491,0.00032665603361205507,"(-0.03120739758014679, 4.0802001953125, 0.9450073838233948)","[-0.031075849041457437, 4.080337487939163, 0.9448178635278326]"
0.3087377999909222,2,-0.47315900321628285,-0.5349238723690342,0.06176486915275131,0.001193157892712958,"(-0.03120739758014679, 4.0802001953125, 0.9450073838233948)","[-0.031075849041457437, 4.080337487939163, 0.9448178635278326]"
0.308751399978064,3,1.3181584121545922,1.402783463499298,-0.08462505134470577,-0.00397477561431182,"(-0.03120739758014679, 4.0802001953125, 0.9450073838233948)","[-0.031075849041457437, 4.080337487939163, 0.9448178635278326]"
0.30876469996292144,4,-0.4054496937926175,-0.7482637683527339,0.34281407456011637,-0.0031149146971224764,"(-0.03120739758014679, 4.0802001953125, 0.9450073838233948)","[-0.031075849041457437, 4.080337487939163, 0.9448178635278326]"
0.308777799946256,5,0.18661904312623515,0.40228242882541054,-0.2156633856991754,0.00039760060348188546,"(-0.03120739758014679, 4.0802001953125, 0.9450073838233948)","[-0.031075849041457437, 4.080337487939163, 0.9448178635278326]"
0.3087910999311134,6,-1.6971156967733747,-0.5336565591415731,-1.1634591376318015,0.003542080585495911,"(-0.03120739758014679, 4.0802001953125, 0.9450073838233948)","[-0.031075849041457437, 4.080337487939163, 0.9448178635278326]"
0.38764870003797114,0,0.23646144533931274,0.22059645092747554,0.015864994411837197,-8.680281423490999e-05,"(-0.03137395903468132, 4.0800371170043945, 0.9448973536491394)","[-0.031075849041457437, 4.080337487939163, 0.9448178635278326]"
0.3877433999441564,1,-0.21392448369942485,-0.22222139267084612,0.008296908971421268,9.39351500496723e-05,"(-0.03137395903468132, 4.0800371170043945, 0.9448973536491394)","[-0.031075849041457437, 4.080337487939163, 0.9448178635278326]"
0.3877632999792695,2,-0.4563956253855761,-0.4731183764246595,0.016722751039083383,-0.00016743082668786656,"(-0.03137395903468132, 4.0800371170043945, 0.9448973536491394)","[-0.031075849041457437, 4.080337487939163, 0.9448178635278326]"
0.38777819997631013,3,1.2926088541791068,1.318135593317593,-0.025526739138486132,0.00023651036380434754,"(-0.03137395903468132, 4.0800371170043945, 0.9448973536491394)","[-0.031075849041457437, 4.080337487939163, 0.9448178635278326]"
0.38779269997030497,4,-0.3136424288769648,-0.4055329792159575,0.09189055033899268,-0.000821899601529202,"(-0.03137395903468132, 4.0800371170043945, 0.9448973536491394)","[-0.031075849041457437, 4.080337487939163, 0.9448178635278326]"
0.3878061999566853,5,0.08671471687478093,0.1865861881717718,-0.09987147129699088,0.0006193597690544793,"(-0.03137395903468132, 4.0800371170043945, 0.9448973536491394)","[-0.031075849041457437, 4.080337487939163, 0.9448178635278326]"
0.3878205999499187,6,-1.8468280838857047,-1.699170561920796,-0.14765752196490878,0.004439137219198636,"(-0.03137395903468132, 4.0800371170043945, 0.9448973536491394)","[-0.031075849041457437, 4.080337487939163, 0.9448178635278326]"
0.4516941999318078,0,0.23941376116115803,0.23655039038061088,0.0028633707805471587,-0.0003292062385777794,"(-0.0314597524702549, 4.080224990844727, 0.94496089220047)","[-0.031075849041457437, 4.080337487939163, 0.9448178635278326]"
0.4517344000050798,1,-0.21585677186256227,-0.21398658240430798,-0.00187018945825429,-8.861605921447285e-05,"(-0.0314597524702549, 4.080224990844727, 0.94496089220047)","[-0.031075849041457437, 4.080337487939163, 0.9448178635278326]"
0.4517551999306306,2,-0.4552953116468054,-0.45634339346487945,0.0010480818180740314,-0.0002974569358013266,"(-0.0314597524702549, 4.080224990844727, 0.94496089220047)","[-0.031075849041457437, 4.080337487939163, 0.9448178635278326]"
0.45179710001684725,3,1.2894929801291706,1.2925324602597112,-0.0030394801305406727,0.00046119196891296425,"(-0.0314597524702549, 4.080224990844727, 0.94496089220047)","[-0.031075849041457437, 4.080337487939163, 0.9448178635278326]"
0.4518187999492511,4,-0.30404013682813574,-0.31372480537323416,0.009684668545098418,-0.0015427250253674555,"(-0.0314597524702549, 4.080224990844727, 0.94496089220047)","[-0.031075849041457437, 4.080337487939163, 0.9448178635278326]"
0.451843100017868,5,0.06759521106704461,0.08668477787289833,-0.01908956680585372,0.0017023612986122505,"(-0.0314597524702549, 4.080224990844727, 0.94496089220047)","[-0.031075849041457437, 4.080337487939163, 0.9448178635278326]"
0.45186319993808866,6,-1.878126799153492,-1.8487586702796008,-0.029368128873891175,0.003051948921672059,"(-0.0314597524702549, 4.080224990844727, 0.94496089220047)","[-0.031075849041457437, 4.080337487939163, 0.9448178635278326]"
0.5179397999309003,0,0.2399207009068481,0.2395183617324407,0.00040233917440740674,0.0003986792264242909,"(-0.031044818460941315, 4.0803446769714355, 0.944805383682251)","[-0.031075849041457437, 4.080337487939163, 0.9448178635278326]"
0.5179791999980807,1,-0.2167035704969881,-0.21603875467174327,-0.00066481582524483,-0.0009288340040796582,"(-0.031044818460941315, 4.0803446769714355, 0.944805383682251)","[-0.031075849041457437, 4.080337487939163, 0.9448178635278326]"
0.5179961000103503,2,-0.45538296045447607,-0.45528373179236925,-9.922866210682058e-05,0.00017687555039091256,"(-0.031044818460941315, 4.0803446769714355, 0.944805383682251)","[-0.031075849041457437, 4.080337487939163, 0.9448178635278326]"
0.5180122000165284,3,1.2892061478972652,1.2894643079992791,-0.0002581601020139601,0.0004408793371652726,"(-0.031044818460941315, 4.0803446769714355, 0.944805383682251)","[-0.031075849041457437, 4.080337487939163, 0.9448178635278326]"
0.5180261000059545,4,-0.3035438323071226,-0.3040719177523342,0.0005280854452116013,-0.0011383166078009115,"(-0.031044818460941315, 4.0803446769714355, 0.944805383682251)","[-0.031075849041457437, 4.080337487939163, 0.9448178635278326]"
0.5180392999900505,5,0.06421617464134943,0.06751174243027938,-0.0032955677889299484,0.003629819655941644,"(-0.031044818460941315, 4.0803446769714355, 0.944805383682251)","[-0.031075849041457437, 4.080337487939163, 0.9448178635278326]"
0.5180537999840453,6,-1.8849620299640142,-1.8795509944407682,-0.005411035523245955,-0.0025884883122462773,"(-0.031044818460941315, 4.0803446769714355, 0.944805383682251)","[-0.031075849041457437, 4.080337487939163, 0.9448178635278326]"
0.5812722999835387,0,0.24000438326220852,0.2399414056528755,6.297760933302032e-05,0.0008824838486878545,"(-0.03110027126967907, 4.080322742462158, 0.9448264837265015)","[-0.031075849041457437, 4.080337487939163, 0.9448178635278326]"
0.5813427999382839,1,-0.21696248009477673,-0.21675462211558408,-0.00020785797919264937,-0.0022242169826723066,"(-0.03110027126967907, 4.080322742462158, 0.9448264837265015)","[-0.031075849041457437, 4.080337487939163, 0.9448178635278326]"
0.581361599965021,2,-0.4554656741831115,-0.455393134231003,-7.253995210848574e-05,-0.00015325479899049613,"(-0.03110027126967907, 4.080322742462158, 0.9448264837265015)","[-0.031075849041457437, 4.080337487939163, 0.9448178635278326]"
0.5813779999734834,3,1.2892252900200885,1.28919428569917,3.1004320918404105e-05,-0.00014907595241564413,"(-0.03110027126967907, 4.080322742462158, 0.9448264837265015)","[-0.031075849041457437, 4.080337487939163, 0.9448178635278326]"
0.5813993000192568,4,-0.30377221514908087,-0.30352509970766023,-0.00024711544142064223,-0.0005690969699946446,"(-0.03110027126967907, 4.080322742462158, 0.9448264837265015)","[-0.031075849041457437, 4.080337487939163, 0.9448178635278326]"
0.5814142000162974,5,0.0636351769038282,0.06404909943633587,-0.00041392253250767397,-0.0015554315825301356,"(-0.03110027126967907, 4.080322742462158, 0.9448264837265015)","[-0.031075849041457437, 4.080337487939163, 0.9448178635278326]"
0.5814274000003934,6,-1.886485081692905,-1.8853306077694822,-0.0011544739234228274,-0.015150114586974545,"(-0.03110027126967907, 4.080322742462158, 0.9448264837265015)","[-0.031075849041457437, 4.080337487939163, 0.9448178635278326]"
0.6509845999535173,0,0.24001727656380753,0.2400116362849153,5.640278892243833e-06,0.0007466689504352239,"(-0.031131580471992493, 4.080332279205322, 0.9448482990264893)","[-0.031075849041457437, 4.080337487939163, 0.9448178635278326]"
0.6510221000062302,1,-0.2169935925008765,-0.21697923359271928,-1.4358908157208194e-05,-0.0020125643214776705,"(-0.031131580471992493, 4.080332279205322, 0.9448482990264893)","[-0.031075849041457437, 4.080337487939163, 0.9448178635278326]"
0.6510402000276372,2,-0.45547383129594365,-0.4554672756396439,-6.555656299755963e-06,-0.0002384836102863478,"(-0.031131580471992493, 4.080332279205322, 0.9448482990264893)","[-0.031075849041457437, 4.080337487939163, 0.9448178635278326]"
0.6510621999623254,3,1.2892240191397784,1.2892260463128251,-2.0271730467591453e-06,-7.731415500470942e-05,"(-0.031131580471992493, 4.080332279205322, 0.9448482990264893)","[-0.031075849041457437, 4.080337487939163, 0.9448178635278326]"
0.651077099959366,4,-0.3037876174901181,-0.30379359156489066,5.9740747725411936e-06,0.00018218322860781447,"(-0.031131580471992493, 4.080332279205322, 0.9448482990264893)","[-0.031075849041457437, 4.080337487939163, 0.9448178635278326]"
0.6510918999556452,5,0.06354741136104324,0.06363707377543257,-8.966241438933265e-05,-0.0030092382985457875,"(-0.031131580471992493, 4.080332279205322, 0.9448482990264893)","[-0.031075849041457437, 4.080337487939163, 0.9448178635278326]"
0.6511050999397412,6,-1.8866916162846126,-1.8865964935558421,-9.512272877043593e-05,-0.01154046522895631,"(-0.031131580471992493, 4.080332279205322, 0.9448482990264893)","[-0.031075849041457437, 4.080337487939163, 0.9448178635278326]"
0.7223002000246197,0,0.24002085324460715,0.2400265464801345,-5.6932355273486834e-06,0.0004463400842472678,"(-0.031142236664891243, 4.08034086227417, 0.9448590278625488)","[-0.031075849041457437, 4.080337487939163, 0.9448178635278326]"
0.7223373999586329,1,-0.21700399384833596,-0.21701356650682596,9.572658489997998e-06,-0.001027058748576101,"(-0.031142236664891243, 4.08034086227417, 0.9448590278625488)","[-0.031075849041457437, 4.080337487939163, 0.9448178635278326]"
0.7223533999640495,2,-0.45547737655307513,-0.455471822856902,-5.553696173110634e-06,-0.00011283846598413177,"(-0.031142236664891243, 4.08034086227417, 0.9448590278625488)","[-0.031075849041457437, 4.080337487939163, 0.9448178635278326]"
0.7223686999641359,3,1.2892250948892496,1.2892263895912974,-1.2947020477938054e-06,1.6683785963960093e-05,"(-0.031142236664891243, 4.08034086227417, 0.9448590278625488)","[-0.031075849041457437, 4.080337487939163, 0.9448178635278326]"
0.7223837999626994,4,-0.303798527911889,-0.30379403690154955,-4.491010339446877e-06,0.00024015536624662323,"(-0.031142236664891243, 4.08034086227417, 0.9448590278625488)","[-0.031075849041457437, 4.080337487939163, 0.9448178635278326]"
0.7223978999536484,5,0.06352271566929822,0.06356826779259699,-4.5552123298764347e-05,-0.0020858475924894933,"(-0.031142236664891243, 4.08034086227417, 0.9448590278625488)","[-0.031075849041457437, 4.080337487939163, 0.9448178635278326]"
0.7224165999796242,6,-1.8867556665600342,-1.8867888987317745,3.32321717402273e-05,-0.0054191940053259155,"(-0.031142236664891243, 4.08034086227417, 0.9448590278625488)","[-0.031075849041457437, 4.080337487939163, 0.9448178635278326]"
0.7874501999467611,0,0.24002227472371365,0.2400306133238916,-8.33860017795951e-06,9.278380531606777e-05,"(-0.03113403730094433, 4.080346584320068, 0.9448577761650085)","[-0.031075849041457437, 4.080337487939163, 0.9448178635278326]"
0.7875048000132665,1,-0.21700976297116403,-0.21702358969156796,1.3826720403925519e-05,-0.00020761830006913178,"(-0.03113403730094433, 4.080346584320068, 0.9448577761650085)","[-0.031075849041457437, 4.080337487939163, 0.9448178635278326]"
0.787531099980697,2,-0.45548004629847194,-0.4554742549442794,-5.791354192541398e-06,-5.008204103029555e-05,"(-0.03113403730094433, 4.080346584320068, 0.9448577761650085)","[-0.031075849041457437, 4.080337487939163, 0.9448178635278326]"
0.7875528000295162,3,1.2892269659278255,1.28922914342065,-2.1774928244955305e-06,7.148094275158593e-05,"(-0.03113403730094433, 4.080346584320068, 0.9448577761650085)","[-0.031075849041457437, 4.080337487939163, 0.9448178635278326]"
0.7875731999520212,4,-0.30380956597377934,-0.3037988694509094,-1.0696522869946268e-05,0.00011424278931573703,"(-0.03113403730094433, 4.080346584320068, 0.9448577761650085)","[-0.031075849041457437, 4.080337487939163, 0.9448178635278326]"
0.7876602000324056,5,0.06351257808855931,0.06354537061219757,-3.279252363826146e-05,-0.0007883156785264494,"(-0.03113403730094433, 4.080346584320068, 0.9448577761650085)","[-0.031075849041457437, 4.080337487939163, 0.9448178635278326]"
0.7877014999976382,6,-1.886787598484444,-1.8868310450730943,4.344658865029771e-05,-0.0005874615899585977,"(-0.03113403730094433, 4.080346584320068, 0.9448577761650085)","[-0.031075849041457437, 4.080337487939163, 0.9448178635278326]"
0.8492928999476135,0,0.2400225920288293,0.2400290421185121,-6.450089682780158e-06,-0.00010957984451888171,"(-0.031114092096686363, 4.080347537994385, 0.9448473453521729)","[-0.031075849041457437, 4.080337487939163, 0.9448178635278326]"
0.8493272999767214,1,-0.2170124340292567,-0.2170220428774603,9.608848203584985e-06,0.00020680266258996,"(-0.031114092096686363, 4.080347537994385, 0.9448473453521729)","[-0.031075849041457437, 4.080337487939163, 0.9448178635278326]"
0.8493430999806151,2,-0.4554817775681256,-0.45547654467419996,-5.232893925621873e-06,-6.733594411195958e-05,"(-0.031114092096686363, 4.080347537994385, 0.9448473453521729)","[-0.031075849041457437, 4.080337487939163, 0.9448178635278326]"
0.8493580999784172,3,1.2892287165417335,1.2892315672984316,-2.8507566980362498e-06,1.8064568002133428e-05,"(-0.031114092096686363, 4.080347537994385, 0.9448473453521729)","[-0.031075849041457437, 4.080337487939163, 0.9448178635278326]"
0.8493717999663204,4,-0.30381821298745065,-0.30380574801273447,-1.2464974716186461e-05,2.7988334030016324e-05,"(-0.031114092096686363, 4.080347537994385, 0.9448473453521729)","[-0.031075849041457437, 4.080337487939163, 0.9448178635278326]"
0.8493853999534622,5,0.06351004207004143,0.06353645275516748,-2.641068512604372e-05,-0.0005723428069097278,"(-0.031114092096686363, 4.080347537994385, 0.9448473453521729)","[-0.031075849041457437, 4.080337487939163, 0.9448178635278326]"
0.8493993999436498,6,-1.8868004152710145,-1.886813378063697,1.2962792682591484e-05,0.0011924017138034671,"(-0.031114092096686363, 4.080347537994385, 0.9448473453521729)","[-0.031075849041457437, 4.080337487939163, 0.9448178635278326]"
0.9077004999853671,0,0.2400224105921383,0.24002587024550998,-3.4596533716735323e-06,-0.00019112412293233774,"(-0.031093338504433632, 4.080345630645752, 0.9448348879814148)","[-0.031075849041457437, 4.080337487939163, 0.9448178635278326]"
0.9078241999959573,1,-0.21701287221046964,-0.2170176034366989,4.731226229265362e-06,0.0003119141881690906,"(-0.031093338504433632, 4.080345630645752, 0.9448348879814148)","[-0.031075849041457437, 4.080337487939163, 0.9448178635278326]"
0.9078450000379235,2,-0.4554823895380879,-0.45547917480875405,-3.2147293338447014e-06,-0.00013624650465804178,"(-0.031093338504433632, 4.080345630645752, 0.9448348879814148)","[-0.031075849041457437, 4.080337487939163, 0.9448178635278326]"
0.9078598000342026,3,1.2892295912381446,1.289232229397734,-2.638159589452016e-06,-4.012662979855042e-05,"(-0.031093338504433632, 4.080345630645752, 0.9448348879814148)","[-0.031075849041457437, 4.080337487939163, 0.9448178635278326]"
0.9078743000281975,4,-0.3038219701236868,-0.3038130013250824,-8.968798604402917e-06,-0.00019654128023939294,"(-0.031093338504433632, 4.080345630645752, 0.9448348879814148)","[-0.031075849041457437, 4.080337487939163, 0.9448178635278326]"
0.9078884000191465,5,0.06351110412301005,0.06352651053989353,-1.5406416883481655e-05,-0.0008295070747239452,"(-0.031093338504433632, 4.080345630645752, 0.9448348879814148)","[-0.031075849041457437, 4.080337487939163, 0.9448178635278326]"
0.907901500002481,6,-1.8868011353470917,-1.8867938315842583,-7.303762833421601e-06,0.0010279663460698995,"(-0.031093338504433632, 4.080345630645752, 0.9448348879814148)","[-0.031075849041457437, 4.080337487939163, 0.9448178635278326]"
0.9687688000267372,0,0.24002209686026624,0.24002326836233778,-1.1715020715452606e-06,-0.00020439443571583973,"(-0.031071698293089867, 4.0803422927856445, 0.944820761680603)","[-0.031075849041457437, 4.080337487939163, 0.9448178635278326]"
0.9688145000254735,1,-0.21701234631886085,-0.21701392662387076,1.5803050099072458e-06,0.0002999677899140992,"(-0.031071698293089867, 4.0803422927856445, 0.944820761680603)","[-0.031075849041457437, 4.080337487939163, 0.9448178635278326]"
0.9688348999479786,2,-0.4554823152973137,-0.45548129109109114,-1.0242062225551685e-06,-0.00016399232520720346,"(-0.031071698293089867, 4.0803422927856445, 0.944820761680603)","[-0.031075849041457437, 4.080337487939163, 0.9448178635278326]"
0.9688525999663398,3,1.2892297386225564,1.2892314058990075,-1.6672764511227456e-06,-0.00010446145719539496,"(-0.031071698293089867, 4.0803422927856445, 0.944820761680603)","[-0.031075849041457437, 4.080337487939163, 0.9448178635278326]"
0.9688684999709949,4,-0.3038221405472268,-0.3038172641016656,-4.876445561186049e-06,-0.0002721436023045085,"(-0.031071698293089867, 4.0803422927856445, 0.944820761680603)","[-0.031075849041457437, 4.080337487939163, 0.9448178635278326]"
0.9688886000076309,5,0.0635131939943987,0.06351561816015004,-2.424165751344076e-06,-0.0009694548399974384,"(-0.031071698293089867, 4.0803422927856445, 0.944820761680603)","[-0.031075849041457437, 4.080337487939163, 0.9448178635278326]"
0.9689027999993414,6,-1.886796860464668,-1.8867869857524677,-9.874712200375058e-06,0.00032853848515832483,"(-0.031071698293089867, 4.0803422927856445, 0.944820761680603)","[-0.031075849041457437, 4.080337487939163, 0.9448178635278326]"
1.0283954000333324,0,0.2400218180272045,0.2400210465093806,7.715178238776321e-07,-0.00016673523414641457,"(-0.03105468675494194, 4.080338001251221, 0.9448087215423584)","[-0.031075849041457437, 4.080337487939163, 0.9448178635278326]"
1.0284359999932349,1,-0.21701156621088677,-0.21701061022427173,-9.55986615036597e-07,0.00024905656819321133,"(-0.03105468675494194, 4.080338001251221, 0.9448087215423584)","[-0.031075849041457437, 4.080337487939163, 0.9448178635278326]"
1.028452099999413,2,-0.45548185811508957,-0.4554828997304339,1.0416153443104648e-06,-0.0001204568330187621,"(-0.03105468675494194, 4.080338001251221, 0.9448087215423584)","[-0.031075849041457437, 4.080337487939163, 0.9448178635278326]"
1.0284663999918848,3,1.2892293497410614,1.2892295440656276,-1.9432456621615302e-07,-0.00015642752342567403,"(-0.03105468675494194, 4.080338001251221, 0.9448087215423584)","[-0.031075849041457437, 4.080337487939163, 0.9448178635278326]"
1.02848229999654,4,-0.3038198906496727,-0.3038189026988748,-9.879507978927116e-07,-0.00013361038237106124,"(-0.03105468675494194, 4.080338001251221, 0.9448087215423584)","[-0.031075849041457437, 4.080337487939163, 0.9448178635278326]"
1.0285007000202313,5,0.06351511313510975,0.06350482690755957,1.0286227550185267e-05,-0.0008054424124656136,"(-0.03105468675494194, 4.080338001251221, 0.9448087215423584)","[-0.031075849041457437, 4.080337487939163, 0.9448178635278326]"
1.0285201999358833,6,-1.8867913640364016,-1.8867875051248353,-3.858911566290146e-06,-0.0001868392844942668,"(-0.03105468675494194, 4.080338001251221, 0.9448087215423584)","[-0.031075849041457437, 4.080337487939163, 0.9448178635278326]"
1.0957111000316218,0,0.24002135341085395,0.24001946226760998,1.8911432439761011e-06,-0.0001130637853739808,"(-0.031044309958815575, 4.080332279205322, 0.9447997212409973)","[-0.031075849041457437, 4.080337487939163, 0.9448178635278326]"
1.0957449999405071,1,-0.21701033799068967,-0.21700803397243365,-2.304018256016338e-06,0.00017977933387038398,"(-0.031044309958815575, 4.080332279205322, 0.9447997212409973)","[-0.031075849041457437, 4.080337487939163, 0.9448178635278326]"
1.0957613999489695,2,-0.455481026150689,-0.45548371802854243,2.691877853455704e-06,-5.7904159488083134e-05,"(-0.031044309958815575, 4.080332279205322, 0.9447997212409973)","[-0.031075849041457437, 4.080337487939163, 0.9448178635278326]"
1.095776699949056,3,1.2892285612989811,1.2892274262708368,1.135028144361172e-06,-0.00014983591304180155,"(-0.031044309958815575, 4.080332279205322, 0.9447997212409973)","[-0.031075849041457437, 4.080337487939163, 0.9448178635278326]"
1.095789899933152,4,-0.3038154998534218,-0.3038187801051435,3.280251721693439e-06,-5.6066613311798634e-05,"(-0.031044309958815575, 4.080332279205322, 0.9447997212409973)","[-0.031075849041457437, 4.080337487939163, 0.9448178635278326]"
1.0958051999332383,5,0.06351829682398691,0.06349820728421529,2.0089539771617204e-05,-0.0003734290014712593,"(-0.031044309958815575, 4.080332279205322, 0.9447997212409973)","[-0.031075849041457437, 4.080337487939163, 0.9448178635278326]"
1.0958194000413641,6,-1.8867821058853302,-1.8867910080130208,8.902127690557649e-06,-0.0003027559560925215,"(-0.031044309958815575, 4.080332279205322, 0.9447997212409973)","[-0.031075849041457437, 4.080337487939163, 0.9448178635278326]"
1.152550800004974,0,0.24002084909076105,0.24001833051295313,2.518577807919531e-06,-5.2160191503731454e-05,"(-0.031045792624354362, 4.080329418182373, 0.9447988867759705)","[-0.031075849041457437, 4.080337487939163, 0.9448178635278326]"
1.1525867000455037,1,-0.21700899627264567,-0.2170058392634348,-3.1570092108579306e-06,9.576134196175433e-05,"(-0.031045792624354362, 4.080329418182373, 0.9447988867759705)","[-0.031075849041457437, 4.080337487939163, 0.9448178635278326]"
1.152602499932982,2,-0.4554798931641553,-0.4554835337895205,3.6406253651755094e-06,2.6124240122319566e-06,"(-0.031045792624354362, 4.080329418182373, 0.9447988867759705)","[-0.031075849041457437, 4.080337487939163, 0.9448178635278326]"
1.1526169000426307,3,1.2892273351542127,1.289225303766773,2.0313874398159015e-06,-6.997647115667377e-05,"(-0.031045792624354362, 4.080329418182373, 0.9447988867759705)","[-0.031075849041457437, 4.080337487939163, 0.9448178635278326]"
1.1526323000434786,4,-0.30380903278272975,-0.3038171869896217,8.154206891930471e-06,-8.82932610226439e-05,"(-0.031045792624354362, 4.080329418182373, 0.9447988867759705)","[-0.031075849041457437, 4.080337487939163, 0.9448178635278326]"
1.1526462000329047,5,0.06352175431839677,0.06349904790530862,2.270641308814436e-05,0.0002007054966500997,"(-0.031045792624354362, 4.080329418182373, 0.9447988867759705)","[-0.031075849041457437, 4.080337487939163, 0.9448178635278326]"
1.152660800027661,6,-1.8867713406955027,-1.886791481425431,2.0140729928286305e-05,7.284135563993127e-05,"(-0.031045792624354362, 4.080329418182373, 0.9447988867759705)","[-0.031075849041457437, 4.080337487939163, 0.9448178635278326]"
1.2085118000395596,0,0.2400203937620104,0.2400182004526953,2.1933093150849903e-06,2.9606483980740257e-06,"(-0.03105589747428894, 4.080329895019531, 0.9448049068450928)","[-0.031075849041457437, 4.080337487939163, 0.9448178635278326]"
1.208592899958603,1,-0.21700794592736,-0.21700490909494666,-3.0368324133445146e-06,2.002866443875397e-05,"(-0.03105589747428894, 4.080329895019531, 0.9448049068450928)","[-0.031075849041457437, 4.080337487939163, 0.9448178635278326]"
1.2086230999557301,2,-0.4554790820609106,-0.4554821917566098,3.109695699221593e-06,6.711139245905298e-05,"(-0.03105589747428894, 4.080329895019531, 0.9448049068450928)","[-0.031075849041457437, 4.080337487939163, 0.9448178635278326]"
1.2086491000372916,3,1.2892265126738849,1.2892242171108674,2.295563017451485e-06,-5.833412403159077e-06,"(-0.03105589747428894, 4.080329895019531, 0.9448049068450928)","[-0.031075849041457437, 4.080337487939163, 0.9448178635278326]"
1.2086718999780715,4,-0.30380450785376534,-0.3038131451846396,8.637330874250448e-06,6.789674893437693e-05,"(-0.03105589747428894, 4.080329895019531, 0.9448049068450928)","[-0.031075849041457437, 4.080337487939163, 0.9448178635278326]"
1.2086961000459269,5,0.06352484422568082,0.06350685875613427,1.7985469546552557e-05,0.0005857041901372862,"(-0.03105589747428894, 4.080329895019531, 0.9448049068450928)","[-0.031075849041457437, 4.080337487939163, 0.9448178635278326]"
1.208719399990514,6,-1.886762526780501,-1.886783578073117,2.1051292615981154e-05,0.0005989444880538869,"(-0.03105589747428894, 4.080329895019531, 0.9448049068450928)","[-0.031075849041457437, 4.080337487939163, 0.9448178635278326]"
1.2624117999803275,0,0.24002030040533617,0.24001873295868387,1.567446652306348e-06,3.917961593826463e-05,"(-0.031065303832292557, 4.080331802368164, 0.9448114037513733)","[-0.031075849041457437, 4.080337487939163, 0.9448178635278326]"
1.2624542999546975,1,-0.21700774456433808,-0.21700520688141856,-2.5376829195233874e-06,-4.331060271274434e-05,"(-0.031065303832292557, 4.080331802368164, 0.9448114037513733)","[-0.031075849041457437, 4.080337487939163, 0.9448178635278326]"
1.26247139996849,2,-0.4554789365806738,-0.45548041425287955,1.4776722057630032e-06,8.904258983939115e-05,"(-0.031065303832292557, 4.080331802368164, 0.9448114037513733)","[-0.031075849041457437, 4.080337487939163, 0.9448178635278326]"
1.2624861999647692,3,1.289226372690974,1.289224432834467,1.9398565069828066e-06,5.5411655242632066e-05,"(-0.031065303832292557, 4.080331802368164, 0.9448114037513733)","[-0.031075849041457437, 4.080337487939163, 0.9448178635278326]"
1.2625007999595255,4,-0.303803712292821,-0.30380860453730335,4.892244482357366e-06,0.000137387063338492,"(-0.031065303832292557, 4.080331802368164, 0.9448114037513733)","[-0.031075849041457437, 4.080337487939163, 0.9448178635278326]"
1.2625145999481902,5,0.06352547501788873,0.06351824757799844,7.2274398902894e-06,0.0006884541924923367,"(-0.031065303832292557, 4.080331802368164, 0.9448114037513733)","[-0.031075849041457437, 4.080337487939163, 0.9448178635278326]"
1.2625276999315247,6,-1.8867608056708067,-1.8867692061629062,8.400492099491785e-06,0.0008857993276765691,"(-0.031065303832292557, 4.080331802368164, 0.9448114037513733)","[-0.031075849041457437, 4.080337487939163, 0.9448178635278326]"
1.3219187000067905,0,0.24002038062642503,0.24001942578411484,9.548423101912729e-07,6.179802495973043e-05,"(-0.03107142634689808, 4.080333709716797, 0.9448159337043762)","[-0.031075849041457437, 4.080337487939163, 0.9448178635278326]"
1.3219659000169486,1,-0.21700797032727356,-0.21700610874157986,-1.8615856937076458e-06,-8.553541689518457e-05,"(-0.03107142634689808, 4.080333709716797, 0.9448159337043762)","[-0.031075849041457437, 4.080337487939163, 0.9448178635278326]"
1.3219938999973238,2,-0.45547919510470297,-0.4554794383110386,2.432063356261338e-07,7.474987464101932e-05,"(-0.03107142634689808, 4.080333709716797, 0.9448159337043762)","[-0.031075849041457437, 4.080337487939163, 0.9448178635278326]"
1.322018599952571,3,1.2892266903488896,1.2892253883047684,1.3020441211875067e-06,8.463502709989399e-05,"(-0.03107142634689808, 4.080333709716797, 0.9448159337043762)","[-0.031075849041457437, 4.080337487939163, 0.9448178635278326]"
1.3220422000158578,4,-0.3038053047092475,-0.30380703416694005,1.729457692556391e-06,0.00013065710694319655,"(-0.03107142634689808, 4.080333709716797, 0.9448159337043762)","[-0.031075849041457437, 4.080337487939163, 0.9448178635278326]"
1.3220649999566376,5,0.06352492251718289,0.06352509759257985,-1.7507539695760244e-07,0.0004991002199891226,"(-0.03107142634689808, 4.080333709716797, 0.9448159337043762)","[-0.031075849041457437, 4.080337487939163, 0.9448178635278326]"
1.3220868000062183,6,-1.8867627771342672,-1.8867596224328542,-3.1547014129884587e-06,0.0007133991250020447,"(-0.03107142634689808, 4.080333709716797, 0.9448159337043762)","[-0.031075849041457437, 4.080337487939163, 0.9448178635278326]"
1.3725510999793187,0,0.24002041953126632,0.24001990278817173,5.167430945918206e-07,5.5948435532856627e-05,"(-0.03107842430472374, 4.080336093902588, 0.9448213577270508)","[-0.031075849041457437, 4.080337487939163, 0.9448178635278326]"
1.3725861000129953,1,-0.21700813720485063,-0.21700679343817836,-1.3437666722682096e-06,-8.152819738794194e-05,"(-0.03107842430472374, 4.080336093902588, 0.9448213577270508)","[-0.031075849041457437, 4.080337487939163, 0.9448178635278326]"
1.3726018000161275,2,-0.45547946618617924,-0.4554789358609867,-5.303251925381502e-07,5.5768862973460804e-05,"(-0.03107842430472374, 4.080336093902588, 0.9448213577270508)","[-0.031075849041457437, 4.080337487939163, 0.9448178635278326]"
1.3726860999595374,3,1.2892270598433528,1.289226039838858,1.020004494867166e-06,7.639191792189619e-05,"(-0.03107842430472374, 4.080336093902588, 0.9448213577270508)","[-0.031075849041457437, 4.080337487939163, 0.9448178635278326]"
1.3727005999535322,4,-0.3038070690119613,-0.30380627750637423,-7.915055870721943e-07,7.947166709268114e-05,"(-0.03107842430472374, 4.080336093902588, 0.9448213577270508)","[-0.031075849041457437, 4.080337487939163, 0.9448178635278326]"
1.3727146999444813,5,0.06352464317932797,0.0635284924173043,-3.8492379763194196e-06,0.00037777052921959776,"(-0.03107842430472374, 4.080336093902588, 0.9448213577270508)","[-0.031075849041457437, 4.080337487939163, 0.9448178635278326]"
1.3727279000449926,6,-1.8867642705052414,-1.8867550480002324,-9.222505009010007e-06,0.0004965950020293038,"(-0.03107842430472374, 4.080336093902588, 0.9448213577270508)","[-0.031075849041457437, 4.080337487939163, 0.9448178635278326]"
1.424151699990034,0,0.24002063185450825,0.24002060073118356,3.112332469523693e-08,6.032915221177003e-05,"(-0.031082823872566223, 4.080338478088379, 0.944825291633606)","[-0.031075849041457437, 4.080337487939163, 0.9448178635278326]"
1.4242049999302253,1,-0.21700863746816254,-0.21700809202029717,-5.4544786537436e-07,-0.00010592527216711339,"(-0.031082823872566223, 4.080338478088379, 0.944825291633606)","[-0.031075849041457437, 4.080337487939163, 0.9448178635278326]"
1.424262100015767,2,-0.4554799257618994,-0.4554788263556021,-1.099406297278005e-06,8.505700289758962e-06,"(-0.031082823872566223, 4.080338478088379, 0.944825291633606)","[-0.031075849041457437, 4.080337487939163, 0.9448178635278326]"
1.4242874999763444,3,1.2892275715650705,1.2892273819210205,1.8964405001931084e-07,9.377200882372322e-05,"(-0.031082823872566223, 4.080338478088379, 0.944825291633606)","[-0.031075849041457437, 4.080337487939163, 0.9448178635278326]"
1.4243085000198334,4,-0.30380976853132735,-0.3038077495560035,-2.0189753238697428e-06,-5.551200298414859e-05,"(-0.031082823872566223, 4.080338478088379, 0.944825291633606)","[-0.031075849041457437, 4.080337487939163, 0.9448178635278326]"
1.4243230000138283,5,0.0635231995998665,0.0635307345416033,-7.534941736789258e-06,7.056157640563061e-05,"(-0.031082823872566223, 4.080338478088379, 0.944825291633606)","[-0.031075849041457437, 4.080337487939163, 0.9448178635278326]"
1.4243374000070617,6,-1.8867686470071383,-1.8867532950343708,-1.5351972767474464e-05,-1.629587348000721e-05,"(-0.031082823872566223, 4.080338478088379, 0.944825291633606)","[-0.031075849041457437, 4.080337487939163, 0.9448178635278326]"
1.4781603999435902,0,0.24002082516578838,0.24002129547997014,-4.703141817663514e-07,5.606899127923985e-05,"(-0.031084546819329262, 4.080340385437012, 0.9448272585868835)","[-0.031075849041457437, 4.080337487939163, 0.9448178635278326]"
1.4782959000440314,1,-0.21700910895458717,-0.21700948584851262,3.7689392545781075e-07,-0.00010700615919160842,"(-0.031084546819329262, 4.080340385437012, 0.9448272585868835)","[-0.031075849041457437, 4.080337487939163, 0.9448178635278326]"
1.4783120999345556,2,-0.45548038672663715,-0.4554791197278951,-1.2669987420332873e-06,-2.0739579039289423e-05,"(-0.031084546819329262, 4.080340385437012, 0.9448272585868835)","[-0.031075849041457437, 4.080337487939163, 0.9448178635278326]"
1.4783263000426814,3,1.2892281005769375,1.2892285476460117,-4.470690742053307e-07,7.08700479340348e-05,"(-0.031084546819329262, 4.080340385437012, 0.9448272585868835)","[-0.031075849041457437, 4.080337487939163, 0.9448178635278326]"
1.4783399000298232,4,-0.3038125171569668,-0.3038095588083528,-2.9583486139683757e-06,-6.260772800001108e-05,"(-0.031084546819329262, 4.080340385437012, 0.9448272585868835)","[-0.031075849041457437, 4.080337487939163, 0.9448178635278326]"
1.4783540000207722,5,0.06352188166030703,0.06352931508289628,-7.433422589242511e-06,-0.00020323046163436343,"(-0.031084546819329262, 4.080340385437012, 0.9448272585868835)","[-0.031075849041457437, 4.080337487939163, 0.9448178635278326]"
1.4783675000071526,6,-1.8867727881648906,-1.8867582112645098,-1.4576900380758318e-05,-0.0005485456932955411,"(-0.031084546819329262, 4.080340385437012, 0.9448272585868835)","[-0.031075849041457437, 4.080337487939163, 0.9448178635278326]"
1.5275882999412715,0,0.24002116299552212,0.24002178695875992,-6.239632378002291e-07,3.482413065487074e-05,"(-0.03108404390513897, 4.080341339111328, 0.9448273181915283)","[-0.031075849041457437, 4.080337487939163, 0.9448178635278326]"
1.5276353999506682,1,-0.21700979326712178,-0.21701062972013271,8.364530109383761e-07,-7.869606562415625e-05,"(-0.03108404390513897, 4.080341339111328, 0.9448273181915283)","[-0.031075849041457437, 4.080337487939163, 0.9448178635278326]"
1.5276625000406057,2,-0.45548083874077283,-0.4554795901345371,-1.248606235737526e-06,-3.385362265331488e-05,"(-0.03108404390513897, 4.080341339111328, 0.9448273181915283)","[-0.031075849041457437, 4.080337487939163, 0.9448178635278326]"
1.5276856999844313,3,1.2892285024446937,1.289229268888508,-7.66443814415041e-07,3.647074405543979e-05,"(-0.03108404390513897, 4.080341339111328, 0.9448273181915283)","[-0.031075849041457437, 4.080337487939163, 0.9448178635278326]"
1.527709599933587,4,-0.30381491414019646,-0.30381096904792876,-3.94509226769868e-06,-5.460188670542771e-05,"(-0.03108404390513897, 4.080341339111328, 0.9448273181915283)","[-0.031075849041457437, 4.080337487939163, 0.9448178635278326]"
1.5277317999862134,5,0.06351960507656182,0.06352629481015797,-6.68973359614633e-06,-0.0002776394498678192,"(-0.03108404390513897, 4.080341339111328, 0.9448273181915283)","[-0.031075849041457437, 4.080337487939163, 0.9448178635278326]"
1.5277542000403628,6,-1.8867787226886372,-1.8867672827269677,-1.1439961669523768e-05,-0.0007957020352193447,"(-0.03108404390513897, 4.080341339111328, 0.9448273181915283)","[-0.031075849041457437, 4.080337487939163, 0.9448178635278326]"
1.5752934999763966,0,0.24002137998798068,0.24002204720678463,-6.67218803956926e-07,1.6113722564786907e-05,"(-0.031082522124052048, 4.080341339111328, 0.9448262453079224)","[-0.031075849041457437, 4.080337487939163, 0.9448178635278326]"
1.5753502999432385,1,-0.2170102020248591,-0.21701131023067435,1.1082058152533936e-06,-4.042044544630219e-05,"(-0.031082522124052048, 4.080341339111328, 0.9448262453079224)","[-0.031075849041457437, 4.080337487939163, 0.9448178635278326]"
1.5753718999912962,2,-0.45548105053579635,-0.4554801452308886,-9.053049077611952e-07,-4.102920932467262e-05,"(-0.031082522124052048, 4.080341339111328, 0.9448262453079224)","[-0.031075849041457437, 4.080337487939163, 0.9448178635278326]"
1.5753922000294551,3,1.2892286443843117,1.2892295684933377,-9.241090259681783e-07,7.002692459207655e-06,"(-0.031082522124052048, 4.080341339111328, 0.9448262453079224)","[-0.031075849041457437, 4.080337487939163, 0.9448178635278326]"
1.5754124999511987,4,-0.30381591884660103,-0.303812512790529,-3.406056072019492e-06,-9.246016001971855e-05,"(-0.031082522124052048, 4.080341339111328, 0.9448262453079224)","[-0.031075849041457437, 4.080337487939163, 0.9448178635278326]"
1.5754324999870732,5,0.06351814792909777,0.0635227676933678,-4.619764270033522e-06,-0.00029504706768989546,"(-0.031082522124052048, 4.080341339111328, 0.9448262453079224)","[-0.031075849041457437, 4.080337487939163, 0.9448178635278326]"
1.5754520000191405,6,-1.8867822467998598,-1.8867773344405558,-4.9123593039990254e-06,-0.0008044519374275029,"(-0.031082522124052048, 4.080341339111328, 0.9448262453079224)","[-0.031075849041457437, 4.080337487939163, 0.9448178635278326]"
1.6232110999990255,0,0.24002140844232514,0.24002213548153464,-7.270392095026779e-07,2.928744428928572e-06,"(-0.031081683933734894, 4.080341339111328, 0.9448255300521851)","[-0.031075849041457437, 4.080337487939163, 0.9448178635278326]"
1.6232771000359207,1,-0.217010244278736,-0.2170115765092608,1.3322305248142374e-06,-1.3117297312970586e-05,"(-0.031081683933734894, 4.080341339111328, 0.9448255300521851)","[-0.031075849041457437, 4.080337487939163, 0.9448178635278326]"
1.623317899997346,2,-0.4554810493085537,-0.4554804445050812,-6.048034725258944e-07,-1.9757806586710275e-05,"(-0.031081683933734894, 4.080341339111328, 0.9448255300521851)","[-0.031075849041457437, 4.080337487939163, 0.9448178635278326]"
1.623343599960208,3,1.2892286201211434,1.289229462580982,-8.424598385570192e-07,-1.1936495711537532e-05,"(-0.031081683933734894, 4.080341339111328, 0.9448255300521851)","[-0.031075849041457437, 4.080337487939163, 0.9448178635278326]"
1.623367300024256,4,-0.30381585306287046,-0.3038127748043478,-3.0782585226374337e-06,-1.3200251253150615e-05,"(-0.031081683933734894, 4.080341339111328, 0.9448255300521851)","[-0.031075849041457437, 4.080337487939163, 0.9448178635278326]"
1.6233917999779806,5,0.06351795895949292,0.06352034877548889,-2.3898159959706566e-06,-0.0001549271197049068,"(-0.031081683933734894, 4.080341339111328, 0.9448255300521851)","[-0.031075849041457437, 4.080337487939163, 0.9448178635278326]"
1.6234156000427902,6,-1.8867826023025824,-1.8867846107345223,2.0084319398705475e-06,-0.0004877028459324493,"(-0.031081683933734894, 4.080341339111328, 0.9448255300521851)","[-0.031075849041457437, 4.080337487939163, 0.9448178635278326]"
1.6751291999826208,0,0.24002140844232514,0.24002213463311367,-7.26190788530312e-07,-1.1191937117547923e-06,"(-0.031080646440386772, 4.08034086227417, 0.9448246359825134)","[-0.031075849041457437, 4.080337487939163, 0.9448178635278326]"
1.675162800005637,1,-0.217010244278736,-0.21701163262530654,1.3883465705410991e-06,-4.425954269265449e-06,"(-0.031080646440386772, 4.08034086227417, 0.9448246359825134)","[-0.031075849041457437, 4.080337487939163, 0.9448178635278326]"
1.6751783000072464,2,-0.4554810493085537,-0.45548055944313437,-4.898654193397078e-07,-1.2574193374141739e-05,"(-0.031080646440386772, 4.08034086227417, 0.9448246359825134)","[-0.031075849041457437, 4.080337487939163, 0.9448178635278326]"
1.6751921999966726,3,1.2892286201211434,1.2892293620961297,-7.419749863402103e-07,-1.174083155532267e-05,"(-0.031080646440386772, 4.08034086227417, 0.9448246359825134)","[-0.031075849041457437, 4.080337487939163, 0.9448178635278326]"
1.6752057999838144,4,-0.30381585306287046,-0.3038127825101054,-3.070552765049861e-06,-2.028054776978373e-06,"(-0.031080646440386772, 4.08034086227417, 0.9448246359825134)","[-0.031075849041457437, 4.080337487939163, 0.9448178635278326]"
1.6752185999648646,5,0.06351795895949292,0.06351947444787653,-1.5154883836188127e-06,-9.116854051954121e-05,"(-0.031080646440386772, 4.08034086227417, 0.9448246359825134)","[-0.031075849041457437, 4.080337487939163, 0.9448178635278326]"
1.675232099951245,6,-1.8867826023025824,-1.886787651816296,5.049513713606402e-06,-0.00032617439533339193,"(-0.031080646440386772, 4.08034086227417, 0.9448246359825134)","[-0.031075849041457437, 4.080337487939163, 0.9448178635278326]"
1.7291735999751836,0,0.24002140844232514,0.24002206404287807,-6.556005529290143e-07,-7.59335179645471e-06,"(-0.031079405918717384, 4.080340385437012, 0.9448235034942627)","[-0.031075849041457437, 4.080337487939163, 0.9448178635278326]"
1.7292321999557316,1,-0.217010244278736,-0.21701154231082911,1.29803209311663e-06,1.2597657743195607e-05,"(-0.031079405918717384, 4.080340385437012, 0.9448235034942627)","[-0.031075849041457437, 4.080337487939163, 0.9448178635278326]"
1.7292482999619097,2,-0.4554810493085537,-0.4554806931091007,-3.561994529888146e-07,-9.891680557863188e-06,"(-0.031079405918717384, 4.080340385437012, 0.9448235034942627)","[-0.031075849041457437, 4.080337487939163, 0.9448178635278326]"
1.7292625999543816,3,1.2892286201211434,1.289229221404542,-6.012833986268618e-07,-1.178771117554098e-05,"(-0.031079405918717384, 4.080340385437012, 0.9448235034942627)","[-0.031075849041457437, 4.080337487939163, 0.9448178635278326]"
1.7292761999415234,4,-0.30381585306287046,-0.3038131023440092,-2.750718861244117e-06,-3.466517177828911e-05,"(-0.031079405918717384, 4.080340385437012, 0.9448235034942627)","[-0.031075849041457437, 4.080337487939163, 0.9448178635278326]"
1.7292894000420347,5,0.06351795895949292,0.06351881096577376,-8.520062808464735e-07,-4.0188843183843204e-05,"(-0.031079405918717384, 4.080340385437012, 0.9448235034942627)","[-0.031075849041457437, 4.080337487939163, 0.9448178635278326]"
1.7293021000223234,6,-1.8867826023025824,-1.8867898457670207,7.243464438255742e-06,-0.00011015899366267017,"(-0.031079405918717384, 4.080340385437012, 0.9448235034942627)","[-0.031075849041457437, 4.080337487939163, 0.9448178635278326]"
1.7765978999668732,0,0.24002140844232514,0.2400218894527395,-4.810104143604388e-07,-1.6543671588503336e-05,"(-0.031077802181243896, 4.080338954925537, 0.9448220133781433)","[-0.031075849041457437, 4.080337487939163, 0.9448178635278326]"
1.7766420999541879,1,-0.217010244278736,-0.21701118287404458,9.385953085860876e-07,3.545758377872868e-05,"(-0.031077802181243896, 4.080338954925537, 0.9448220133781433)","[-0.031075849041457437, 4.080337487939163, 0.9448178635278326]"
1.7766594999702647,2,-0.4554810493085537,-0.4554808150071331,-2.343014205985483e-07,-9.535010316598608e-06,"(-0.031077802181243896, 4.080338954925537, 0.9448220133781433)","[-0.031075849041457437, 4.080337487939163, 0.9448178635278326]"
1.7766734999604523,3,1.2892286201211434,1.289229052772868,-4.3265172466888657e-07,-1.544523832817961e-05,"(-0.031077802181243896, 4.080338954925537, 0.9448220133781433)","[-0.031075849041457437, 4.080337487939163, 0.9448178635278326]"
1.7766868999460712,4,-0.30381585306287046,-0.30381400846141404,-1.8446014564132973e-06,-8.372288390872126e-05,"(-0.031077802181243896, 4.080338954925537, 0.9448220133781433)","[-0.031075849041457437, 4.080337487939163, 0.9448178635278326]"
1.7766998000442982,5,0.06351795895949292,0.06351867699653731,-7.180370443921058e-07,-3.897859638242512e-06,"(-0.031077802181243896, 4.080338954925537, 0.9448220133781433)","[-0.031075849041457437, 4.080337487939163, 0.9448178635278326]"
1.7767133000306785,6,-1.8867826023025824,-1.8867889441045558,6.341801973341887e-06,0.0001444738959606776,"(-0.031077802181243896, 4.080338954925537, 0.9448220133781433)","[-0.031075849041457437, 4.080337487939163, 0.9448178635278326]"
1.8647237999830395,0,0.24002140844232514,0.24002166483341908,-2.563910939390457e-07,-1.8604214671475996e-05,"(-0.03107668086886406, 4.080338001251221, 0.9448210597038269)","[-0.031075849041457437, 4.080337487939163, 0.9448178635278326]"
1.8647878000047058,1,-0.217010244278736,-0.21701070865394756,4.6437521156184047e-07,3.8879206529224785e-05,"(-0.03107668086886406, 4.080338001251221, 0.9448210597038269)","[-0.031075849041457437, 4.080337487939163, 0.9448178635278326]"
1.8648167999926955,2,-0.4554810493085537,-0.45548092768895426,-1.2161959944689826e-07,-9.004490679149866e-06,"(-0.03107668086886406, 4.080338001251221, 0.9448210597038269)","[-0.031075849041457437, 4.080337487939163, 0.9448178635278326]"
1.8648422999540344,3,1.2892286201211434,1.2892288424411067,-2.2231996332777726e-07,-1.7467582282322505e-05,"(-0.03107668086886406, 4.080338001251221, 0.9448210597038269)","[-0.031075849041457437, 4.080337487939163, 0.9448178635278326]"
1.8648669000249356,4,-0.30381585306287046,-0.3038150382279935,-8.148348769609903e-07,-8.213252159758934e-05,"(-0.03107668086886406, 4.080338001251221, 0.9448210597038269)","[-0.031075849041457437, 4.080337487939163, 0.9448178635278326]"
1.8649015999399126,5,0.06351795895949292,0.06351860341634567,-6.444568527580463e-07,-8.455293883386481e-06,"(-0.03107668086886406, 4.080338001251221, 0.9448210597038269)","[-0.031075849041457437, 4.080337487939163, 0.9448178635278326]"
1.8649242999963462,6,-1.8867826023025824,-1.8867864355551744,3.833252592011505e-06,0.00022262843428047253,"(-0.03107668086886406, 4.080338001251221, 0.9448210597038269)","[-0.031075849041457437, 4.080337487939163, 0.9448178635278326]"
1.9144442999968305,0,0.24002140844232514,0.2400215307242716,-1.2228194645746981e-07,-1.5397826223053216e-05,"(-0.031075673177838326, 4.0803375244140625, 0.9448202252388)","[-0.031075849041457437, 4.080337487939163, 0.9448178635278326]"
1.9145265000406653,1,-0.217010244278736,-0.21701044199466585,1.9771592985051711e-07,3.0103115630136962e-05,"(-0.031075673177838326, 4.0803375244140625, 0.9448202252388)","[-0.031075849041457437, 4.080337487939163, 0.9448178635278326]"
1.9145476999692619,2,-0.4554810493085537,-0.4554810004144612,-4.889409249697607e-08,-8.627059785992906e-06,"(-0.031075673177838326, 4.0803375244140625, 0.9448202252388)","[-0.031075849041457437, 4.080337487939163, 0.9448178635278326]"
1.914566499995999,3,1.2892286201211434,1.2892287074335183,-8.731237488568411e-08,-1.575303166857738e-05,"(-0.031075673177838326, 4.0803375244140625, 0.9448202252388)","[-0.031075849041457437, 4.080337487939163, 0.9448178635278326]"
1.9145858000265434,4,-0.30381585306287046,-0.30381557893765493,-2.741252155269436e-07,-6.025793377253889e-05,"(-0.031075673177838326, 4.0803375244140625, 0.9448202252388)","[-0.031075849041457437, 4.080337487939163, 0.9448178635278326]"
1.9146058999467641,5,0.06351795895949292,0.06351843314049677,-4.7418100385110407e-07,-2.345089017098256e-05,"(-0.031075673177838326, 4.0803375244140625, 0.9448202252388)","[-0.031075849041457437, 4.080337487939163, 0.9448178635278326]"
1.9146271999925375,6,-1.8867826023025824,-1.8867850506156365,2.448313054070894e-06,0.00015182218964090267,"(-0.031075673177838326, 4.0803375244140625, 0.9448202252388)","[-0.031075849041457437, 4.080337487939163, 0.9448178635278326]"
1.967191500007175,0,0.24002140844232514,0.24002141912912578,-1.0686800638870508e-08,-1.2800537164972113e-05,"(-0.031074782833456993, 4.080337047576904, 0.9448195099830627)","[-0.031075849041457437, 4.080337487939163, 0.9448178635278326]"
1.9672240000218153,1,-0.217010244278736,-0.21701023275504325,-1.1523692750037284e-08,2.3660678270989992e-05,"(-0.031074782833456993, 4.080337047576904, 0.9448195099830627)","[-0.031075849041457437, 4.080337487939163, 0.9448178635278326]"
1.9672405000310391,2,-0.4554810493085537,-0.45548106857277976,1.9264226047699395e-08,-8.007411414163672e-06,"(-0.031074782833456993, 4.080337047576904, 0.9448195099830627)","[-0.031075849041457437, 4.080337487939163, 0.9448178635278326]"
1.967254800023511,3,1.2892286201211434,1.2892285889175183,3.120362501718432e-08,-1.3715547735621023e-05,"(-0.031074782833456993, 4.080337047576904, 0.9448195099830627)","[-0.031075849041457437, 4.080337487939163, 0.9448178635278326]"
1.9672683000098914,4,-0.30381585306287046,-0.30381598366194545,1.30599074998905e-07,-4.5144811249763696e-05,"(-0.031074782833456993, 4.080337047576904, 0.9448195099830627)","[-0.031075849041457437, 4.080337487939163, 0.9448178635278326]"
1.9672818999970332,5,0.06351795895949292,0.06351819053223663,-2.3157274371687908e-07,-3.052813022601259e-05,"(-0.031074782833456993, 4.080337047576904, 0.9448195099830627)","[-0.031075849041457437, 4.080337487939163, 0.9448178635278326]"
1.967295499984175,6,-1.8867826023025824,-1.8867841109342816,1.5086316991208548e-06,0.00010263082055753363,"(-0.031074782833456993, 4.080337047576904, 0.9448195099830627)","[-0.031075849041457437, 4.080337487939163, 0.9448178635278326]"
2.0154163000406697,0,0.24002140844232514,0.24002132618710117,8.225522396543283e-08,-1.0638908679188425e-05,"(-0.031074009835720062, 4.080336570739746, 0.944818913936615)","[-0.031075849041457437, 4.080337487939163, 0.9448178635278326]"
2.015471399994567,1,-0.217010244278736,-0.21701006650861698,-1.7777011901420892e-07,1.8800666477071885e-05,"(-0.031074009835720062, 4.080336570739746, 0.944818913936615)","[-0.031075849041457437, 4.080337487939163, 0.9448178635278326]"
2.015498899971135,2,-0.4554810493085537,-0.45548113035571175,8.104715804035934e-08,-7.194228129307698e-06,"(-0.031074009835720062, 4.080336570739746, 0.944818913936615)","[-0.031075849041457437, 4.080337487939163, 0.9448178635278326]"
2.015522100031376,3,1.2892286201211434,1.2892284870193802,1.3310176316672084e-07,-1.1721235679069554e-05,"(-0.031074009835720062, 4.080336570739746, 0.944818913936615)","[-0.031075849041457437, 4.080337487939163, 0.9448178635278326]"
2.0155448999721557,4,-0.30381585306287046,-0.30381628875094185,4.3568807139848786e-07,-3.392782970782283e-05,"(-0.031074009835720062, 4.080336570739746, 0.944818913936615)","[-0.031075849041457437, 4.080337487939163, 0.9448178635278326]"
2.015567700029351,5,0.06351795895949292,0.06351792025436903,3.8705123883708836e-08,-3.284912750289985e-05,"(-0.031074009835720062, 4.080336570739746, 0.944818913936615)","[-0.031075849041457437, 4.080337487939163, 0.9448178635278326]"
2.015590399969369,6,-1.8867826023025824,-1.88678348072954,8.784269576178616e-07,6.84545274454671e-05,"(-0.031074009835720062, 4.080336570739746, 0.944818913936615)","[-0.031075849041457437, 4.080337487939163, 0.9448178635278326]"
2.067930900026113,0,0.24002140844232514,0.24002124892899432,1.5951333082186991e-07,-8.816540837879788e-06,"(-0.031073346734046936, 4.080336570739746, 0.944818377494812)","[-0.031075849041457437, 4.080337487939163, 0.9448178635278326]"
2.067975400015712,1,-0.217010244278736,-0.21700993342852687,-3.10850209128688e-07,1.5024677015874633e-05,"(-0.031073346734046936, 4.080336570739746, 0.944818377494812)","[-0.031075849041457437, 4.080337487939163, 0.9448178635278326]"
2.0679908000165597,2,-0.4554810493085537,-0.455481184865092,1.355565382721302e-07,-6.298201372080683e-06,"(-0.031073346734046936, 4.080336570739746, 0.944818377494812)","[-0.031075849041457437, 4.080337487939163, 0.9448178635278326]"
2.0680055000120774,3,1.2892286201211434,1.2892284007399006,2.1938124272757875e-07,-9.866208186768535e-06,"(-0.031073346734046936, 4.080336570739746, 0.944818377494812)","[-0.031075849041457437, 4.080337487939163, 0.9448178635278326]"
2.068019099999219,4,-0.30381585306287046,-0.3038165183995917,6.653367212172689e-07,-2.5394538853643283e-05,"(-0.031073346734046936, 4.080336570739746, 0.944818377494812)","[-0.031075849041457437, 4.080337487939163, 0.9448178635278326]"
2.068033399991691,5,0.06351795895949292,0.063517649357752,3.096017409109919e-07,-3.230577828187932e-05,"(-0.031073346734046936, 4.080336570739746, 0.944818377494812)","[-0.031075849041457437, 4.080337487939163, 0.9448178635278326]"
2.0680468999780715,6,-1.8867826023025824,-1.8867830651755302,4.6287294774849386e-07,4.477634409521853e-05,"(-0.031073346734046936, 4.080336570739746, 0.944818377494812)","[-0.031075849041457437, 4.080337487939163, 0.9448178635278326]"
2.1179806999862194,0,0.24002140844232514,0.24002118500361969,2.2343870545449285e-07,-7.264228381920929e-06,"(-0.031072787940502167, 4.080336093902588, 0.9448179602622986)","[-0.031075849041457437, 4.080337487939163, 0.9448178635278326]"
2.1181073000188917,1,-0.217010244278736,-0.21700982663818438,-4.176405516143067e-07,1.201376250437638e-05,"(-0.031072787940502167, 4.080336093902588, 0.9448179602622986)","[-0.031075849041457437, 4.080337487939163, 0.9448178635278326]"
2.1181236000265926,2,-0.4554810493085537,-0.4554812319026172,1.8259406348031249e-07,-5.394906685427164e-06,"(-0.031072787940502167, 4.080336093902588, 0.9448179602622986)","[-0.031075849041457437, 4.080337487939163, 0.9448178635278326]"
2.1181379000190645,3,1.2892286201211434,1.2892283287159079,2.914052354974217e-07,-8.183079888126531e-06,"(-0.031072787940502167, 4.080336093902588, 0.9448179602622986)","[-0.031075849041457437, 4.080337487939163, 0.9448178635278326]"
2.1181515000062063,4,-0.30381585306287046,-0.3038166900255011,8.36962630645921e-07,-1.881478761927467e-05,"(-0.031072787940502167, 4.080336093902588, 0.9448179602622986)","[-0.031075849041457437, 4.080337487939163, 0.9448178635278326]"
2.118165099993348,5,0.06351795895949292,0.06351739361556523,5.65343927685924e-07,-3.0119191372134784e-05,"(-0.031072787940502167, 4.080336093902588, 0.9448179602622986)","[-0.031075849041457437, 4.080337487939163, 0.9448178635278326]"
2.118178099975921,6,-1.8867826023025824,-1.886782797870022,1.955674395759388e-07,2.845187547250788e-05,"(-0.031072787940502167, 4.080336093902588, 0.9448179602622986)","[-0.031075849041457437, 4.080337487939163, 0.9448178635278326]"
2.1730158999562263,0,0.24002140844232514,0.2400211325104221,2.759319030487539e-07,-5.9314384951208725e-06,"(-0.03107232227921486, 4.080336093902588, 0.9448176026344299)","[-0.031075849041457437, 4.080337487939163, 0.9448178635278326]"
2.173049799981527,1,-0.217010244278736,-0.21700974116695346,-5.031117825404774e-07,9.560816479533367e-06,"(-0.03107232227921486, 4.080336093902588, 0.9448176026344299)","[-0.031075849041457437, 4.080337487939163, 0.9448178635278326]"
2.173066299990751,2,-0.4554810493085537,-0.4554812716943064,2.223857527017259e-07,-4.528773490547357e-06,"(-0.03107232227921486, 4.080336093902588, 0.9448176026344299)","[-0.031075849041457437, 4.080337487939163, 0.9448178635278326]"
2.1730803999817,3,1.2892286201211434,1.289228269478451,3.5064269243711976e-07,-6.6795655473286564e-06,"(-0.03107232227921486, 4.080336093902588, 0.9448176026344299)","[-0.031075849041457437, 4.080337487939163, 0.9448178635278326]"
2.1730938999680802,4,-0.30381585306287046,-0.3038168165511435,9.63488273053592e-07,-1.3692523025258722e-05,"(-0.03107232227921486, 4.080336093902588, 0.9448176026344299)","[-0.031075849041457437, 4.080337487939163, 0.9448178635278326]"
2.173107699956745,5,0.06351795895949292,0.06351716156732926,7.973921636594827e-07,-2.7069030587856512e-05,"(-0.03107232227921486, 4.080336093902588, 0.9448176026344299)","[-0.031075849041457437, 4.080337487939163, 0.9448178635278326]"
2.173120899940841,6,-1.8867826023025824,-1.8867826322802692,2.997768677737156e-08,1.7280520696306273e-05,"(-0.03107232227921486, 4.080336093902588, 0.9448176026344299)","[-0.031075849041457437, 4.080337487939163, 0.9448178635278326]"
2.22746179997921,0,0.24002140844232514,0.24002108987955117,3.185627739654695e-07,-4.780957003088957e-06,"(-0.031071940436959267, 4.080336093902588, 0.944817304611206)","[-0.031075849041457437, 4.080337487939163, 0.9448178635278326]"
2.22750050004106,1,-0.217010244278736,-0.217009673300657,-5.709780789842078e-07,7.528463675797307e-06,"(-0.031071940436959267, 4.080336093902588, 0.944817304611206)","[-0.031075849041457437, 4.080337487939163, 0.9448178635278326]"
2.227516599930823,2,-0.4554810493085537,-0.4554813047005344,2.553919806747018e-07,-3.723686916133974e-06,"(-0.031071940436959267, 4.080336093902588, 0.944817304611206)","[-0.031075849041457437, 4.080337487939163, 0.9448178635278326]"
2.22753020003438,3,1.2892286201211434,1.2892282215748068,3.985463365996367e-07,-5.351051632499302e-06,"(-0.031071940436959267, 4.080336093902588, 0.944817304611206)","[-0.031075849041457437, 4.080337487939163, 0.9448178635278326]"
2.227543200016953,4,-0.30381585306287046,-0.30381690773829123,1.0546754207751974e-06,-9.675607690211789e-06,"(-0.031071940436959267, 4.080336093902588, 0.944817304611206)","[-0.031075849041457437, 4.080337487939163, 0.9448178635278326]"
2.227560800034553,5,0.06351795895949292,0.06351695719521255,1.0017642803616944e-06,-2.3643831439513735e-05,"(-0.031071940436959267, 4.080336093902588, 0.944817304611206)","[-0.031075849041457437, 4.080337487939163, 0.9448178635278326]"
2.227580799954012,6,-1.8867826023025824,-1.886782535810334,-6.649224837396162e-08,9.717646821695694e-06,"(-0.031071940436959267, 4.080336093902588, 0.944817304611206)","[-0.031075849041457437, 4.080337487939163, 0.9448178635278326]"
2.2774241999723017,0,0.24002140844232514,0.24002105578842195,3.5265390319061396e-07,-3.784766335628988e-06,"(-0.031071633100509644, 4.08033561706543, 0.9448171257972717)","[-0.031075849041457437, 4.080337487939163, 0.9448178635278326]"
2.277463600039482,1,-0.217010244278736,-0.21700962017274514,-6.241059908596025e-07,5.823389865139978e-06,"(-0.031071633100509644, 4.08033561706543, 0.9448171257972717)","[-0.031075849041457437, 4.080337487939163, 0.9448178635278326]"
2.277479999931529,2,-0.4554810493085537,-0.45548133149649117,2.8218793746148663e-07,-2.9907561488887806e-06,"(-0.031071633100509644, 4.08033561706543, 0.9448171257972717)","[-0.031075849041457437, 4.080337487939163, 0.9448178635278326]"
2.277494200039655,3,1.2892286201211434,1.289228183630412,4.3649073133700256e-07,-4.186700748923476e-06,"(-0.031071633100509644, 4.08033561706543, 0.9448171257972717)","[-0.031075849041457437, 4.080337487939163, 0.9448178635278326]"
2.277507900027558,4,-0.30381585306287046,-0.3038169710649072,1.1180020367262955e-06,-6.508155827025587e-06,"(-0.031071633100509644, 4.08033561706543, 0.9448171257972717)","[-0.031075849041457437, 4.080337487939163, 0.9448178635278326]"
2.2775209000101313,5,0.06351795895949292,0.06351678166709906,1.1772923938502267e-06,-2.0143356215417996e-05,"(-0.031071633100509644, 4.08033561706543, 0.9448171257972717)","[-0.031075849041457437, 4.080337487939163, 0.9448178635278326]"
2.2775340999942273,6,-1.8867826023025824,-1.8867824856623021,-1.1664028032321028e-07,4.6767817383677845e-06,"(-0.031071633100509644, 4.08033561706543, 0.9448171257972717)","[-0.031075849041457437, 4.080337487939163, 0.9448178635278326]"
2.326834199950099,0,0.24002140844232514,0.24002102910461623,3.793377089111871e-07,-2.921137365933363e-06,"(-0.031071392819285393, 4.08033561706543, 0.9448169469833374)","[-0.031075849041457437, 4.080337487939163, 0.9448178635278326]"
2.3268709999974817,1,-0.217010244278736,-0.2170095795036327,-6.647751032984317e-07,4.380470818281663e-06,"(-0.031071392819285393, 4.08033561706543, 0.9448169469833374)","[-0.031075849041457437, 4.080337487939163, 0.9448178635278326]"
2.3268888000166044,2,-0.4554810493085537,-0.4554813526993362,3.0339078249674856e-07,-2.333363165764245e-06,"(-0.031071392819285393, 4.08033561706543, 0.9448169469833374)","[-0.031075849041457437, 4.080337487939163, 0.9448178635278326]"
2.3269036000128835,3,1.2892286201211434,1.2892281543781676,4.6574297574153434e-07,-3.1728551581327075e-06,"(-0.031071392819285393, 4.08033561706543, 0.9448169469833374)","[-0.031075849041457437, 4.080337487939163, 0.9448178635278326]"
2.326922700041905,4,-0.30381585306287046,-0.3038170123281312,1.1592652607306242e-06,-4.001016133153195e-06,"(-0.031071392819285393, 4.08033561706543, 0.9448169469833374)","[-0.031075849041457437, 4.080337487939163, 0.9448178635278326]"
2.3269431999651715,5,0.06351795895949292,0.06351663445740385,1.3245020890617631e-06,-1.674631409717086e-05,"(-0.031071392819285393, 4.08033561706543, 0.9448169469833374)","[-0.031075849041457437, 4.080337487939163, 0.9448178635278326]"
2.3269616999896243,6,-1.8867826023025824,-1.8867824659377883,-1.3636479412326707e-07,1.3926135167993843e-06,"(-0.031071392819285393, 4.08033561706543, 0.9448169469833374)","[-0.031075849041457437, 4.080337487939163, 0.9448178635278326]"
2.377856899984181,0,0.24002140844232514,0.24002100884660743,3.9959571770942226e-07,-2.1726844004700454e-06,"(-0.031071212142705917, 4.08033561706543, 0.9448168277740479)","[-0.031075849041457437, 4.080337487939163, 0.9448178635278326]"
2.377905200002715,1,-0.217010244278736,-0.21700954943245987,-6.948462761280361e-07,3.1528432525784645e-06,"(-0.031071212142705917, 4.08033561706543, 0.9448168277740479)","[-0.031075849041457437, 4.080337487939163, 0.9448178635278326]"
2.37793179997243,2,-0.4554810493085537,-0.4554813689250279,3.196164741758878e-07,-1.7503534016622045e-06,"(-0.031071212142705917, 4.08033561706543, 0.9448168277740479)","[-0.031075849041457437, 4.080337487939163, 0.9448178635278326]"
2.3779556000372395,3,1.2892286201211434,1.2892281326691655,4.874519778930164e-07,-2.294978301740876e-06,"(-0.031071212142705917, 4.08033561706543, 0.9448168277740479)","[-0.031075849041457437, 4.080337487939163, 0.9448178635278326]"
2.377979399985634,4,-0.30381585306287046,-0.3038170360691776,1.183006307137191e-06,-2.0123166245758773e-06,"(-0.031071212142705917, 4.08033561706543, 0.9448168277740479)","[-0.031075849041457437, 4.080337487939163, 0.9448178635278326]"
2.3780025000451133,5,0.06351795895949292,0.06351651406206524,1.444897427677061e-06,-1.3554340484017168e-05,"(-0.031071212142705917, 4.08033561706543, 0.9448168277740479)","[-0.031075849041457437, 4.080337487939163, 0.9448178635278326]"
2.3780251999851316,6,-1.8867826023025824,-1.8867824656015442,-1.367010382669065e-07,-6.743530408377151e-07,"(-0.031071212142705917, 4.08033561706543, 0.9448168277740479)","[-0.031075849041457437, 4.080337487939163, 0.9448178635278326]"
2.434102899977006,0,0.24002140844232514,0.24002099415620404,4.14286121103169e-07,-1.5250914916212938e-06,"(-0.03107108175754547, 4.08033561706543, 0.9448167681694031)","[-0.031075849041457437, 4.080337487939163, 0.9448178635278326]"
2.4341381000122055,1,-0.217010244278736,-0.2170095284069979,-7.158717381106072e-07,2.105646288812969e-06,"(-0.03107108175754547, 4.08033561706543, 0.9448167681694031)","[-0.031075849041457437, 4.080337487939163, 0.9448178635278326]"
2.434160799952224,2,-0.4554810493085537,-0.45548138076374234,3.3145518862909285e-07,-1.2380284326111572e-06,"(-0.03107108175754547, 4.08033561706543, 0.9448167681694031)","[-0.031075849041457437, 4.080337487939163, 0.9448178635278326]"
2.434179399977438,3,1.2892286201211434,1.2892281174729465,5.026481968428698e-07,-1.5387396866959447e-06,"(-0.03107108175754547, 4.08033561706543, 0.9448167681694031)","[-0.031075849041457437, 4.080337487939163, 0.9448178635278326]"
2.434192799963057,4,-0.30381585306287046,-0.30381704587810326,1.192815232808897e-06,-4.342465940059113e-07,"(-0.03107108175754547, 4.08033561706543, 0.9448167681694031)","[-0.031075849041457437, 4.080337487939163, 0.9448178635278326]"
2.434206699952483,5,0.06351795895949292,0.06351641845170646,1.540507786459977e-06,-1.0620320311862829e-05,"(-0.03107108175754547, 4.08033561706543, 0.9448167681694031)","[-0.031075849041457437, 4.080337487939163, 0.9448178635278326]"
2.4342199999373406,6,-1.8867826023025824,-1.8867824770468236,-1.2525575887600837e-07,-1.9044190252769963e-06,"(-0.03107108175754547, 4.08033561706543, 0.9448167681694031)","[-0.031075849041457437, 4.080337487939163, 0.9448178635278326]"
2.492695900029503,0,0.24002140844232514,0.24002098427864121,4.241636839263929e-07,-9.662810003169208e-07,"(-0.031070997938513756, 4.08033561706543, 0.9448167085647583)","[-0.031075849041457437, 4.080337487939163, 0.9448178635278326]"
2.492759000044316,1,-0.217010244278736,-0.21700951511035407,-7.291683819243833e-07,1.21205430987478e-06,"(-0.031070997938513756, 4.08033561706543, 0.9448167085647583)","[-0.031075849041457437, 4.080337487939163, 0.9448178635278326]"
2.49278069997672,2,-0.4554810493085537,-0.45548138876682,3.3945826627412856e-07,-7.91378083912848e-07,"(-0.031070997938513756, 4.08033561706543, 0.9448167085647583)","[-0.031075849041457437, 4.080337487939163, 0.9448178635278326]"
2.4927953999722376,3,1.2892286201211434,1.2892281078721095,5.122490338571595e-07,-8.905893682555799e-07,"(-0.031070997938513756, 4.08033561706543, 0.9448167085647583)","[-0.031075849041457437, 4.080337487939163, 0.9448178635278326]"
2.492809299961664,4,-0.30381585306287046,-0.3038170446157568,1.191552886359304e-06,8.161014833933503e-07,"(-0.031070997938513756, 4.08033561706543, 0.9448167085647583)","[-0.031075849041457437, 4.080337487939163, 0.9448178635278326]"
2.492822999949567,5,0.06351795895949292,0.06351634535658311,1.613602909802947e-06,-7.96657291748423e-06,"(-0.031070997938513756, 4.08033561706543, 0.9448167085647583)","[-0.031075849041457437, 4.080337487939163, 0.9448178635278326]"
2.4928364999359474,6,-1.8867826023025824,-1.8867824950823702,-1.0722021226428069e-07,-2.5654160448581594e-06,"(-0.031070997938513756, 4.08033561706543, 0.9448167085647583)","[-0.031075849041457437, 4.080337487939163, 0.9448178635278326]"
2.552445900044404,0,0.24002140844232514,0.2400209785476885,4.2989463663878347e-07,-4.858666149775534e-07,"(-0.031070951372385025, 4.08033561706543, 0.9448166489601135)","[-0.031075849041457437, 4.080337487939163, 0.9448178635278326]"
2.5524888000218198,1,-0.217010244278736,-0.21700950841109615,-7.358676398505626e-07,4.5074779289568855e-07,"(-0.031070951372385025, 4.08033561706543, 0.9448166489601135)","[-0.031075849041457437, 4.080337487939163, 0.9448178635278326]"
2.5525055000325665,2,-0.4554810493085537,-0.4554813934407788,3.4413222510520924e-07,-4.0483263156628697e-07,"(-0.031070951372385025, 4.08033561706543, 0.9448166489601135)","[-0.031075849041457437, 4.080337487939163, 0.9448178635278326]"
2.5525201000273228,3,1.2892286201211434,1.2892281030541353,5.170670080989481e-07,-3.380299307171932e-07,"(-0.031070951372385025, 4.08033561706543, 0.9448166489601135)","[-0.031075849041457437, 4.080337487939163, 0.9448178635278326]"
2.5525344000197947,4,-0.30381585306287046,-0.30381703457767895,1.1815148084903804e-06,1.8031780300858556e-06,"(-0.031070951372385025, 4.08033561706543, 0.9448166489601135)","[-0.031075849041457437, 4.080337487939163, 0.9448178635278326]"
2.552547700004652,5,0.06351795895949292,0.06351629244359466,1.6665158982520634e-06,-5.596518441695383e-06,"(-0.031070951372385025, 4.08033561706543, 0.9448166489601135)","[-0.031075849041457437, 4.080337487939163, 0.9448178635278326]"
2.5525620999978855,6,-1.8867826023025824,-1.8867825162158265,-8.608675594601323e-08,-2.8455847729320756e-06,"(-0.031070951372385025, 4.08033561706543, 0.9448166489601135)","[-0.031075849041457437, 4.080337487939163, 0.9448178635278326]"
2.608795700012706,0,0.24002140844232514,0.2400209763740935,4.320682316372171e-07,-7.478765789273855e-08,"(-0.03107093647122383, 4.08033561706543, 0.9448166489601135)","[-0.031075849041457437, 4.080337487939163, 0.9448178635278326]"
2.608827800024301,1,-0.217010244278736,-0.21700950732838278,-7.369503532139721e-07,-1.9571102086956799e-07,"(-0.03107093647122383, 4.08033561706543, 0.9448166489601135)","[-0.031075849041457437, 4.080337487939163, 0.9448178635278326]"
2.6088434000266716,2,-0.4554810493085537,-0.455481395245587,3.4593703329699466e-07,-7.271345100887854e-08,"(-0.03107093647122383, 4.08033561706543, 0.9448166489601135)","[-0.031075849041457437, 4.080337487939163, 0.9448178635278326]"
2.608857400016859,3,1.2892286201211434,1.2892281023021044,5.1781903898096e-07,1.302876430619465e-07,"(-0.03107093647122383, 4.08033561706543, 0.9448166489601135)","[-0.031075849041457437, 4.080337487939163, 0.9448178635278326]"
2.608871200005524,4,-0.30381585306287046,-0.30381701761671526,1.164553844801297e-06,2.5775789109018974e-06,"(-0.03107093647122383, 4.08033561706543, 0.9448166489601135)","[-0.031075849041457437, 4.080337487939163, 0.9448178635278326]"
2.6088840999873355,5,0.06351795895949292,0.06351625742405399,1.7015354389221526e-06,-3.502161063691092e-06,"(-0.03107093647122383, 4.08033561706543, 0.9448166489601135)","[-0.031075849041457437, 4.080337487939163, 0.9448178635278326]"
2.608897399972193,6,-1.8867826023025824,-1.8867825381461805,-6.415640196877348e-08,-2.876779192623468e-06,"(-0.03107093647122383, 4.08033561706543, 0.9448166489601135)","[-0.031075849041457437, 4.080337487939163, 0.9448178635278326]"
2.658711800002493,0,0.24002140844232514,0.24002097723629276,4.3120603238078203e-07,2.7494127611843656e-07,"(-0.031070951372385025, 4.08033561706543, 0.9448167085647583)","[-0.031075849041457437, 4.080337487939163, 0.9448178635278326]"
2.658761200029403,1,-0.217010244278736,-0.2170095110067992,-7.332719368091656e-07,-7.41932054153676e-07,"(-0.031070951372385025, 4.08033561706543, 0.9448167085647583)","[-0.031075849041457437, 4.080337487939163, 0.9448178635278326]"
2.658778400043957,2,-0.4554810493085537,-0.4554813945954372,3.452868834741274e-07,2.1050500153374163e-07,"(-0.031070951372385025, 4.08033561706543, 0.9448167085647583)","[-0.031075849041457437, 4.080337487939163, 0.9448178635278326]"
2.6587935000425205,3,1.2892286201211434,1.2892281049852647,5.151358786203986e-07,5.245674052567859e-07,"(-0.031070951372385025, 4.08033561706543, 0.9448167085647583)","[-0.031075849041457437, 4.080337487939163, 0.9448178635278326]"
2.6588083000387996,4,-0.30381585306287046,-0.3038169952358556,1.1421729851357476e-06,3.1793766614599172e-06,"(-0.031070951372385025, 4.08033561706543, 0.9448167085647583)","[-0.031075849041457437, 4.080337487939163, 0.9448178635278326]"
2.658828299958259,5,0.06351795895949292,0.06351623811705596,1.720842436950254e-06,-1.6688858979280057e-06,"(-0.031070951372385025, 4.08033561706543, 0.9448167085647583)","[-0.031075849041457437, 4.080337487939163, 0.9448178635278326]"
2.6588514000177383,6,-1.8867826023025824,-1.8867825594040277,-4.289855470851478e-08,-2.7508856414317248e-06,"(-0.031070951372385025, 4.08033561706543, 0.9448167085647583)","[-0.031075849041457437, 4.080337487939163, 0.9448178635278326]"
2.71634229994379,0,0.24002140844232514,0.2400209806727084,4.277696167287459e-07,5.704070792061575e-07,"(-0.03107099048793316, 4.08033561706543, 0.9448167681694031)","[-0.031075849041457437, 4.080337487939163, 0.9448178635278326]"
2.7163792999926955,1,-0.217010244278736,-0.21700951869755153,-7.255811844686377e-07,-1.2003910498517291e-06,"(-0.03107099048793316, 4.08033561706543, 0.9448167681694031)","[-0.031075849041457437, 4.080337487939163, 0.9448178635278326]"
2.7163951999973506,2,-0.4554810493085537,-0.4554813918609254,3.4255237169045216e-07,4.500505639240511e-07,"(-0.03107099048793316, 4.08033561706543, 0.9448167681694031)","[-0.031075849041457437, 4.080337487939163, 0.9448178635278326]"
2.7164092999882996,3,1.2892286201211434,1.2892281105499672,5.095711761438082e-07,8.53924877835842e-07,"(-0.03107099048793316, 4.08033561706543, 0.9448167681694031)","[-0.031075849041457437, 4.080337487939163, 0.9448178635278326]"
2.7164228999754414,4,-0.30381585306287046,-0.3038169686593191,1.1155964486642134e-06,3.640563129512676e-06,"(-0.03107099048793316, 4.08033561706543, 0.9448167681694031)","[-0.031075849041457437, 4.080337487939163, 0.9448178635278326]"
2.716436899965629,5,0.06351795895949292,0.06351623248441941,1.7264750735018763e-06,-7.852738403070578e-08,"(-0.03107099048793316, 4.08033561706543, 0.9448167681694031)","[-0.031075849041457437, 4.080337487939163, 0.9448178635278326]"
2.716450299951248,6,-1.8867826023025824,-1.8867825790965957,-2.320598668781315e-08,-2.5314662866611564e-06,"(-0.03107099048793316, 4.08033561706543, 0.9448167681694031)","[-0.031075849041457437, 4.080337487939163, 0.9448178635278326]"
2.775157199939713,0,0.24002140844232514,0.24002098627519364,4.22167131503004e-07,8.179275654651299e-07,"(-0.031071050092577934, 4.08033561706543, 0.9448168277740479)","[-0.031075849041457437, 4.080337487939163, 0.9448178635278326]"
2.7751923999749124,1,-0.217010244278736,-0.21700952974390336,-7.14534832635394e-07,-1.5818950433963224e-06,"(-0.031071050092577934, 4.08033561706543, 0.9448168277740479)","[-0.031075849041457437, 4.080337487939163, 0.9448178635278326]"
2.775210399995558,2,-0.4554810493085537,-0.45548138737195837,3.3806340465902807e-07,6.507811259169358e-07,"(-0.031071050092577934, 4.08033561706543, 0.9448168277740479)","[-0.031075849041457437, 4.080337487939163, 0.9448178635278326]"
2.775225799996406,3,1.2892286201211434,1.2892281185112306,5.016099127175266e-07,1.1264689731893688e-06,"(-0.031071050092577934, 4.08033561706543, 0.9448168277740479)","[-0.031075849041457437, 4.080337487939163, 0.9448178635278326]"
2.7752399999881163,4,-0.30381585306287046,-0.30381693888754324,1.0858246727862841e-06,3.986862795093638e-06,"(-0.031071050092577934, 4.08033561706543, 0.9448168277740479)","[-0.031075849041457437, 4.080337487939163, 0.9448178635278326]"
2.775253799976781,5,0.06351795895949292,0.06351623864750072,1.7203119921926913e-06,1.2886774468466274e-06,"(-0.031071050092577934, 4.08033561706543, 0.9448168277740479)","[-0.031075849041457437, 4.080337487939163, 0.9448178635278326]"
2.775269699981436,6,-1.8867826023025824,-1.8867825967271599,-5.575422568071531e-09,-2.2620307432706354e-06,"(-0.031071050092577934, 4.08033561706543, 0.9448168277740479)","[-0.031075849041457437, 4.080337487939163, 0.9448178635278326]"
2.8287301999516785,0,0.24002140844232514,0.24002099368334404,4.1475898110432396e-07,1.023150095181468e-06,"(-0.031071126461029053, 4.080336093902588, 0.9448168873786926)","[-0.031075849041457437, 4.080337487939163, 0.9448178635278326]"
2.8287827000021935,1,-0.217010244278736,-0.21700954356950838,-7.007092276134497e-07,-1.8959026770946758e-06,"(-0.031071126461029053, 4.080336093902588, 0.9448168873786926)","[-0.031075849041457437, 4.080337487939163, 0.9448178635278326]"
2.82879940001294,2,-0.4554810493085537,-0.4554813814209734,3.3211241967645577e-07,8.171564780907946e-07,"(-0.031071126461029053, 4.080336093902588, 0.9448168873786926)","[-0.031075849041457437, 4.080337487939163, 0.9448178635278326]"
2.8288136000046507,3,1.2892286201211434,1.2892281284450418,4.916761016104942e-07,1.3493933545172807e-06,"(-0.031071126461029053, 4.080336093902588, 0.9448168873786926)","[-0.031075849041457437, 4.080337487939163, 0.9448178635278326]"
2.828827299992554,4,-0.30381585306287046,-0.30381690674012096,1.053677250506535e-06,4.239094685548349e-06,"(-0.031071126461029053, 4.080336093902588, 0.9448168873786926)","[-0.031075849041457437, 4.080337487939163, 0.9448178635278326]"
2.828841399983503,5,0.06351795895949292,0.0635162548925367,1.7040669562096156e-06,2.4528571702203947e-06,"(-0.031071126461029053, 4.080336093902588, 0.9448168873786926)","[-0.031075849041457437, 4.080337487939163, 0.9448178635278326]"
2.8288557999767363,6,-1.8867826023025824,-1.8867826120673616,9.764779207444008e-09,-1.9719201443790823e-06,"(-0.031071126461029053, 4.080336093902588, 0.9448168873786926)","[-0.031075849041457437, 4.080337487939163, 0.9448178635278326]"
2.89219109993428,0,0.24002140844232514,0.2400210025794875,4.058628376435447e-07,1.1911297491690919e-06,"(-0.031071215867996216, 4.080336093902588, 0.9448169469833374)","[-0.031075849041457437, 4.080337487939163, 0.9448178635278326]"
2.89224049996119,1,-0.217010244278736,-0.2170095596687806,-6.846099553925455e-07,-2.1507515498543442e-06,"(-0.031071215867996216, 4.080336093902588, 0.9448169469833374)","[-0.031075849041457437, 4.080337487939163, 0.9448178635278326]"
2.892286999966018,2,-0.4554810493085537,-0.45548137426622254,3.249576688291178e-07,9.532364651057258e-07,"(-0.031071215867996216, 4.080336093902588, 0.9448169469833374)","[-0.031075849041457437, 4.080337487939163, 0.9448178635278326]"
2.8923177999677137,3,1.2892286201211434,1.2892281399814103,4.801397330833623e-07,1.5290682458398332e-06,"(-0.031071215867996216, 4.080336093902588, 0.9448169469833374)","[-0.031075849041457437, 4.080337487939163, 0.9448178635278326]"
2.8923496999777853,4,-0.30381585306287046,-0.30381687288961573,1.0198267452743437e-06,4.414206244704666e-06,"(-0.031071215867996216, 4.080336093902588, 0.9448169469833374)","[-0.031075849041457437, 4.080337487939163, 0.9448178635278326]"
2.8923760999459773,5,0.06351795895949292,0.06351627966883357,1.6792906593482426e-06,3.4337422603762366e-06,"(-0.031071215867996216, 4.080336093902588, 0.9448169469833374)","[-0.031075849041457437, 4.080337487939163, 0.9448178635278326]"
2.892407099949196,6,-1.8867826023025824,-1.886782625067186,2.276460353556331e-08,-1.680496363288649e-06,"(-0.031071215867996216, 4.080336093902588, 0.9448169469833374)","[-0.031075849041457437, 4.080337487939163, 0.9448178635278326]"
2.950883899931796,0,0.24002140844232514,0.24002101268422701,3.9575809812619767e-07,1.3263935784107234e-06,"(-0.031071316450834274, 4.080336093902588, 0.9448170065879822)","[-0.031075849041457437, 4.080337487939163, 0.9448178635278326]"
2.950946699944325,1,-0.217010244278736,-0.2170095775987476,-6.666799884091912e-07,-2.3538254121958837e-06,"(-0.031071316450834274, 4.080336093902588, 0.9448170065879822)","[-0.031075849041457437, 4.080337487939163, 0.9448178635278326]"
2.9509644999634475,2,-0.4554810493085537,-0.4554813661349756,3.168264218755823e-07,1.0626943439817202e-06,"(-0.031071316450834274, 4.080336093902588, 0.9448170065879822)","[-0.031075849041457437, 4.080337487939163, 0.9448178635278326]"
2.9509816999780014,3,1.2892286201211434,1.289228152798151,4.673229923035649e-07,1.6711278750607083e-06,"(-0.031071316450834274, 4.080336093902588, 0.9448170065879822)","[-0.031075849041457437, 4.080337487939163, 0.9448178635278326]"
2.9509961999719962,4,-0.30381585306287046,-0.30381683788839997,9.848255295152875e-07,4.526066037753275e-06,"(-0.031071316450834274, 4.080336093902588, 0.9448170065879822)","[-0.031075849041457437, 4.080337487939163, 0.9448178635278326]"
2.9510109999682754,5,0.06351795895949292,0.06351631158260734,1.6473768855718163e-06,4.250205740122392e-06,"(-0.031071316450834274, 4.080336093902588, 0.9448170065879822)","[-0.031075849041457437, 4.080337487939163, 0.9448178635278326]"
2.951025399961509,6,-1.8867826023025824,-1.8867826357917554,3.348917299028642e-08,-1.4001255216041239e-06,"(-0.031071316450834274, 4.080336093902588, 0.9448170065879822)","[-0.031075849041457437, 4.080337487939163, 0.9448178635278326]"
3.0079603999620304,0,0.24002140844232514,0.2400210237524478,3.8468987734185944e-07,1.4329950376640264e-06,"(-0.03107142634689808, 4.080336093902588, 0.9448171257972717)","[-0.031075849041457437, 4.080337487939163, 0.9448178635278326]"
3.008007499971427,1,-0.217010244278736,-0.21700959697202418,-6.47306711815121e-07,-2.511681858295264e-06,"(-0.03107142634689808, 4.080336093902588, 0.9448171257972717)","[-0.031075849041457437, 4.080337487939163, 0.9448178635278326]"
3.0080339999403805,2,-0.4554810493085537,-0.4554813572265606,3.0791800686991166e-07,1.1488384274541772e-06,"(-0.03107142634689808, 4.080336093902588, 0.9448171257972717)","[-0.031075849041457437, 4.080337487939163, 0.9448178635278326]"
3.00805780000519,3,1.2892286201211434,1.2892281666153436,4.5350579980230066e-07,1.7805512643229586e-06,"(-0.03107142634689808, 4.080336093902588, 0.9448171257972717)","[-0.031075849041457437, 4.080337487939163, 0.9448178635278326]"
3.0080808999482542,4,-0.30381585306287046,-0.3038168021901103,9.491272398576278e-07,4.586077016062586e-06,"(-0.03107142634689808, 4.080336093902588, 0.9448171257972717)","[-0.031075849041457437, 4.080337487939163, 0.9448178635278326]"
3.0081040000077337,5,0.06351795895949292,0.0635163493883022,1.609571190719361e-06,4.92000198630641e-06,"(-0.03107142634689808, 4.080336093902588, 0.9448171257972717)","[-0.031075849041457437, 4.080337487939163, 0.9448178635278326]"
3.008126899949275,6,-1.8867826023025824,-1.8867826443772244,4.207464199268429e-08,-1.1383021866646363e-06,"(-0.03107142634689808, 4.080336093902588, 0.9448171257972717)","[-0.031075849041457437, 4.080337487939163, 0.9448178635278326]"
3.06443989998661,0,0.24002140844232514,0.24002103556972532,3.728725998242144e-07,1.5145612182976476e-06,"(-0.03107154369354248, 4.080336093902588, 0.9448172450065613)","[-0.031075849041457437, 4.080337487939163, 0.9448178635278326]"
3.06448930001352,1,-0.217010244278736,-0.21700961745066583,-6.26828070171559e-07,-2.6301535296997307e-06,"(-0.03107154369354248, 4.080336093902588, 0.9448172450065613)","[-0.031075849041457437, 4.080337487939163, 0.9448178635278326]"
3.064516399987042,2,-0.4554810493085537,-0.4554813477152011,2.984066473921132e-07,1.214637755178604e-06,"(-0.03107154369354248, 4.080336093902588, 0.9448172450065613)","[-0.031075849041457437, 4.080337487939163, 0.9448178635278326]"
3.064540799940005,3,1.2892286201211434,1.2892281811904083,4.3893073509160274e-07,1.8617355093821968e-06,"(-0.03107154369354248, 4.080336093902588, 0.9448172450065613)","[-0.031075849041457437, 4.080337487939163, 0.9448178635278326]"
3.0645648000063375,4,-0.30381585306287046,-0.30381676616691095,9.131040404897206e-07,4.6036548933068794e-06,"(-0.03107154369354248, 4.080336093902588, 0.9448172450065613)","[-0.031075849041457437, 4.080337487939163, 0.9448178635278326]"
3.0645885999547318,5,0.06351795895949292,0.06351639197857524,1.5669809176749316e-06,5.459634406423426e-06,"(-0.03107154369354248, 4.080336093902588, 0.9448172450065613)","[-0.031075849041457437, 4.080337487939163, 0.9448178635278326]"
3.064614300034009,6,-1.8867826023025824,-1.88678265100026,4.869767766813027e-08,-8.991602601509729e-07,"(-0.03107154369354248, 4.080336093902588, 0.9448172450065613)","[-0.031075849041457437, 4.080337487939163, 0.9448178635278326]"
3.1188142999308184,0,0.24002140844232514,0.24002104794908566,3.6049323948184053e-07,1.574334556303369e-06,"(-0.03107166476547718, 4.080336093902588, 0.944817304611206)","[-0.031075849041457437, 4.080337487939163, 0.9448178635278326]"
3.1189030000241473,1,-0.217010244278736,-0.21700963874073623,-6.05537999770478e-07,-2.7144310686865666e-06,"(-0.03107166476547718, 4.080336093902588, 0.944817304611206)","[-0.031075849041457437, 4.080337487939163, 0.9448178635278326]"
3.1189323000144213,2,-0.4554810493085537,-0.45548133775263366,2.884440799544308e-07,1.2627491966815339e-06,"(-0.03107166476547718, 4.080336093902588, 0.944817304611206)","[-0.031075849041457437, 4.080337487939163, 0.9448178635278326]"
3.1189589999848977,3,1.2892286201211434,1.2892281963137373,4.238074060580743e-07,1.9185615091522327e-06,"(-0.03107166476547718, 4.080336093902588, 0.944817304611206)","[-0.031075849041457437, 4.080337487939163, 0.9448178635278326]"
3.118983899941668,4,-0.30381585306287046,-0.30381673012347116,8.770606007013626e-07,4.586604090868095e-06,"(-0.03107166476547718, 4.080336093902588, 0.944817304611206)","[-0.031075849041457437, 4.080337487939163, 0.9448178635278326]"
3.119008000008762,5,0.06351795895949292,0.06351643837371902,1.5205857738925799e-06,5.884306603471575e-06,"(-0.03107166476547718, 4.080336093902588, 0.944817304611206)","[-0.031075849041457437, 4.080337487939163, 0.9448178635278326]"
3.1190320999594405,6,-1.8867826023025824,-1.8867826558571785,5.355459609113211e-08,-6.845456755183058e-07,"(-0.03107166476547718, 4.080336093902588, 0.944817304611206)","[-0.031075849041457437, 4.080337487939163, 0.9448178635278326]"
3.17573859996628,0,0.24002140844232514,0.24002106072808002,3.4771424511914617e-07,1.6152101168423582e-06,"(-0.03107178956270218, 4.080336093902588, 0.9448174238204956)","[-0.031075849041457437, 4.080337487939163, 0.9448178635278326]"
3.17578659998253,1,-0.217010244278736,-0.2170096605874731,-5.836912629064717e-07,-2.7691330635365874e-06,"(-0.03107178956270218, 4.080336093902588, 0.9448174238204956)","[-0.031075849041457437, 4.080337487939163, 0.9448178635278326]"
3.1758135999552906,2,-0.4554810493085537,-0.4554813274705035,2.7816194980712083e-07,1.2955444450765316e-06,"(-0.03107178956270218, 4.080336093902588, 0.9448174238204956)","[-0.031075849041457437, 4.080337487939163, 0.9448178635278326]"
3.1758381000254303,3,1.2892286201211434,1.2892282118048193,4.083163240853338e-07,1.9544525206062298e-06,"(-0.03107178956270218, 4.080336093902588, 0.9448174238204956)","[-0.031075849041457437, 4.080337487939163, 0.9448178635278326]"
3.175870000035502,4,-0.30381585306287046,-0.3038166943083462,8.412454757245058e-07,4.5414152393225495e-06,"(-0.03107178956270218, 4.080336093902588, 0.9448174238204956)","[-0.031075849041457437, 4.080337487939163, 0.9448178635278326]"
3.1759061999619007,5,0.06351795895949292,0.06351648771101859,1.4712484743273357e-06,6.20792709752151e-06,"(-0.03107178956270218, 4.080336093902588, 0.9448174238204956)","[-0.031075849041457437, 4.080337487939163, 0.9448178635278326]"
3.1759387999773026,6,-1.8867826023025824,-1.8867826591499204,5.684733794808494e-08,-4.947758228555312e-07,"(-0.03107178956270218, 4.080336093902588, 0.9448174238204956)","[-0.031075849041457437, 4.080337487939163, 0.9448178635278326]"
3.2280039000324905,0,0.24002140844232514,0.24002107376614173,3.346761834055467e-07,1.639769194192641e-06,"(-0.031071916222572327, 4.080336093902588, 0.9448175430297852)","[-0.031075849041457437, 4.080337487939163, 0.9448178635278326]"
3.2280370999360457,1,-0.217010244278736,-0.2170096827709668,-5.615077691978332e-07,-2.798366357324156e-06,"(-0.031071916222572327, 4.080336093902588, 0.9448175430297852)","[-0.031075849041457437, 4.080337487939163, 0.9448178635278326]"
3.228052599937655,2,-0.4554810493085537,-0.4554813169825447,2.6767399097238354e-07,1.3151360107573445e-06,"(-0.031071916222572327, 4.080336093902588, 0.9448175430297852)","[-0.031075849041457437, 4.080337487939163, 0.9448178635278326]"
3.2280669000465423,3,1.2892286201211434,1.2892282275088043,3.92612339084053e-07,1.972426122102174e-06,"(-0.031071916222572327, 4.080336093902588, 0.9448175430297852)","[-0.031075849041457437, 4.080337487939163, 0.9448178635278326]"
3.2280808000359684,4,-0.30381585306287046,-0.3038166589232938,8.05860423336302e-07,4.4735020901085915e-06,"(-0.031071916222572327, 4.080336093902588, 0.9448175430297852)","[-0.031075849041457437, 4.080337487939163, 0.9448178635278326]"
3.228094100020826,5,0.06351795895949292,0.06351653923435766,1.4197251352598972e-06,6.443147793009858e-06,"(-0.031071916222572327, 4.080336093902588, 0.9448175430297852)","[-0.031075849041457437, 4.080337487939163, 0.9448178635278326]"
3.2281070000026375,6,-1.8867826023025824,-1.8867826610768565,5.87742741142705e-08,-3.291749686874731e-07,"(-0.031071916222572327, 4.080336093902588, 0.9448175430297852)","[-0.031075849041457437, 4.080337487939163, 0.9448178635278326]"
3.2771477999631315,0,0.24002140844232514,0.2400210869421991,3.215001260492567e-07,1.6503097440244626e-06,"(-0.031072044745087624, 4.080336093902588, 0.9448176026344299)","[-0.031075849041457437, 4.080337487939163, 0.9448178635278326]"
3.2771810999838635,1,-0.217010244278736,-0.2170097051022869,-5.391764490991768e-07,-2.8057789215203903e-06,"(-0.031072044745087624, 4.080336093902588, 0.9448176026344299)","[-0.031075849041457437, 4.080337487939163, 0.9448178635278326]"
3.27719709998928,2,-0.4554810493085537,-0.4554813063865564,2.570780026633912e-07,1.3234017358358834e-06,"(-0.031072044745087624, 4.080336093902588, 0.9448176026344299)","[-0.031075849041457437, 4.080337487939163, 0.9448178635278326]"
3.2772118999855593,3,1.2892286201211434,1.2892282432934588,3.7682768461166916e-07,1.9751402329924335e-06,"(-0.031072044745087624, 4.080336093902588, 0.9448176026344299)","[-0.031075849041457437, 4.080337487939163, 0.9448178635278326]"
3.277225899975747,4,-0.30381585306287046,-0.30381662413094035,7.710680698935768e-07,4.387391305736027e-06,"(-0.031072044745087624, 4.080336093902588, 0.9448176026344299)","[-0.031075849041457437, 4.080337487939163, 0.9448178635278326]"
3.277240199968219,5,0.06351795895949292,0.06351659228426844,1.3666752244761993e-06,6.601423005802767e-06,"(-0.031072044745087624, 4.080336093902588, 0.9448176026344299)","[-0.031075849041457437, 4.080337487939163, 0.9448178635278326]"
3.277252999949269,6,-1.8867826023025824,-1.8867826618269854,5.952440296219663e-08,-1.8644955390078362e-07,"(-0.031072044745087624, 4.080336093902588, 0.9448176026344299)","[-0.031075849041457437, 4.080337487939163, 0.9448178635278326]"
3.333517099963501,0,0.24002140844232514,0.2400211001525202,3.0828980493446956e-07,1.6488740262707416e-06,"(-0.03107217326760292, 4.080336570739746, 0.9448177218437195)","[-0.031075849041457437, 4.080337487939163, 0.9448178635278326]"
3.333558899932541,1,-0.217010244278736,-0.21700972742000485,-5.168587311477069e-07,-2.7946067630882557e-06,"(-0.03107217326760292, 4.080336570739746, 0.9448177218437195)","[-0.031075849041457437, 4.080337487939163, 0.9448178635278326]"
3.3335804999805987,2,-0.4554810493085537,-0.45548129576618845,2.464576347449565e-07,1.3220076009253272e-06,"(-0.03107217326760292, 4.080336570739746, 0.9448177218437195)","[-0.031075849041457437, 4.080337487939163, 0.9448178635278326]"
3.333599800011143,3,1.2892286201211434,1.289228259046464,3.610746792670483e-07,1.9649338372517046e-06,"(-0.03107217326760292, 4.080336570739746, 0.9448177218437195)","[-0.031075849041457437, 4.080337487939163, 0.9448178635278326]"
3.333618500037119,4,-0.30381585306287046,-0.30381659006111866,7.369982482074988e-07,4.286875355095419e-06,"(-0.03107217326760292, 4.080336570739746, 0.9448177218437195)","[-0.031075849041457437, 4.080337487939163, 0.9448178635278326]"
3.3336370999459177,5,0.06351795895949292,0.06351664628853844,1.3126709544758475e-06,6.693080247660404e-06,"(-0.03107217326760292, 4.080336570739746, 0.9448177218437195)","[-0.031075849041457437, 4.080337487939163, 0.9448178635278326]"
3.3336564999772236,6,-1.8867826023025824,-1.886782661576493,5.927391066862242e-08,-6.49491427325476e-08,"(-0.03107217326760292, 4.080336570739746, 0.9448177218437195)","[-0.031075849041457437, 4.080337487939163, 0.9448178635278326]"
3.3873081000056118,0,0.24002140844232514,0.24002111330876894,2.951335562051405e-07,1.6372737498267104e-06,"(-0.031072301790118217, 4.080336570739746, 0.944817841053009)","[-0.031075849041457437, 4.080337487939163, 0.9448178635278326]"
3.387355100014247,1,-0.217010244278736,-0.2170097495870704,-4.946916656034528e-07,-2.767715873905864e-06,"(-0.031072301790118217, 4.080336570739746, 0.944817841053009)","[-0.031075849041457437, 4.080337487939163, 0.9448178635278326]"
3.387371200020425,2,-0.4554810493085537,-0.45548128519255127,2.3588399755691825e-07,1.3124287480528816e-06,"(-0.031072301790118217, 4.080336570739746, 0.944817841053009)","[-0.031075849041457437, 4.080337487939163, 0.9448178635278326]"
3.3873850000090897,3,1.2892286201211434,1.2892282746730206,3.454481227738171e-07,1.9438630240526065e-06,"(-0.031072301790118217, 4.080336570739746, 0.944817841053009)","[-0.031075849041457437, 4.080337487939163, 0.9448178635278326]"
3.3873981999931857,4,-0.30381585306287046,-0.30381655681613207,7.037532616105402e-07,4.175136335801083e-06,"(-0.031072301790118217, 4.080336570739746, 0.944817841053009)","[-0.031075849041457437, 4.080337487939163, 0.9448178635278326]"
3.3874265999766067,5,0.06351795895949292,0.06351670075343416,1.2582060587573718e-06,6.7273968877879266e-06,"(-0.031072301790118217, 4.080336570739746, 0.944817841053009)","[-0.031075849041457437, 4.080337487939163, 0.9448178635278326]"
3.3874395999591798,6,-1.8867826023025824,-1.8867826604869464,5.818436399351867e-08,3.715415901382372e-08,"(-0.031072301790118217, 4.080336570739746, 0.944817841053009)","[-0.031075849041457437, 4.080337487939163, 0.9448178635278326]"
3.4369576999451965,0,0.24002140844232514,0.240021126336253,2.8210607214140815e-07,1.617112954639026e-06,"(-0.031072428449988365, 4.080336570739746, 0.9448179602622986)","[-0.031075849041457437, 4.080337487939163, 0.9448178635278326]"
3.4369887999491766,1,-0.217010244278736,-0.21700977148800563,-4.727907303714307e-07,-2.7276399435731856e-06,"(-0.031072428449988365, 4.080336570739746, 0.9448179602622986)","[-0.031075849041457437, 4.080337487939163, 0.9448178635278326]"
3.437004499952309,2,-0.4554810493085537,-0.4554812747256639,2.2541711020007682e-07,1.2959687366022566e-06,"(-0.031072428449988365, 4.080336570739746, 0.9448179602622986)","[-0.031075849041457437, 4.080337487939163, 0.9448178635278326]"
3.4370184999424964,3,1.2892286201211434,1.2892282900937206,3.3002742272358887e-07,1.913732898787731e-06,"(-0.031072428449988365, 4.080336570739746, 0.9448179602622986)","[-0.031075849041457437, 4.080337487939163, 0.9448178635278326]"
3.4370325999334455,4,-0.30381585306287046,-0.3038165244751449,6.714122744444495e-07,4.054846776132562e-06,"(-0.031072428449988365, 4.080336570739746, 0.9448179602622986)","[-0.031075849041457437, 4.080337487939163, 0.9448178635278326]"
3.4370455000316724,5,0.06351795895949292,0.06351675525556547,1.2037039274492844e-06,6.712678774300858e-06,"(-0.031072428449988365, 4.080336570739746, 0.9448179602622986)","[-0.031075849041457437, 4.080337487939163, 0.9448178635278326]"
3.437058400013484,6,-1.8867826023025824,-1.8867826587045948,5.6402012393874656e-08,1.2174427004753714e-07,"(-0.031072428449988365, 4.080336570739746, 0.9448179602622986)","[-0.031075849041457437, 4.080337487939163, 0.9448178635278326]"
3.4875924999359995,0,0.24002140844232514,0.24002113917234696,2.6926997817589005e-07,1.5898088309788807e-06,"(-0.031072551384568214, 4.080336570739746, 0.9448180198669434)","[-0.031075849041457437, 4.080337487939163, 0.9448178635278326]"
3.487624599947594,1,-0.217010244278736,-0.21700979302638534,-4.512523506527977e-07,-2.6766143713446336e-06,"(-0.031072551384568214, 4.080336570739746, 0.9448180198669434)","[-0.031075849041457437, 4.080337487939163, 0.9448178635278326]"
3.487640399951488,2,-0.4554810493085537,-0.4554812644157548,2.1510720110695658e-07,1.2737771015777665e-06,"(-0.031072551384568214, 4.080336570739746, 0.9448180198669434)","[-0.031075849041457437, 4.080337487939163, 0.9448178635278326]"
3.4876545999431983,3,1.2892286201211434,1.289228305242663,3.1487848040079314e-07,1.876125860146677e-06,"(-0.031072551384568214, 4.080336570739746, 0.9448180198669434)","[-0.031075849041457437, 4.080337487939163, 0.9448178635278326]"
3.487667900044471,4,-0.30381585306287046,-0.30381649309786013,6.40034989674021e-07,3.928252108388502e-06,"(-0.031072551384568214, 4.080336570739746, 0.9448180198669434)","[-0.031075849041457437, 4.080337487939163, 0.9448178635278326]"
3.487681800033897,5,0.06351795895949292,0.0635168094343907,1.1495251022175523e-06,6.656338222878148e-06,"(-0.031072551384568214, 4.080336570739746, 0.9448180198669434)","[-0.031075849041457437, 4.080337487939163, 0.9448178635278326]"
3.4876953000202775,6,-1.8867826023025824,-1.8867826563604109,5.405782843581619e-08,1.9068079347651456e-07,"(-0.031072551384568214, 4.080336570739746, 0.9448180198669434)","[-0.031075849041457437, 4.080337487939163, 0.9448178635278326]"
3.5385523999575526,0,0.24002140844232514,0.24002115176507421,2.5667725092604066e-07,1.5566106512799466e-06,"(-0.031072674319148064, 4.080336570739746, 0.9448181390762329)","[-0.031075849041457437, 4.080337487939163, 0.9448178635278326]"
3.538699800032191,1,-0.217010244278736,-0.21700981412257597,-4.3015616002506363e-07,-2.616606995202362e-06,"(-0.031072674319148064, 4.080336570739746, 0.9448181390762329)","[-0.031075849041457437, 4.080337487939163, 0.9448178635278326]"
3.5387451000278816,2,-0.4554810493085537,-0.4554812543044286,2.0499587488620463e-07,1.246865310819204e-06,"(-0.031072674319148064, 4.080336570739746, 0.9448181390762329)","[-0.031075849041457437, 4.080337487939163, 0.9448178635278326]"
3.53876260004472,3,1.2892286201211434,1.2892283200657775,3.000553658871752e-07,1.8324266789973203e-06,"(-0.031072674319148064, 4.080336570739746, 0.9448181390762329)","[-0.031075849041457437, 4.080337487939163, 0.9448178635278326]"
3.538776500034146,4,-0.30381585306287046,-0.3038164627276107,6.096647402475952e-07,3.7972384812625713e-06,"(-0.031072674319148064, 4.080336570739746, 0.9448181390762329)","[-0.031075849041457437, 4.080337487939163, 0.9448178635278326]"
3.5387905000243336,5,0.06351795895949292,0.0635168629853467,1.095974146214651e-06,6.564969684736436e-06,"(-0.031072674319148064, 4.080336570739746, 0.9448181390762329)","[-0.031075849041457437, 4.080337487939163, 0.9448178635278326]"
3.5388035000069067,6,-1.8867826023025824,-1.8867826535706105,5.126802804511499e-08,2.457476537156925e-07,"(-0.031072674319148064, 4.080336570739746, 0.9448181390762329)","[-0.031075849041457437, 4.080337487939163, 0.9448178635278326]"
3.5909981000004336,0,0.24002140844232514,0.24002116407183344,2.4437049170322744e-07,1.5186169693898065e-06,"(-0.031072791665792465, 4.080336570739746, 0.9448181986808777)","[-0.031075849041457437, 4.080337487939163, 0.9448178635278326]"
3.5910441000014544,1,-0.217010244278736,-0.21700983471170823,-4.0956702776484555e-07,-2.5493458785046077e-06,"(-0.031072791665792465, 4.080336570739746, 0.9448181986808777)","[-0.031075849041457437, 4.080337487939163, 0.9448178635278326]"
3.591070199967362,2,-0.4554810493085537,-0.4554812444257108,1.9511715709796817e-07,1.2161212289590779e-06,"(-0.031072791665792465, 4.080336570739746, 0.9448181986808777)","[-0.031075849041457437, 4.080337487939163, 0.9448178635278326]"
3.5910938000306487,3,1.2892286201211434,1.2892283345193385,2.8560180487247067e-07,1.7838447675989523e-06,"(-0.031072791665792465, 4.080336570739746, 0.9448181986808777)","[-0.031075849041457437, 4.080337487939163, 0.9448178635278326]"
3.591116499970667,4,-0.30381585306287046,-0.30381643339396786,5.803310973995224e-07,3.6633887664263274e-06,"(-0.031072791665792465, 4.080336570739746, 0.9448181986808777)","[-0.031075849041457437, 4.080337487939163, 0.9448178635278326]"
3.591139700030908,5,0.06351795895949292,0.06351691565357867,1.0433059142445078e-06,6.444422042348781e-06,"(-0.031072791665792465, 4.080336570739746, 0.9448181986808777)","[-0.031075849041457437, 4.080337487939163, 0.9448178635278326]"
3.5911623999709263,6,-1.8867826023025824,-1.8867826504374667,4.8134884300665703e-08,2.8862203513311046e-07,"(-0.031072791665792465, 4.080336570739746, 0.9448181986808777)","[-0.031075849041457437, 4.080337487939163, 0.9448178635278326]"
3.6409727999707684,0,0.24002140844232514,0.24002117605825649,2.3238406865466743e-07,1.476791232657012e-06,"(-0.031072907149791718, 4.080336570739746, 0.9448183178901672)","[-0.031075849041457437, 4.080337487939163, 0.9448178635278326]"
3.641022099996917,1,-0.217010244278736,-0.21700985474186144,-3.8953687456211306e-07,-2.476344438813568e-06,"(-0.031072907149791718, 4.080336570739746, 0.9448183178901672)","[-0.031075849041457437, 4.080337487939163, 0.9448178635278326]"
3.6410437000449747,2,-0.4554810493085537,-0.45548123480698316,1.854984294502593e-07,1.1823222068961073e-06,"(-0.031072907149791718, 4.080336570739746, 0.9448183178901672)","[-0.031075849041457437, 4.080337487939163, 0.9448178635278326]"
3.6410642999690026,3,1.2892286201211434,1.2892283485686469,2.715524964891358e-07,1.7314339655026153e-06,"(-0.031072907149791718, 4.080336570739746, 0.9448183178901672)","[-0.031075849041457437, 4.080337487939163, 0.9448178635278326]"
3.6410829999949783,4,-0.30381585306287046,-0.3038164051149483,5.520520778290461e-07,3.52802905869988e-06,"(-0.031072907149791718, 4.080336570739746, 0.9448183178901672)","[-0.031075849041457437, 4.080337487939163, 0.9448178635278326]"
3.641101900022477,5,0.06351795895949292,0.0635169672282378,9.91731255117756e-07,6.299866884511909e-06,"(-0.031072907149791718, 4.080336570739746, 0.9448183178901672)","[-0.031075849041457437, 4.080337487939163, 0.9448178635278326]"
3.64112079993356,6,-1.8867826023025824,-1.8867826470502909,4.474770842755049e-08,3.2085740314560203e-07,"(-0.031072907149791718, 4.080336570739746, 0.9448183178901672)","[-0.031075849041457437, 4.080337487939163, 0.9448178635278326]"
3.6888582999818027,0,0.24002140844232514,0.24002118769718514,2.2074514000047785e-07,1.4319759370265984e-06,"(-0.03107302077114582, 4.080336570739746, 0.944818377494812)","[-0.031075849041457437, 4.080337487939163, 0.9448178635278326]"
3.688893200014718,1,-0.217010244278736,-0.217009874172439,-3.7010629699851805e-07,-2.398924168435837e-06,"(-0.03107302077114582, 4.080336570739746, 0.944818377494812)","[-0.031075849041457437, 4.080337487939163, 0.9448178635278326]"
3.688913799938746,2,-0.4554810493085537,-0.4554812254698187,1.7616126496422524e-07,1.1461469060922896e-06,"(-0.03107302077114582, 4.080336570739746, 0.944818377494812)","[-0.031075849041457437, 4.080337487939163, 0.9448178635278326]"
3.6889280999312177,3,1.2892286201211434,1.2892283621868585,2.5793428481968306e-07,1.6761101389422378e-06,"(-0.03107302077114582, 4.080336570739746, 0.944818377494812)","[-0.031075849041457437, 4.080337487939163, 0.9448178635278326]"
3.688942000037059,4,-0.30381585306287046,-0.30381637789888805,5.248360175902356e-07,3.392267441380723e-06,"(-0.03107302077114582, 4.080336570739746, 0.944818377494812)","[-0.031075849041457437, 4.080337487939163, 0.9448178635278326]"
3.6889582000439987,5,0.06351795895949292,0.06351701753731205,9.414221808640155e-07,6.135862433687943e-06,"(-0.03107302077114582, 4.080336570739746, 0.944818377494812)","[-0.031075849041457437, 4.080337487939163, 0.9448178635278326]"
3.688976399949752,6,-1.8867826023025824,-1.886782643486493,4.118391050411674e-08,3.4387617965325033e-07,"(-0.03107302077114582, 4.080336570739746, 0.944818377494812)","[-0.031075849041457437, 4.080337487939163, 0.9448178635278326]"
3.7394519000081345,0,0.24002140844232514,0.24002119896775592,2.094745692182709e-07,1.3849054464285113e-06,"(-0.031073128804564476, 4.080336570739746, 0.9448184967041016)","[-0.031075849041457437, 4.080337487939163, 0.9448178635278326]"
3.7394845000235364,1,-0.217010244278736,-0.21700989297271672,-3.513060192750217e-07,-2.3182351664485674e-06,"(-0.031073128804564476, 4.080336570739746, 0.9448184967041016)","[-0.031075849041457437, 4.080337487939163, 0.9448178635278326]"
3.739500500028953,2,-0.4554810493085537,-0.45548121643072703,1.67122173322376e-07,1.1081859650874395e-06,"(-0.031073128804564476, 4.080336570739746, 0.9448184967041016)","[-0.031075849041457437, 4.080337487939163, 0.9448178635278326]"
3.739514200016856,3,1.2892286201211434,1.2892283753539475,2.4476719584498596e-07,1.6186668503675927e-06,"(-0.031073128804564476, 4.080336570739746, 0.9448184967041016)","[-0.031075849041457437, 4.080337487939163, 0.9448178635278326]"
3.739527400000952,4,-0.30381585306287046,-0.303816351746037,4.986831665387825e-07,3.257026436506412e-06,"(-0.031073128804564476, 4.080336570739746, 0.9448184967041016)","[-0.031075849041457437, 4.080337487939163, 0.9448178635278326]"
3.739541699993424,5,0.06351795895949292,0.06351706644295357,8.925165393414147e-07,5.9564129962401436e-06,"(-0.031073128804564476, 4.080336570739746, 0.9448184967041016)","[-0.031075849041457437, 4.080337487939163, 0.9448178635278326]"
3.739555099979043,6,-1.8867826023025824,-1.8867826398126608,3.7510078376712386e-08,3.589689128528643e-07,"(-0.031073128804564476, 4.080336570739746, 0.9448184967041016)","[-0.031075849041457437, 4.080337487939163, 0.9448178635278326]"
3.787491500028409,0,0.24002140844232514,0.2400212098545824,1.98587742750167e-07,1.3362175921164284e-06,"(-0.031073233112692833, 4.080336570739746, 0.9448185563087463)","[-0.031075849041457437, 4.080337487939163, 0.9448178635278326]"
3.7875544000416994,1,-0.217010244278736,-0.21700991112054743,-3.3315818856460844e-07,-2.2352746790454253e-06,"(-0.031073233112692833, 4.080336570739746, 0.9448185563087463)","[-0.031075849041457437, 4.080337487939163, 0.9448178635278326]"
3.787569700041786,2,-0.4554810493085537,-0.4554812077018192,1.58393265503598e-07,1.0689516168501256e-06,"(-0.031073233112692833, 4.080336570739746, 0.9448185563087463)","[-0.031075849041457437, 4.080337487939163, 0.9448178635278326]"
3.787584500038065,3,1.2892286201211434,1.2892283880557858,2.320653575971221e-07,1.55978930823346e-06,"(-0.031073233112692833, 4.080336570739746, 0.9448185563087463)","[-0.031075849041457437, 4.080337487939163, 0.9448178635278326]"
3.787597900023684,4,-0.30381585306287046,-0.3038163266499187,4.7358704824418396e-07,3.123070327094214e-06,"(-0.031073233112692833, 4.080336570739746, 0.9448185563087463)","[-0.031075849041457437, 4.080337487939163, 0.9448178635278326]"
3.78761180001311,5,0.06351795895949292,0.06351711383726602,8.451222268945902e-07,5.765023929008918e-06,"(-0.031073233112692833, 4.080336570739746, 0.9448185563087463)","[-0.031075849041457437, 4.080337487939163, 0.9448178635278326]"
3.787624999997206,6,-1.8867826023025824,-1.8867826360856201,3.378303770062985e-08,3.672976983464826e-07,"(-0.031073233112692833, 4.080336570739746, 0.9448185563087463)","[-0.031075849041457437, 4.080337487939163, 0.9448178635278326]"
3.8343862999463454,0,0.24002140844232514,0.2400212203470258,1.8809529933605518e-07,1.2864641535398162e-06,"(-0.03107333369553089, 4.080337047576904, 0.9448186159133911)","[-0.031075849041457437, 4.080337487939163, 0.9448178635278326]"
3.8344186999602243,1,-0.217010244278736,-0.21700992860120646,-3.1567752953320927e-07,-2.150903829070657e-06,"(-0.03107333369553089, 4.080337047576904, 0.9448186159133911)","[-0.031075849041457437, 4.080337487939163, 0.9448178635278326]"
3.8344350999686867,2,-0.4554810493085537,-0.45548119929139874,1.4998284503242587e-07,1.0288863449441256e-06,"(-0.03107333369553089, 4.080337047576904, 0.9448186159133911)","[-0.031075849041457437, 4.080337487939163, 0.9448178635278326]"
3.83444949996192,3,1.2892286201211434,1.2892284002833287,2.1983781461898388e-07,1.5000668033038324e-06,"(-0.03107333369553089, 4.080337047576904, 0.9448186159133911)","[-0.031075849041457437, 4.080337487939163, 0.9448178635278326]"
3.8344629999483004,4,-0.30381585306287046,-0.3038163025984922,4.4953562172711514e-07,2.99102821104198e-06,"(-0.03107333369553089, 4.080337047576904, 0.9448186159133911)","[-0.031075849041457437, 4.080337487939163, 0.9448178635278326]"
3.8344764999346808,5,0.06351795895949292,0.06351715963851592,7.993209769907583e-07,5.5647522460303715e-06,"(-0.03107333369553089, 4.080337047576904, 0.9448186159133911)","[-0.031075849041457437, 4.080337487939163, 0.9448178635278326]"
3.8344902000389993,6,-1.8867826023025824,-1.8867826323534505,3.0050868016218146e-08,3.6990228126615635e-07,"(-0.03107333369553089, 4.080337047576904, 0.9448186159133911)","[-0.031075849041457437, 4.080337487939163, 0.9448178635278326]"
3.8887549999635667,0,0.24002140844232514,0.2400212304385454,1.7800377974386272e-07,1.2361203201087795e-06,"(-0.03107343055307865, 4.080337047576904, 0.9448187351226807)","[-0.031075849041457437, 4.080337487939163, 0.9448178635278326]"
3.8888152999570593,1,-0.217010244278736,-0.21700994540636429,-2.9887237171233316e-07,-2.0658626968308226e-06,"(-0.03107343055307865, 4.080337047576904, 0.9448187351226807)","[-0.031075849041457437, 4.080337487939163, 0.9448178635278326]"
3.88883780001197,2,-0.4554810493085537,-0.45548119120448766,1.4189593394720035e-07,9.88370671726483e-07,"(-0.03107343055307865, 4.080337047576904, 0.9448187351226807)","[-0.031075849041457437, 4.080337487939163, 0.9448178635278326]"
3.8888577999314293,3,1.2892286201211434,1.2892284120318944,2.0808924894311076e-07,1.4400037935871123e-06,"(-0.03107343055307865, 4.080337047576904, 0.9448187351226807)","[-0.031075849041457437, 4.080337487939163, 0.9448178635278326]"
3.888877399964258,4,-0.30381585306287046,-0.3038162795751464,4.2651227594170393e-07,2.861413557373498e-06,"(-0.03107343055307865, 4.080337047576904, 0.9448187351226807)","[-0.031075849041457437, 4.080337487939163, 0.9448178635278326]"
3.8888962999917567,5,0.06351795895949292,0.06351720378773315,7.551717597642504e-07,5.358253018885901e-06,"(-0.03107343055307865, 4.080337047576904, 0.9448187351226807)","[-0.031075849041457437, 4.080337487939163, 0.9448178635278326]"
3.888914500013925,6,-1.8867826023025824,-1.8867826286564398,2.6353857318639484e-08,3.677077289808045e-07,"(-0.03107343055307865, 4.080337047576904, 0.9448187351226807)","[-0.031075849041457437, 4.080337487939163, 0.9448178635278326]"
3.937569999950938,0,0.24002140844232514,0.2400212401261208,1.6831620433532812e-07,1.1855932229974799e-06,"(-0.031073523685336113, 4.080337047576904, 0.9448187947273254)","[-0.031075849041457437, 4.080337487939163, 0.9448178635278326]"
3.937614099937491,1,-0.217010244278736,-0.2170099615331738,-2.8274556218566005e-07,-1.9807839022992936e-06,"(-0.031073523685336113, 4.080337047576904, 0.9448187947273254)","[-0.031075849041457437, 4.080337487939163, 0.9448178635278326]"
3.9376349999802187,2,-0.4554810493085537,-0.45548118344329297,1.3413473926027208e-07,9.477301586341031e-07,"(-0.031073523685336113, 4.080337047576904, 0.9448187947273254)","[-0.031075849041457437, 4.080337487939163, 0.9448178635278326]"
3.9376542000100017,3,1.2892286201211434,1.2892284233005256,1.9682061780379456e-07,1.3800297880044427e-06,"(-0.031073523685336113, 4.080337047576904, 0.9448187947273254)","[-0.031075849041457437, 4.080337487939163, 0.9448178635278326]"
3.937673300039023,4,-0.30381585306287046,-0.3038162575595518,4.0449668131659067e-07,2.734640852663745e-06,"(-0.031073523685336113, 4.080337047576904, 0.9448187947273254)","[-0.031075849041457437, 4.080337487939163, 0.9448178635278326]"
3.9376930999569595,5,0.06351795895949292,0.0635172462456676,7.127138253182341e-07,5.147821782948819e-06,"(-0.031073523685336113, 4.080337047576904, 0.9448187947273254)","[-0.031075849041457437, 4.080337487939163, 0.9448178635278326]"
3.937712399987504,6,-1.8867826023025824,-1.8867826250279722,2.2725389792199735e-08,3.615329119489832e-07,"(-0.031073523685336113, 4.080337047576904, 0.9448187947273254)","[-0.031075849041457437, 4.080337487939163, 0.9448178635278326]"
3.98834259994328,0,0.24002140844232514,0.24002124940973898,1.5903258615557192e-07,1.1352296198454271e-06,"(-0.031073613092303276, 4.080337047576904, 0.9448188543319702)","[-0.031075849041457437, 4.080337487939163, 0.9448178635278326]"
3.9883736999472603,1,-0.217010244278736,-0.2170099769834606,-2.6729527538571496e-07,-1.896204826191939e-06,"(-0.031073613092303276, 4.080337047576904, 0.9448188543319702)","[-0.031075849041457437, 4.080337487939163, 0.9448178635278326]"
3.9883897999534383,2,-0.4554810493085537,-0.45548117600762056,1.2669906684914523e-07,9.072416917037192e-07,"(-0.031073613092303276, 4.080337047576904, 0.9448188543319702)","[-0.031075849041457437, 4.080337487939163, 0.9448178635278326]"
3.988403799943626,3,1.2892286201211434,1.2892284340914275,1.8602971585401917e-07,1.320508161413832e-06,"(-0.031073613092303276, 4.080337047576904, 0.9448188543319702)","[-0.031075849041457437, 4.080337487939163, 0.9448178635278326]"
3.9884173000464216,4,-0.30381585306287046,-0.3038162365283899,3.834655194490111e-07,2.611039812759409e-06,"(-0.031073613092303276, 4.080337047576904, 0.9448188543319702)","[-0.031075849041457437, 4.080337487939163, 0.9448178635278326]"
3.9884305000305176,5,0.06351795895949292,0.06351728699007052,6.719694223972228e-07,4.9354331815087206e-06,"(-0.031073613092303276, 4.080337047576904, 0.9448188543319702)","[-0.031075849041457437, 4.080337487939163, 0.9448178635278326]"
3.9884439000161365,6,-1.8867826023025824,-1.8867826214953447,1.9192762268360752e-08,3.520992695844784e-07,"(-0.031073613092303276, 4.080337047576904, 0.9448188543319702)","[-0.031075849041457437, 4.080337487939163, 0.9448178635278326]"
4.044435299932957,0,0.24002140844232514,0.24002125829193982,1.501503853196251e-07,1.085322809071008e-06,"(-0.03107369877398014, 4.080337047576904, 0.944818913936615)","[-0.031075849041457437, 4.080337487939163, 0.9448178635278326]"
4.0444669999415055,1,-0.217010244278736,-0.217009991763006,-2.525157299926306e-07,-1.8125785946753606e-06,"(-0.03107369877398014, 4.080337047576904, 0.944818913936615)","[-0.031075849041457437, 4.080337487939163, 0.9448178635278326]"
4.044482999946922,2,-0.4554810493085537,-0.4554811688952411,1.1958668738598632e-07,8.671391224159245e-07,"(-0.03107369877398014, 4.080337047576904, 0.944818913936615)","[-0.031075849041457437, 4.080337487939163, 0.9448178635278326]"
4.044496699934825,3,1.2892286201211434,1.2892284444094713,1.7571167210128635e-07,1.2617440147666653e-06,"(-0.03107369877398014, 4.080337047576904, 0.944818913936615)","[-0.031075849041457437, 4.080337487939163, 0.9448178635278326]"
4.044509700033814,4,-0.30381585306287046,-0.3038162164559793,3.63393108826493e-07,2.490867563310831e-06,"(-0.03107369877398014, 4.080337047576904, 0.944818913936615)","[-0.031075849041457437, 4.080337487939163, 0.9448178635278326]"
4.044522700016387,5,0.06351795895949292,0.06351732601327133,6.329462215876047e-07,4.722776089064175e-06,"(-0.03107369877398014, 4.080337047576904, 0.944818913936615)","[-0.031075849041457437, 4.080337487939163, 0.9448178635278326]"
4.04453569999896,6,-1.8867826023025824,-1.8867826180805107,1.5777928297211474e-08,3.4003951380638675e-07,"(-0.03107369877398014, 4.080337047576904, 0.944818913936615)","[-0.031075849041457437, 4.080337487939163, 0.9448178635278326]"
4.093746599974111,0,0.24002140844232514,0.24002126677741384,1.4166491130174208e-07,1.0361188437039218e-06,"(-0.031073778867721558, 4.080337047576904, 0.9448189735412598)","[-0.031075849041457437, 4.080337487939163, 0.9448178635278326]"
4.093813700019382,1,-0.217010244278736,-0.21701000588091343,-2.3839782256618314e-07,-1.7302839430867907e-06,"(-0.031073778867721558, 4.080337047576904, 0.9448189735412598)","[-0.031075849041457437, 4.080337487939163, 0.9448178635278326]"
4.093838399974629,2,-0.4554810493085537,-0.4554811621022133,1.1279365957905796e-07,8.276183230533112e-07,"(-0.031073778867721558, 4.080337047576904, 0.9448189735412598)","[-0.031075849041457437, 4.080337487939163, 0.9448178635278326]"
4.093858700012788,3,1.2892286201211434,1.2892284542617571,1.6585938622526442e-07,1.2039911862203158e-06,"(-0.031073778867721558, 4.080337047576904, 0.9448189735412598)","[-0.031075849041457437, 4.080337487939163, 0.9448178635278326]"
4.0938784999307245,4,-0.30381585306287046,-0.3038161973148114,3.4425194095355494e-07,2.3743190952950235e-06,"(-0.031073778867721558, 4.080337047576904, 0.9448189735412598)","[-0.031075849041457437, 4.080337487939163, 0.9448178635278326]"
4.0938923000358045,5,0.06351795895949292,0.06351736332002254,5.956394703715562e-07,4.5112854627566345e-06,"(-0.031073778867721558, 4.080337047576904, 0.9448189735412598)","[-0.031075849041457437, 4.080337487939163, 0.9448178635278326]"
4.093906600028276,6,-1.8867826023025824,-1.886782614800756,1.2498173607156104e-08,3.259060402637308e-07,"(-0.031073778867721558, 4.080337047576904, 0.9448189735412598)","[-0.031075849041457437, 4.080337487939163, 0.9448178635278326]"
4.146764799952507,0,0.24002140844232514,0.24002127487264735,1.3356967779043494e-07,9.878221115885146e-07,"(-0.031073857098817825, 4.080337047576904, 0.9448190331459045)","[-0.031075849041457437, 4.080337487939163, 0.9448178635278326]"
4.146811999962665,1,-0.217010244278736,-0.21701001934904954,-2.2492968645981826e-07,-1.6496340632209988e-06,"(-0.031073857098817825, 4.080337047576904, 0.9448190331459045)","[-0.031075849041457437, 4.080337487939163, 0.9448178635278326]"
4.14682859997265,2,-0.4554810493085537,-0.4554811556231691,1.0631461538901377e-07,7.888417182498742e-07,"(-0.031073857098817825, 4.080337047576904, 0.9448190331459045)","[-0.031075849041457437, 4.080337487939163, 0.9448178635278326]"
4.1468424999620765,3,1.2892286201211434,1.28922846365723,1.5646391338108856e-07,1.1474584943689754e-06,"(-0.031073857098817825, 4.080337047576904, 0.9448190331459045)","[-0.031075849041457437, 4.080337487939163, 0.9448178635278326]"
4.146855899947695,4,-0.30381585306287046,-0.3038161790760099,3.2601313942892673e-07,2.261536297760402e-06,"(-0.031073857098817825, 4.080337047576904, 0.9448190331459045)","[-0.031075849041457437, 4.080337487939163, 0.9448178635278326]"
4.146883600042202,5,0.06351795895949292,0.06351739892558743,5.600339054862014e-07,4.302171152933159e-06,"(-0.031073857098817825, 4.080337047576904, 0.9448190331459045)","[-0.031075849041457437, 4.080337487939163, 0.9448178635278326]"
4.146896800026298,6,-1.8867826023025824,-1.8867826116693074,9.366724951220817e-09,3.101789087064143e-07,"(-0.031073857098817825, 4.080337047576904, 0.9448190331459045)","[-0.031075849041457437, 4.080337487939163, 0.9448178635278326]"
4.198063699994236,0,0.24002140844232514,0.24002128258560962,1.258567155215662e-07,9.40600337149345e-07,"(-0.031073929741978645, 4.080337047576904, 0.9448190927505493)","[-0.031075849041457437, 4.080337487939163, 0.9448178635278326]"
4.198098300024867,1,-0.217010244278736,-0.21701003218155224,-2.1209718376047348e-07,-1.5708845316741459e-06,"(-0.031073929741978645, 4.080337047576904, 0.9448190927505493)","[-0.031075849041457437, 4.080337487939163, 0.9448178635278326]"
4.198114800034091,2,-0.4554810493085537,-0.4554811494515643,1.001430106062351e-07,7.509423347718167e-07,"(-0.031073929741978645, 4.080337047576904, 0.9448190927505493)","[-0.031075849041457437, 4.080337487939163, 0.9448178635278326]"
4.198129000025801,3,1.2892286201211434,1.289228472606342,1.4751480126307115e-07,1.092315311506407e-06,"(-0.031073929741978645, 4.080337047576904, 0.9448190927505493)","[-0.031075849041457437, 4.080337487939163, 0.9448178635278326]"
4.19814310001675,4,-0.30381585306287046,-0.3038161617097226,3.0864685213183307e-07,2.1526157161900973e-06,"(-0.031073929741978645, 4.080337047576904, 0.9448190927505493)","[-0.031075849041457437, 4.080337487939163, 0.9448178635278326]"
4.198157400009222,5,0.06351795895949292,0.063517432854047,5.261054459165804e-07,4.096443933619406e-06,"(-0.031073929741978645, 4.080337047576904, 0.9448190927505493)","[-0.031075849041457437, 4.080337487939163, 0.9448178635278326]"
4.19817139999941,6,-1.8867826023025824,-1.886782608695879,6.393296558826478e-09,2.932733131185959e-07,"(-0.031073929741978645, 4.080337047576904, 0.9448190927505493)","[-0.031075849041457437, 4.080337487939163, 0.9448178635278326]"
4.249899699934758,0,0.24002140844232514,0.2400212899254781,1.185168470307918e-07,8.945890634041801e-07,"(-0.031074000522494316, 4.080337047576904, 0.9448191523551941)","[-0.031075849041457437, 4.080337487939163, 0.9448178635278326]"
4.249931899947114,1,-0.217010244278736,-0.21701004439439894,-1.998843370543124e-07,-1.4942404053518274e-06,"(-0.031074000522494316, 4.080337047576904, 0.9448191523551941)","[-0.031075849041457437, 4.080337487939163, 0.9448178635278326]"
4.249947899952531,2,-0.4554810493085537,-0.45548114357989883,9.427134511907909e-08,7.140274266727351e-07,"(-0.031074000522494316, 4.080337047576904, 0.9448191523551941)","[-0.031075849041457437, 4.080337487939163, 0.9448178635278326]"
4.249961599940434,3,1.2892286201211434,1.2892284811207588,1.3900038453584784e-07,1.038696519128294e-06,"(-0.031074000522494316, 4.080337047576904, 0.9448191523551941)","[-0.031075849041457437, 4.080337487939163, 0.9448178635278326]"
4.249975899932906,4,-0.30381585306287046,-0.30381614518545697,2.9212258650934686e-07,2.047615299711554e-06,"(-0.031074000522494316, 4.080337047576904, 0.9448191523551941)","[-0.031075849041457437, 4.080337487939163, 0.9448178635278326]"
4.249989100033417,5,0.06351795895949292,0.06351746513680495,4.938226879636076e-07,3.894938953072878e-06,"(-0.031074000522494316, 4.080337047576904, 0.9448191523551941)","[-0.031075849041457437, 4.080337487939163, 0.9448178635278326]"
4.25000210001599,6,-1.8867826023025824,-1.886782605887161,3.5845786339194774e-09,2.7554650113136683e-07,"(-0.031074000522494316, 4.080337047576904, 0.9448191523551941)","[-0.031075849041457437, 4.080337487939163, 0.9448178635278326]"
4.305981999961659,0,0.24002140844232514,0.24002129690239757,1.1153992757195752e-07,8.498956618518067e-07,"(-0.03107406757771969, 4.080337047576904, 0.9448192119598389)","[-0.031075849041457437, 4.080337487939163, 0.9448178635278326]"
4.306033200002275,1,-0.217010244278736,-0.21701005600502835,-1.8827370765195361e-07,-1.419862564772198e-06,"(-0.03107406757771969, 4.080337047576904, 0.9448192119598389)","[-0.031075849041457437, 4.080337487939163, 0.9448178635278326]"
4.306070999940857,2,-0.4554810493085537,-0.45548113799990936,8.869135564859576e-08,6.781817128719499e-07,"(-0.03107406757771969, 4.080337047576904, 0.9448192119598389)","[-0.031075849041457437, 4.080337487939163, 0.9448178635278326]"
4.3061553000006825,3,1.2892286201211434,1.2892284892131005,1.3090804285020852e-07,9.86706919299457e-07,"(-0.03107406757771969, 4.080337047576904, 0.9448192119598389)","[-0.031075849041457437, 4.080337487939163, 0.9448178635278326]"
4.306191800045781,4,-0.30381585306287046,-0.3038161294723648,2.764094943485951e-07,1.9465602431240294e-06,"(-0.03107406757771969, 4.080337047576904, 0.9448192119598389)","[-0.031075849041457437, 4.080337487939163, 0.9448178635278326]"
4.3062158999964595,5,0.06351795895949292,0.06351749581127059,4.6314822232940145e-07,3.698336833176881e-06,"(-0.03107406757771969, 4.080337047576904, 0.9448192119598389)","[-0.031075849041457437, 4.080337487939163, 0.9448178635278326]"
4.306237899931148,6,-1.8867826023025824,-1.8867826032472554,9.44673006486596e-10,2.5730413105539395e-07,"(-0.03107406757771969, 4.080337047576904, 0.9448192119598389)","[-0.031075849041457437, 4.080337487939163, 0.9448178635278326]"
4.356981899938546,0,0.24002140844232514,0.2400213035272694,1.0491505575416227e-07,8.066029142842989e-07,"(-0.031074130907654762, 4.080337047576904, 0.9448192715644836)","[-0.031075849041457437, 4.080337487939163, 0.9448178635278326]"
4.3570546000264585,1,-0.217010244278736,-0.2170100670320102,-1.7724672579655376e-07,-1.3478733789718103e-06,"(-0.031074130907654762, 4.080337047576904, 0.9448192715644836)","[-0.031075849041457437, 4.080337487939163, 0.9448178635278326]"
4.3570760999573395,2,-0.4554810493085537,-0.4554811327027377,8.339418400282739e-08,6.434702616792366e-07,"(-0.031074130907654762, 4.080337047576904, 0.9448192715644836)","[-0.031075849041457437, 4.080337487939163, 0.9448178635278326]"
4.35709649999626,3,1.2892286201211434,1.289228496896718,1.2322442533019284e-07,9.364251650670793e-07,"(-0.031074130907654762, 4.080337047576904, 0.9448192715644836)","[-0.031075849041457437, 4.080337487939163, 0.9448178635278326]"
4.357115800026804,4,-0.30381585306287046,-0.303816114539484,2.6147661352782237e-07,1.849448028273593e-06,"(-0.031074130907654762, 4.080337047576904, 0.9448192715644836)","[-0.031075849041457437, 4.080337487939163, 0.9448178635278326]"
4.357134999940172,5,0.06351795895949292,0.06351752491970199,4.3403979092804246e-07,3.5071826273922494e-06,"(-0.031074130907654762, 4.080337047576904, 0.9448192715644836)","[-0.031075849041457437, 4.080337487939163, 0.9448178635278326]"
4.357154999976046,6,-1.8867826023025824,-1.886782600778062,-1.5245205098324277e-09,2.388060823236432e-07,"(-0.031074130907654762, 4.080337047576904, 0.9448192715644836)","[-0.031075849041457437, 4.080337487939163, 0.9448178635278326]"
4.407828800030984,0,0.24002140844232514,0.2400213098115682,9.863075695060175e-08,7.647722108091483e-07,"(-0.031074190512299538, 4.080337047576904, 0.9448193311691284)","[-0.031075849041457437, 4.080337487939163, 0.9448178635278326]"
4.4078805999597535,1,-0.217010244278736,-0.21701007749475798,-1.6678397801728195e-07,-1.2783617570636196e-06,"(-0.031074190512299538, 4.080337047576904, 0.9448193311691284)","[-0.031075849041457437, 4.080337487939163, 0.9448178635278326]"
4.407896499964409,2,-0.4554810493085537,-0.45548112767907734,7.837052362624775e-08,6.099410655951454e-07,"(-0.031074190512299538, 4.080337047576904, 0.9448193311691284)","[-0.031075849041457437, 4.080337487939163, 0.9448178635278326]"
4.407909799949266,3,1.2892286201211434,1.289228504185498,1.1593564530620881e-07,8.879072463347097e-07,"(-0.031074190512299538, 4.080337047576904, 0.9448193311691284)","[-0.031075849041457437, 4.080337487939163, 0.9448178635278326]"
4.4079230999341235,4,-0.30381585306287046,-0.3038161003559427,2.4729307224191643e-07,1.756252832780776e-06,"(-0.031074190512299538, 4.080337047576904, 0.9448193311691284)","[-0.031075849041457437, 4.080337487939163, 0.9448178635278326]"
4.407936700037681,5,0.06351795895949292,0.06351755250819269,4.0645130022776144e-07,3.321902809665112e-06,"(-0.031074190512299538, 4.080337047576904, 0.9448193311691284)","[-0.031075849041457437, 4.080337487939163, 0.9448178635278326]"
4.4079501000232995,6,-1.8867826023025824,-1.8867825984796212,-3.8229612808748925e-09,2.202717321432593e-07,"(-0.031074190512299538, 4.080337047576904, 0.9448193311691284)","[-0.031075849041457437, 4.080337487939163, 0.9448178635278326]"
4.458706200006418,0,0.24002140844232514,0.24002131576718233,9.267514280986155e-08,7.244463996075932e-07,"(-0.031074246391654015, 4.080337047576904, 0.9448193311691284)","[-0.031075849041457437, 4.080337487939163, 0.9448178635278326]"
4.458737200009637,1,-0.217010244278736,-0.21701008741327954,-1.5686545645765548e-07,-1.2113876478344826e-06,"(-0.031074246391654015, 4.080337047576904, 0.9448193311691284)","[-0.031075849041457437, 4.080337487939163, 0.9448178635278326]"
4.458753100014292,2,-0.4554810493085537,-0.4554811229193003,7.361074660927613e-08,5.776273311239817e-07,"(-0.031074246391654015, 4.080337047576904, 0.9448193311691284)","[-0.031075849041457437, 4.080337487939163, 0.9448178635278326]"
4.458766900002956,3,1.2892286201211434,1.289228511093695,1.0902744840279865e-07,8.411895878362278e-07,"(-0.031074246391654015, 4.080337047576904, 0.9448193311691284)","[-0.031075849041457437, 4.080337487939163, 0.9448178635278326]"
4.458789499942213,4,-0.30381585306287046,-0.3038160868911309,2.3382826042084304e-07,1.666929346326648e-06,"(-0.031074246391654015, 4.080337047576904, 0.9448193311691284)","[-0.031075849041457437, 4.080337487939163, 0.9448178635278326]"
4.458803699933924,5,0.06351795895949292,0.06351757862578707,3.803337058488898e-07,3.142820484706641e-06,"(-0.031074246391654015, 4.080337047576904, 0.9448193311691284)","[-0.031075849041457437, 4.080337487939163, 0.9448178635278326]"
4.458818400045857,6,-1.8867826023025824,-1.8867825963504163,-5.952166093337041e-09,2.0188473063205907e-07,"(-0.031074246391654015, 4.080337047576904, 0.9448193311691284)","[-0.031075849041457437, 4.080337487939163, 0.9448178635278326]"
4.515234899939969,0,0.24002140844232514,0.24002132140627613,8.703604900683892e-08,6.856523234877517e-07,"(-0.031074300408363342, 4.080337047576904, 0.9448193907737732)","[-0.031075849041457437, 4.080337487939163, 0.9448178635278326]"
4.515274200006388,1,-0.217010244278736,-0.21701009680796182,-1.474707741755399e-07,-1.1469860414230136e-06,"(-0.031074300408363342, 4.080337047576904, 0.9448193907737732)","[-0.031075849041457437, 4.080337487939163, 0.9448178635278326]"
4.515296599944122,2,-0.4554810493085537,-0.45548111841356725,6.910501354484566e-08,5.465495150628436e-07,"(-0.031074300408363342, 4.080337047576904, 0.9448193907737732)","[-0.031075849041457437, 4.080337487939163, 0.9448178635278326]"
4.5153169999830425,3,1.2892286201211434,1.2892285176357854,1.0248535797785507e-07,7.962917958571078e-07,"(-0.031074300408363342, 4.080337047576904, 0.9448193907737732)","[-0.031075849041457437, 4.080337487939163, 0.9448178635278326]"
4.515336800017394,4,-0.30381585306287046,-0.3038160741148431,2.210519726708604e-07,1.5814160913226108e-06,"(-0.031074300408363342, 4.080337047576904, 0.9448193907737732)","[-0.031075849041457437, 4.080337487939163, 0.9448178635278326]"
4.5153563999338076,5,0.06351795895949292,0.06351760332371074,3.556357821704603e-07,2.970168978525505e-06,"(-0.031074300408363342, 4.080337047576904, 0.9448193907737732)","[-0.031075849041457437, 4.080337487939163, 0.9448178635278326]"
4.515375299961306,6,-1.8867826023025824,-1.8867825943876395,-7.914942923292756e-09,1.8379730693383287e-07,"(-0.031074300408363342, 4.080337047576904, 0.9448193907737732)","[-0.031075849041457437, 4.080337487939163, 0.9448178635278326]"
4.567214000038803,0,0.24002140844232514,0.24002132674117121,8.170115392558408e-08,6.484030738830194e-07,"(-0.03107435069978237, 4.080337047576904, 0.944819450378418)","[-0.031075849041457437, 4.080337487939163, 0.9448178635278326]"
4.567255400004797,1,-0.217010244278736,-0.21701010569938584,-1.38579350161816e-07,-1.0851705236926742e-06,"(-0.03107435069978237, 4.080337047576904, 0.944819450378418)","[-0.031075849041457437, 4.080337487939163, 0.9448178635278326]"
4.567277499940246,2,-0.4554810493085537,-0.45548111415192166,6.484336795287149e-08,5.167171313407442e-07,"(-0.03107435069978237, 4.080337047576904, 0.944819450378418)","[-0.031075849041457437, 4.080337487939163, 0.9448178635278326]"
4.567297399975359,3,1.2892286201211434,1.2892285238263437,9.62947996896446e-08,7.532190925001482e-07,"(-0.03107435069978237, 4.080337047576904, 0.944819450378418)","[-0.031075849041457437, 4.080337487939163, 0.9448178635278326]"
4.567315699998289,4,-0.30381585306287046,-0.3038160619973972,2.0893452673531598e-07,1.4996383033604116e-06,"(-0.03107435069978237, 4.080337047576904, 0.944819450378418)","[-0.031075849041457437, 4.080337487939163, 0.9448178635278326]"
4.567335500032641,5,0.06351795895949292,0.06351762665470366,3.323047892550557e-07,2.804103963687166e-06,"(-0.03107435069978237, 4.080337047576904, 0.944819450378418)","[-0.031075849041457437, 4.080337487939163, 0.9448178635278326]"
4.567354199942201,6,-1.8867826023025824,-1.8867825925874244,-9.715158011402991e-09,1.6613414068490338e-07,"(-0.03107435069978237, 4.080337047576904, 0.944819450378418)","[-0.031075849041457437, 4.080337487939163, 0.9448178635278326]"
4.619147600024007,0,0.24002140844232514,0.2400213317842447,7.665808043899602e-08,6.126999908628673e-07,"(-0.03107439912855625, 4.080337047576904, 0.944819450378418)","[-0.031075849041457437, 4.080337487939163, 0.9448178635278326]"
4.619178600027226,1,-0.217010244278736,-0.21701011410816817,-1.301705678247167e-07,-1.0259364276762312e-06,"(-0.03107439912855625, 4.080337047576904, 0.944819450378418)","[-0.031075849041457437, 4.080337487939163, 0.9448178635278326]"
4.619194700033404,2,-0.4554810493085537,-0.45548111012437104,6.081581732653163e-08,4.881303529075965e-07,"(-0.03107439912855625, 4.080337047576904, 0.944819450378418)","[-0.031075849041457437, 4.080337487939163, 0.9448178635278326]"
4.619208100019023,3,1.2892286201211434,1.2892285296799355,9.044120785617338e-08,7.119644689370391e-07,"(-0.03107439912855625, 4.080337047576904, 0.944819450378418)","[-0.031075849041457437, 4.080337487939163, 0.9448178635278326]"
4.619221100001596,4,-0.30381585306287046,-0.3038160505097308,1.974468603616053e-07,1.4215104348598117e-06,"(-0.03107439912855625, 4.080337047576904, 0.944819450378418)","[-0.031075849041457437, 4.080337487939163, 0.9448178635278326]"
4.619234599987976,5,0.06351795895949292,0.06351764867244472,3.1028704819413555e-07,2.64471425681576e-06,"(-0.03107439912855625, 4.080337047576904, 0.944819450378418)","[-0.031075849041457437, 4.080337487939163, 0.9448178635278326]"
4.6192543000215665,6,-1.8867826023025824,-1.8867825909450509,-1.1357531581879243e-08,1.4899583164303442e-07,"(-0.03107439912855625, 4.080337047576904, 0.944819450378418)","[-0.031075849041457437, 4.080337487939163, 0.9448178635278326]"
4.672519800020382,0,0.24002140844232514,0.24002133654784255,7.189448258948516e-08,5.785344349943397e-07,"(-0.031074443832039833, 4.080337047576904, 0.9448195099830627)","[-0.031075849041457437, 4.080337487939163, 0.9448178635278326]"
4.673035899992101,1,-0.217010244278736,-0.2170101220548265,-1.2222390949334638e-07,-9.692636234347046e-07,"(-0.031074443832039833, 4.080337047576904, 0.9448195099830627)","[-0.031075849041457437, 4.080337487939163, 0.9448178635278326]"
4.6731145000085235,2,-0.4554810493085537,-0.45548110632095534,5.7012401633027565e-08,4.607814296949418e-07,"(-0.031074443832039833, 4.080337047576904, 0.9448195099830627)","[-0.031075849041457437, 4.080337487939163, 0.9448178635278326]"
4.673144600004889,3,1.2892286201211434,1.2892285352110282,8.49101151612075e-08,6.725105869943108e-07,"(-0.031074443832039833, 4.080337047576904, 0.9448195099830627)","[-0.031075849041457437, 4.080337487939163, 0.9448178635278326]"
4.673173199989833,4,-0.30381585306287046,-0.30381603962347975,1.8656060929433949e-07,1.346938329450439e-06,"(-0.031074443832039833, 4.080337047576904, 0.9448195099830627)","[-0.031075849041457437, 4.080337487939163, 0.9448178635278326]"
4.673198299948126,5,0.06351795895949292,0.06351766943105779,2.8952843512952686e-07,2.492031415400904e-06,"(-0.031074443832039833, 4.080337047576904, 0.9448195099830627)","[-0.031075849041457437, 4.080337487939163, 0.9448178635278326]"
4.673222200013697,6,-1.8867826023025824,-1.886782589455123,-1.2847459540665795e-08,1.324620039377978e-07,"(-0.031074443832039833, 4.080337047576904, 0.9448195099830627)","[-0.031075849041457437, 4.080337487939163, 0.9448178635278326]"
4.728058099979535,0,0.24002140844232514,0.24002134104420622,6.739811891920411e-08,5.458893545416536e-07,"(-0.031074486672878265, 4.080337047576904, 0.9448195099830627)","[-0.031075849041457437, 4.080337487939163, 0.9448178635278326]"
4.728088699979708,1,-0.217010244278736,-0.21701012955966587,-1.1471907013227423e-07,-9.1511898313667e-07,"(-0.031074486672878265, 4.080337047576904, 0.9448195099830627)","[-0.031075849041457437, 4.080337487939163, 0.9448178635278326]"
4.728104499983601,2,-0.4554810493085537,-0.4554811027318055,5.3423251766826496e-08,4.346559416723e-07,"(-0.031074486672878265, 4.080337047576904, 0.9448195099830627)","[-0.031075849041457437, 4.080337487939163, 0.9448178635278326]"
4.728118099970743,3,1.2892286201211434,1.289228540433915,7.968722837148334e-08,6.34831455122115e-07,"(-0.031074486672878265, 4.080337047576904, 0.9448195099830627)","[-0.031075849041457437, 4.080337487939163, 0.9448178635278326]"
4.728131199954078,4,-0.30381585306287046,-0.30381602931103996,1.7624816950334576e-07,1.2758211089093645e-06,"(-0.031074486672878265, 4.080337047576904, 0.9448195099830627)","[-0.031075849041457437, 4.080337487939163, 0.9448178635278326]"
4.728144499938935,5,0.06351795895949292,0.06351768898469001,2.6997480290225084e-07,2.3460382503422645e-06,"(-0.031074486672878265, 4.080337047576904, 0.9448195099830627)","[-0.031075849041457437, 4.080337487939163, 0.9448178635278326]"
4.7281575000379235,6,-1.8867826023025824,-1.8867825881117226,-1.419085982057311e-08,1.1659407568585488e-07,"(-0.031074486672878265, 4.080337047576904, 0.9448195099830627)","[-0.031075849041457437, 4.080337487939163, 0.9448178635278326]"
4.77734769997187,0,0.24002140844232514,0.24002134528541108,6.315691405966994e-08,5.147406680817424e-07,"(-0.03107452765107155, 4.080337047576904, 0.9448195695877075)","[-0.031075849041457437, 4.080337487939163, 0.9448178635278326]"
4.777379299979657,1,-0.217010244278736,-0.21701013664268368,-1.0763605232111395e-07,-8.634585551947821e-07,"(-0.03107452765107155, 4.080337047576904, 0.9448195695877075)","[-0.031075849041457437, 4.080337487939163, 0.9448178635278326]"
4.777395199984312,2,-0.4554810493085537,-0.4554810993471918,5.0038638066407515e-08,4.097339028727066e-07,"(-0.03107452765107155, 4.080337047576904, 0.9448195695877075)","[-0.031075849041457437, 4.080337487939163, 0.9448178635278326]"
4.777408699970692,3,1.2892286201211434,1.289228545362652,7.475849139737534e-08,5.988939052230183e-07,"(-0.03107452765107155, 4.080337047576904, 0.9448195695877075)","[-0.031075849041457437, 4.080337487939163, 0.9448178635278326]"
4.7774216999532655,4,-0.30381585306287046,-0.30381601954561543,1.664827449787687e-07,1.208052799573249e-06,"(-0.03107452765107155, 4.080337047576904, 0.9448195695877075)","[-0.031075849041457437, 4.080337487939163, 0.9448178635278326]"
4.777434999938123,5,0.06351795895949292,0.06351770738715423,2.515723386831148e-07,2.2066763670655924e-06,"(-0.03107452765107155, 4.080337047576904, 0.9448195695877075)","[-0.031075849041457437, 4.080337487939163, 0.9448178635278326]"
4.777447800035588,6,-1.8867826023025824,-1.886782586908544,-1.5394038488381057e-08,1.0143772319270224e-07,"(-0.03107452765107155, 4.080337047576904, 0.9448195695877075)","[-0.031075849041457437, 4.080337487939163, 0.9448178635278326]"
4.831385700032115,0,0.24002140844232514,0.24002134928331528,5.915900985753453e-08,4.850584820356955e-07,"(-0.031074564903974533, 4.0803375244140625, 0.9448196291923523)","[-0.031075849041457437, 4.080337487939163, 0.9448178635278326]"
4.831440999987535,1,-0.217010244278736,-0.21701014332349078,-1.0095524521913646e-07,-8.14229477609315e-07,"(-0.031074564903974533, 4.0803375244140625, 0.9448196291923523)","[-0.031075849041457437, 4.080337487939163, 0.9448178635278326]"
4.8314605000196025,2,-0.4554810493085537,-0.45548109615756466,4.684901094842431e-08,3.859907335589524e-07,"(-0.031074564903974533, 4.0803375244140625, 0.9448196291923523)","[-0.031075849041457437, 4.080337487939163, 0.9448178635278326]"
4.83147520001512,3,1.2892286201211434,1.2892285500110057,7.011013769542274e-08,5.646588893921384e-07,"(-0.031074564903974533, 4.0803375244140625, 0.9448196291923523)","[-0.031075849041457437, 4.080337487939163, 0.9448178635278326]"
4.8314887000015005,4,-0.30381585306287046,-0.30381601030125405,1.5723838359127384e-07,1.1435237399365563e-06,"(-0.031074564903974533, 4.0803375244140625, 0.9448196291923523)","[-0.031075849041457437, 4.080337487939163, 0.9448178635278326]"
4.831502499990165,5,0.06351795895949292,0.06351772469162795,2.3426786496805185e-07,2.0738528299799426e-06,"(-0.031074564903974533, 4.0803375244140625, 0.9448196291923523)","[-0.031075849041457437, 4.080337487939163, 0.9448178635278326]"
4.831522800028324,6,-1.8867826023025824,-1.8867825858390086,-1.6463573837555145e-08,8.702507473286282e-08,"(-0.031074564903974533, 4.0803375244140625, 0.9448196291923523)","[-0.031075849041457437, 4.080337487939163, 0.9448178635278326]"
4.885110300034285,0,0.24002140844232514,0.2400213530495177,5.539280745203712e-08,4.568081610260689e-07,"(-0.031074602156877518, 4.0803375244140625, 0.9448196291923523)","[-0.031075849041457437, 4.080337487939163, 0.9448178635278326]"
4.885283299954608,1,-0.217010244278736,-0.21701014962124715,-9.465748884718295e-08,-7.673716578195575e-07,"(-0.031074602156877518, 4.0803375244140625, 0.9448196291923523)","[-0.031075849041457437, 4.080337487939163, 0.9448178635278326]"
4.885348599986173,2,-0.4554810493085537,-0.45548109315358765,4.384503393684014e-08,3.633981133063924e-07,"(-0.031074602156877518, 4.0803375244140625, 0.9448196291923523)","[-0.031075849041457437, 4.080337487939163, 0.9448178635278326]"
4.885373599943705,3,1.2892286201211434,1.289228554392411,6.572873245680455e-08,5.320826167515076e-07,"(-0.031074602156877518, 4.0803375244140625, 0.9448196291923523)","[-0.031075849041457437, 4.080337487939163, 0.9448178635278326]"
4.88540120003745,4,-0.30381585306287046,-0.3038160015528729,1.4849000246064392e-07,1.0821217901596679e-06,"(-0.031074602156877518, 4.0803375244140625, 0.9448196291923523)","[-0.031075849041457437, 4.080337487939163, 0.9448178635278326]"
4.885422599967569,5,0.06351795895949292,0.06351774095040245,2.18009090460769e-07,1.9474460354030043e-06,"(-0.031074602156877518, 4.0803375244140625, 0.9448196291923523)","[-0.031075849041457437, 4.080337487939163, 0.9448178635278326]"
4.8854418999981135,6,-1.8867826023025824,-1.8867825848963635,-1.740621891066496e-08,7.337665306417158e-08,"(-0.031074602156877518, 4.0803375244140625, 0.9448196291923523)","[-0.031075849041457437, 4.080337487939163, 0.9448178635278326]"
4.938558800029568,0,0.24002140844232514,0.2400213565953238,5.1847001331095655e-08,4.2995126592137374e-07,"(-0.031074635684490204, 4.0803375244140625, 0.9448196291923523)","[-0.031075849041457437, 4.080337487939163, 0.9448178635278326]"
4.93860799993854,1,-0.217010244278736,-0.21701015555460998,-8.87241260183469e-08,-7.228192433634134e-07,"(-0.031074635684490204, 4.0803375244140625, 0.9448196291923523)","[-0.031075849041457437, 4.080337487939163, 0.9448178635278326]"
4.938630699994974,2,-0.4554810493085537,-0.45548109032616435,4.1017610641347346e-08,3.4192472920633583e-07,"(-0.031074635684490204, 4.0803375244140625, 0.9448196291923523)","[-0.031075849041457437, 4.080337487939163, 0.9448178635278326]"
4.938651600037701,3,1.2892286201211434,1.2892285585199372,6.160120613607489e-08,5.011175465048955e-07,"(-0.031074635684490204, 4.0803375244140625, 0.9448196291923523)","[-0.031075849041457437, 4.080337487939163, 0.9448178635278326]"
4.938671099953353,4,-0.30381585306287046,-0.3038159932762748,1.4021340433156837e-07,1.0237333749143996e-06,"(-0.031074635684490204, 4.0803375244140625, 0.9448196291923523)","[-0.031075849041457437, 4.080337487939163, 0.9448178635278326]"
4.938690299983136,5,0.06351795895949292,0.06351775621467592,2.0274481699056324e-07,1.8273108784823627e-06,"(-0.031074635684490204, 4.0803375244140625, 0.9448196291923523)","[-0.031075849041457437, 4.080337487939163, 0.9448178635278326]"
4.938709200010635,6,-1.8867826023025824,-1.8867825840737662,-1.8228816234255873e-08,6.050309427269641e-08,"(-0.031074635684490204, 4.0803375244140625, 0.9448196291923523)","[-0.031075849041457437, 4.080337487939163, 0.9448178635278326]"
4.985109600005671,0,0.24002140844232514,0.24002135993171883,4.8510606309726256e-08,4.044463731529006e-07,"(-0.03107466548681259, 4.0803375244140625, 0.9448196887969971)","[-0.031075849041457437, 4.080337487939163, 0.9448178635278326]"
4.985144600039348,1,-0.217010244278736,-0.2170101611416929,-8.313704311091463e-08,-6.805019071667849e-07,"(-0.03107466548681259, 4.0803375244140625, 0.9448196887969971)","[-0.031075849041457437, 4.080337487939163, 0.9448178635278326]"
4.9851608000462875,2,-0.4554810493085537,-0.4554810876664594,3.835790568507136e-08,3.2153692757526923e-07,"(-0.03107466548681259, 4.0803375244140625, 0.9448196887969971)","[-0.031075849041457437, 4.080337487939163, 0.9448178635278326]"
4.985178999952041,3,1.2892286201211434,1.2892285624062616,5.7714881762649384e-08,4.7171325574632373e-07,"(-0.03107466548681259, 4.0803375244140625, 0.9448196887969971)","[-0.031075849041457437, 4.080337487939163, 0.9448178635278326]"
4.985193699947558,4,-0.30381585306287046,-0.3038159854481566,1.3238528612236067e-07,9.682443655629652e-07,"(-0.03107466548681259, 4.0803375244140625, 0.9448196887969971)","[-0.031075849041457437, 4.080337487939163, 0.9448178635278326]"
4.985208199941553,5,0.06351795895949292,0.06351777053438515,1.8842510776662103e-07,1.71328329007394e-06,"(-0.03107466548681259, 4.0803375244140625, 0.9448196887969971)","[-0.031075849041457437, 4.080337487939163, 0.9448178635278326]"
4.98522180004511,6,-1.8867826023025824,-1.8867825833643546,-1.8938227874798486e-08,4.840666780445774e-08,"(-0.03107466548681259, 4.0803375244140625, 0.9448196887969971)","[-0.031075849041457437, 4.080337487939163, 0.9448178635278326]"
5.038464099983685,0,0.24002140844232514,0.24002136306934663,4.537297851325839e-08,3.802497901196897e-07,"(-0.03107469528913498, 4.0803375244140625, 0.9448196887969971)","[-0.031075849041457437, 4.080337487939163, 0.9448178635278326]"
5.038503799936734,1,-0.217010244278736,-0.21701016640003457,-7.78787014321658e-08,-6.403459652949967e-07,"(-0.03107469528913498, 4.0803375244140625, 0.9448196887969971)","[-0.031075849041457437, 4.080337487939163, 0.9448178635278326]"
5.038525199983269,2,-0.4554810493085537,-0.45548108516591507,3.585736135791606e-08,3.0219928402353766e-07,"(-0.03107469528913498, 4.0803375244140625, 0.9448196887969971)","[-0.031075849041457437, 4.080337487939163, 0.9448178635278326]"
5.038544800016098,3,1.2892286201211434,1.2892285660636493,5.4057494036641174e-08,4.4381719002479433e-07,"(-0.03107469528913498, 4.0803375244140625, 0.9448196887969971)","[-0.031075849041457437, 4.080337487939163, 0.9448178635278326]"
5.038564599934034,4,-0.30381585306287046,-0.30381597804611155,1.2498324108989323e-07,9.155408460729042e-07,"(-0.03107469528913498, 4.0803375244140625, 0.9448196887969971)","[-0.031075849041457437, 4.080337487939163, 0.9448178635278326]"
5.038583599962294,5,0.06351795895949292,0.06351778395807128,1.7500142163173749e-07,1.6051841975716164e-06,"(-0.03107469528913498, 4.0803375244140625, 0.9448196887969971)","[-0.031075849041457437, 4.080337487939163, 0.9448178635278326]"
5.038602099986747,6,-1.8867826023025824,-1.8867825827613087,-1.9541273710288465e-08,3.708261375934635e-08,"(-0.03107469528913498, 4.0803375244140625, 0.9448196887969971)","[-0.031075849041457437, 4.080337487939163, 0.9448178635278326]"
5.0920449999393895,0,0.24002140844232514,0.24002136601849428,4.2423830864946055e-08,3.5731617507848964e-07,"(-0.031074723228812218, 4.0803375244140625, 0.9448197484016418)","[-0.031075849041457437, 4.080337487939163, 0.9448178635278326]"
5.09208650002256,1,-0.217010244278736,-0.21701017134657602,-7.293215997794533e-08,-6.022753473964426e-07,"(-0.031074723228812218, 4.0803375244140625, 0.9448197484016418)","[-0.031075849041457437, 4.080337487939163, 0.9448178635278326]"
5.0921086999587715,2,-0.4554810493085537,-0.4554810828162631,3.3507709384927864e-08,2.838750955395469e-07,"(-0.031074723228812218, 4.0803375244140625, 0.9448197484016418)","[-0.031075849041457437, 4.080337487939163, 0.9448178635278326]"
5.092128699994646,3,1.2892286201211434,1.2892285695039394,5.061720398380487e-08,4.173753178114331e-07,"(-0.031074723228812218, 4.0803375244140625, 0.9448197484016418)","[-0.031075849041457437, 4.080337487939163, 0.9448178635278326]"
5.092147600022145,4,-0.30381585306287046,-0.30381597104862557,1.1798575511035025e-07,8.655097423050989e-07,"(-0.031074723228812218, 4.0803375244140625, 0.9448197484016418)","[-0.031075849041457437, 4.080337487939163, 0.9448178635278326]"
5.0921672999393195,5,0.06351795895949292,0.06351779653277503,1.6242671788124774e-07,1.502822988494517e-06,"(-0.031074723228812218, 4.0803375244140625, 0.9448197484016418)","[-0.031075849041457437, 4.080337487939163, 0.9448178635278326]"
5.092186099966057,6,-1.8867826023025824,-1.8867825822578992,-2.0044683246567274e-08,2.652032034638966e-08,"(-0.031074723228812218, 4.0803375244140625, 0.9448197484016418)","[-0.031075849041457437, 4.080337487939163, 0.9448178635278326]"
5.142683899961412,0,0.24002140844232514,0.24002136878908112,3.965324402166459e-08,3.3559907404993306e-07,"(-0.031074749305844307, 4.0803375244140625, 0.9448197484016418)","[-0.031075849041457437, 4.080337487939163, 0.9448178635278326]"
5.142735100002028,1,-0.217010244278736,-0.21701017599764466,-6.828109133660831e-08,-5.662124352993745e-07,"(-0.031074749305844307, 4.0803375244140625, 0.9448197484016418)","[-0.031075849041457437, 4.080337487939163, 0.9448178635278326]"
5.142757099936716,2,-0.4554810493085537,-0.4554810806095333,3.130097958603528e-08,2.6652680752129807e-07,"(-0.031074749305844307, 4.0803375244140625, 0.9448197484016418)","[-0.031075849041457437, 4.080337487939163, 0.9448178635278326]"
5.142777099972591,3,1.2892286201211434,1.2892285727385349,4.738260850345455e-08,3.923326918149574e-07,"(-0.031074749305844307, 4.0803375244140625, 0.9448197484016418)","[-0.031075849041457437, 4.080337487939163, 0.9448178635278326]"
5.142795899999328,4,-0.30381585306287046,-0.3038159644350689,1.1137219846357738e-07,8.180393645234232e-07,"(-0.031074749305844307, 4.0803375244140625, 0.9448197484016418)","[-0.031075849041457437, 4.080337487939163, 0.9448178635278326]"
5.14281570003368,5,0.06351795895949292,0.06351780830395772,1.5065553519988395e-07,1.4060005173983723e-06,"(-0.031074749305844307, 4.0803375244140625, 0.9448197484016418)","[-0.031075849041457437, 4.080337487939163, 0.9448178635278326]"
5.1428357999539,6,-1.8867826023025824,-1.8867825818475294,-2.0455052984758026e-08,1.6704355450476413e-08,"(-0.031074749305844307, 4.0803375244140625, 0.9448197484016418)","[-0.031075849041457437, 4.080337487939163, 0.9448178635278326]"
5.198203600011766,0,0.24002140844232514,0.24002137139065172,3.705167342382687e-08,3.1505138375637156e-07,"(-0.031074775382876396, 4.0803375244140625, 0.9448197484016418)","[-0.031075849041457437, 4.080337487939163, 0.9448178635278326]"
5.198249900015071,1,-0.217010244278736,-0.217010180368945,-6.390979098713778e-08,-5.32078783927746e-07,"(-0.031074775382876396, 4.0803375244140625, 0.9448197484016418)","[-0.031075849041457437, 4.080337487939163, 0.9448178635278326]"
5.1982714999467134,2,-0.4554810493085537,-0.45548107853805875,2.9229505038586012e-08,2.501163813403371e-07,"(-0.031074775382876396, 4.0803375244140625, 0.9448197484016418)","[-0.031075849041457437, 4.080337487939163, 0.9448178635278326]"
5.198291299981065,3,1.2892286201211434,1.289228575778398,4.4342745475489664e-08,3.6863393109554114e-07,"(-0.031074775382876396, 4.0803375244140625, 0.9448197484016418)","[-0.031075849041457437, 4.080337487939163, 0.9448178635278326]"
5.198310400010087,4,-0.30381585306287046,-0.3038159581856842,1.0512281373165067e-07,7.730198577194851e-07,"(-0.031074775382876396, 4.0803375244140625, 0.9448197484016418)","[-0.031075849041457437, 4.080337487939163, 0.9448178635278326]"
5.198329000035301,5,0.06351795895949292,0.06351781931544467,1.3964404824151622e-07,1.3145117072702193e-06,"(-0.031074775382876396, 4.0803375244140625, 0.9448197484016418)","[-0.031075849041457437, 4.080337487939163, 0.9448178635278326]"
5.198347499943338,6,-1.8867826023025824,-1.8867825815237684,-2.0778814002753165e-08,7.615369039165765e-09,"(-0.031074775382876396, 4.0803375244140625, 0.9448197484016418)","[-0.031075849041457437, 4.080337487939163, 0.9448178635278326]"
5.253168800030835,0,0.24002140844232514,0.2400213738323724,3.460995273707468e-08,2.95625747696603e-07,"(-0.031074797734618187, 4.0803375244140625, 0.9448198080062866)","[-0.031075849041457437, 4.080337487939163, 0.9448178635278326]"
5.253201300045475,1,-0.217010244278736,-0.21701018447555454,-5.980318146248109e-08,-4.997957386491135e-07,"(-0.031074797734618187, 4.0803375244140625, 0.9448198080062866)","[-0.031075849041457437, 4.080337487939163, 0.9448178635278326]"
5.253216999932192,2,-0.4554810493085537,-0.4554810765944783,2.728592457534873e-08,2.3460560859712557e-07,"(-0.031074797734618187, 4.0803375244140625, 0.9448198080062866)","[-0.031075849041457437, 4.080337487939163, 0.9448178635278326]"
5.253230500034988,3,1.2892286201211434,1.2892285786340474,4.1487095980841104e-08,3.4622363416758937e-07,"(-0.031074797734618187, 4.0803375244140625, 0.9448198080062866)","[-0.031075849041457437, 4.080337487939163, 0.9448178635278326]"
5.253244300023653,4,-0.30381585306287046,-0.3038159522815705,9.92187000337097e-08,7.303435680032221e-07,"(-0.031074797734618187, 4.0803375244140625, 0.9448198080062866)","[-0.031075849041457437, 4.080337487939163, 0.9448178635278326]"
5.253257400006987,5,0.06351795895949292,0.06351782960938794,1.2935010497427957e-07,1.228147797272656e-06,"(-0.031074797734618187, 4.0803375244140625, 0.9448198080062866)","[-0.031075849041457437, 4.080337487939163, 0.9448178635278326]"
5.253270099987276,6,-1.8867826023025824,-1.8867825812803785,-2.1022203977594245e-08,-7.691184657168757e-10,"(-0.031074797734618187, 4.0803375244140625, 0.9448198080062866)","[-0.031075849041457437, 4.080337487939163, 0.9448178635278326]"
5.3054965999908745,0,0.24002140844232514,0.24002137612303057,3.2319294573923685e-08,2.7727489438904876e-07,"(-0.031074820086359978, 4.0803375244140625, 0.9448198080062866)","[-0.031075849041457437, 4.080337487939163, 0.9448178635278326]"
5.305530700017698,1,-0.217010244278736,-0.21701018833192404,-5.594681196097184e-08,-4.6928496021792413e-07,"(-0.031074820086359978, 4.0803375244140625, 0.9448198080062866)","[-0.031075849041457437, 4.080337487939163, 0.9448178635278326]"
5.305547600029968,2,-0.4554810493085537,-0.4554810747717369,2.5463183173091153e-08,2.1995637864924028e-07,"(-0.031074820086359978, 4.0803375244140625, 0.9448198080062866)","[-0.031075849041457437, 4.080337487939163, 0.9448178635278326]"
5.305735799949616,3,1.2892286201211434,1.2892285813155606,3.880558274715895e-08,3.250467290287554e-07,"(-0.031074820086359978, 4.0803375244140625, 0.9448198080062866)","[-0.031075849041457437, 4.080337487939163, 0.9448178635278326]"
5.305754699977115,4,-0.30381585306287046,-0.3038159467046654,9.364179492932223e-08,6.899053421042822e-07,"(-0.031074820086359978, 4.0803375244140625, 0.9448198080062866)","[-0.031075849041457437, 4.080337487939163, 0.9448178635278326]"
5.305773600004613,5,0.06351795895949292,0.06351783922624554,1.1973324737235558e-07,1.1466982675416193e-06,"(-0.031074820086359978, 4.0803375244140625, 0.9448198080062866)","[-0.031075849041457437, 4.080337487939163, 0.9448178635278326]"
5.305795899941586,6,-1.8867826023025824,-1.886782581111335,-2.119124742350209e-08,-8.4740327096515e-09,"(-0.031074820086359978, 4.0803375244140625, 0.9448198080062866)","[-0.031075849041457437, 4.080337487939163, 0.9448178635278326]"
5.359536899952218,0,0.24002140844232514,0.24002137827103662,3.017128852311757e-08,2.5995192306962604e-07,"(-0.03107483871281147, 4.0803375244140625, 0.9448198080062866)","[-0.031075849041457437, 4.080337487939163, 0.9448178635278326]"
5.359568399959244,1,-0.217010244278736,-0.21701019195188204,-5.232685396094894e-08,-4.404688684153839e-07,"(-0.03107483871281147, 4.0803375244140625, 0.9448198080062866)","[-0.031075849041457437, 4.080337487939163, 0.9448178635278326]"
5.359583499957807,2,-0.4554810493085537,-0.4554810730630836,2.3754529898667442e-08,2.061309045964138e-07,"(-0.03107483871281147, 4.0803375244140625, 0.9448198080062866)","[-0.031075849041457437, 4.080337487939163, 0.9448178635278326]"
5.359597599948756,3,1.2892286201211434,1.289228583832577,3.62885663740542e-08,3.0504876965524476e-07,"(-0.03107483871281147, 4.0803375244140625, 0.9448198080062866)","[-0.031075849041457437, 4.080337487939163, 0.9448178635278326]"
5.359610999934375,4,-0.30381585306287046,-0.3038159414377245,8.837485404589174e-08,6.516027629105765e-07,"(-0.03107483871281147, 4.0803375244140625, 0.9448198080062866)","[-0.031075849041457437, 4.080337487939163, 0.9448178635278326]"
5.359624700038694,5,0.06351795895949292,0.06351784820477507,1.1075471784138813e-07,1.0699524856690275e-06,"(-0.03107483871281147, 4.0803375244140625, 0.9448198080062866)","[-0.031075849041457437, 4.080337487939163, 0.9448178635278326]"
5.359638300025836,6,-1.8867826023025824,-1.886782581010844,-2.1291738372397617e-08,-1.5526151232353063e-08,"(-0.03107483871281147, 4.0803375244140625, 0.9448198080062866)","[-0.031075849041457437, 4.080337487939163, 0.9448178635278326]"
5.406220200005919,0,0.24002140844232514,0.240021380284428,2.815789715282513e-08,2.4361054502890586e-07,"(-0.03107485920190811, 4.0803375244140625, 0.9448198080062866)","[-0.031075849041457437, 4.080337487939163, 0.9448178635278326]"
5.406253500026651,1,-0.217010244278736,-0.2170101953486422,-4.8930093810017894e-08,-4.1327101376011457e-07,"(-0.03107485920190811, 4.0803375244140625, 0.9448198080062866)","[-0.031075849041457437, 4.080337487939163, 0.9448178635278326]"
5.406268900027499,2,-0.4554810493085537,-0.45548107146206845,2.2153514744882585e-08,1.9309191532625782e-07,"(-0.03107485920190811, 4.0803375244140625, 0.9448198080062866)","[-0.031075849041457437, 4.080337487939163, 0.9448178635278326]"
5.406282700016163,3,1.2892286201211434,1.2892285861943042,3.3926839115849816e-08,2.861761780412144e-07,"(-0.03107485920190811, 4.0803375244140625, 0.9448198080062866)","[-0.031075849041457437, 4.080337487939163, 0.9448178635278326]"
5.406295799999498,4,-0.30381585306287046,-0.30381593646429916,8.340142870766343e-08,6.153363542830256e-07,"(-0.03107485920190811, 4.0803375244140625, 0.9448198080062866)","[-0.031075849041457437, 4.080337487939163, 0.9448178635278326]"
5.406309199985117,5,0.06351795895949292,0.06351785658203919,1.0237745372287943e-07,9.977010948798196e-07,"(-0.03107485920190811, 4.0803375244140625, 0.9448198080062866)","[-0.031075849041457437, 4.080337487939163, 0.9448178635278326]"
5.406323099974543,6,-1.8867826023025824,-1.886782580973353,-2.1329229493716184e-08,-2.1953592711769635e-08,"(-0.03107485920190811, 4.0803375244140625, 0.9448198080062866)","[-0.031075849041457437, 4.080337487939163, 0.9448178635278326]"
5.455790700041689,0,0.24002140844232514,0.2400213821708748,2.6271450348502867e-08,2.2820528244953774e-07,"(-0.031074875965714455, 4.0803375244140625, 0.9448198676109314)","[-0.031075849041457437, 4.080337487939163, 0.9448178635278326]"
5.455839999951422,1,-0.217010244278736,-0.2170101985348137,-4.574392228895441e-08,-3.876163862771711e-07,"(-0.031074875965714455, 4.0803375244140625, 0.9448198676109314)","[-0.031075849041457437, 4.080337487939163, 0.9448178635278326]"
5.455855699954554,2,-0.4554810493085537,-0.45548106996253745,2.0653983745511084e-08,1.8080281089716913e-07,"(-0.031074875965714455, 4.0803375244140625, 0.9448198676109314)","[-0.031075849041457437, 4.080337487939163, 0.9448178635278326]"
5.455869499943219,3,1.2892286201211434,1.2892285884095258,3.1711617554108784e-08,2.6837645236795325e-07,"(-0.031074875965714455, 4.0803375244140625, 0.9448198676109314)","[-0.031075849041457437, 4.080337487939163, 0.9448178635278326]"
5.455882300040685,4,-0.30381585306287046,-0.3038159317687132,7.870584273206305e-08,5.810097041436316e-07,"(-0.031074875965714455, 4.0803375244140625, 0.9448198676109314)","[-0.031075849041457437, 4.080337487939163, 0.9448178635278326]"
5.455895200022496,5,0.06351795895949292,0.06351786439342151,9.456607140412299e-08,9.297371938759185e-07,"(-0.031074875965714455, 4.0803375244140625, 0.9448198676109314)","[-0.031075849041457437, 4.080337487939163, 0.9448178635278326]"
5.455908100004308,6,-1.8867826023025824,-1.8867825809935586,-2.1309023878757216e-08,-2.7785375024178222e-08,"(-0.031074875965714455, 4.0803375244140625, 0.9448198676109314)","[-0.031075849041457437, 4.080337487939163, 0.9448178635278326]"
5.501873399945907,0,0.24002140844232514,0.24002138393768704,2.450463809644532e-08,2.1369163406228202e-07,"(-0.031074892729520798, 4.0803375244140625, 0.9448198676109314)","[-0.031075849041457437, 4.080337487939163, 0.9448178635278326]"
5.501938899978995,1,-0.217010244278736,-0.2170102015224138,-4.275632220496206e-08,-3.634316671922026e-07,"(-0.031074892729520798, 4.0803375244140625, 0.9448198676109314)","[-0.031075849041457437, 4.080337487939163, 0.9448178635278326]"
5.501979799941182,2,-0.4554810493085537,-0.4554810685586268,1.9250073091114928e-08,1.692277941910673e-07,"(-0.031074892729520798, 4.0803375244140625, 0.9448198676109314)","[-0.031075849041457437, 4.080337487939163, 0.9448178635278326]"
5.502002499997616,3,1.2892286201211434,1.2892285904866105,2.9634532827671478e-08,2.515983300326136e-07,"(-0.031074892729520798, 4.0803375244140625, 0.9448198676109314)","[-0.031075849041457437, 4.080337487939163, 0.9448178635278326]"
5.5020241000456735,4,-0.30381585306287046,-0.30381592733603824,7.427316778274573e-08,5.485295806818247e-07,"(-0.031074892729520798, 4.0803375244140625, 0.9448198676109314)","[-0.031075849041457437, 4.080337487939163, 0.9448178635278326]"
5.502044299966656,5,0.06351795895949292,0.06351787167265087,8.728684204595272e-08,8.658573075058689e-07,"(-0.031074892729520798, 4.0803375244140625, 0.9448198676109314)","[-0.031075849041457437, 4.080337487939163, 0.9448178635278326]"
5.502064200001769,6,-1.8867826023025824,-1.8867825810664116,-2.123617082183671e-08,-3.305104028659345e-08,"(-0.031074892729520798, 4.0803375244140625, 0.9448198676109314)","[-0.031075849041457437, 4.080337487939163, 0.9448178635278326]"
5.550557499984279,0,0.24002140844232514,0.24002138559182307,2.2850502073845647e-08,2.0002620795379394e-07,"(-0.03107490763068199, 4.0803375244140625, 0.9448198676109314)","[-0.031075849041457437, 4.080337487939163, 0.9448178635278326]"
5.550598899950273,1,-0.217010244278736,-0.21701020432288198,-3.995585401428414e-08,-3.4064543313379206e-07,"(-0.03107490763068199, 4.0803375244140625, 0.9448198676109314)","[-0.031075849041457437, 4.080337487939163, 0.9448178635278326]"
5.550621300004423,2,-0.4554810493085537,-0.4554810672447559,1.7936202190149686e-08,1.5833197488067003e-07,"(-0.03107490763068199, 4.0803375244140625, 0.9448198676109314)","[-0.031075849041457437, 4.080337487939163, 0.9448178635278326]"
5.550641900044866,3,1.2892286201211434,1.289228592433523,2.7687620418603842e-08,2.3579192250068743e-07,"(-0.03107490763068199, 4.0803375244140625, 0.9448198676109314)","[-0.031075849041457437, 4.080337487939163, 0.9448178635278326]"
5.550661699962802,4,-0.30381585306287046,-0.3038159231520687,7.008919822304449e-08,5.178059943900688e-07,"(-0.03107490763068199, 4.0803375244140625, 0.9448198676109314)","[-0.031075849041457437, 4.080337487939163, 0.9448178635278326]"
5.550682200002484,5,0.06351795895949292,0.0635178784518328,8.0507660121798e-08,8.058621965383266e-07,"(-0.03107490763068199, 4.0803375244140625, 0.9448198676109314)","[-0.031075849041457437, 4.080337487939163, 0.9448178635278326]"
5.550702100037597,6,-1.8867826023025824,-1.8867825811871188,-2.1115463599841178e-08,-3.77803351008332e-08,"(-0.03107490763068199, 4.0803375244140625, 0.9448198676109314)","[-0.031075849041457437, 4.080337487939163, 0.9448178635278326]"
5.6083324999781325,0,0.24002140844232514,0.24002138713989876,2.130242637843338e-08,1.871668281198213e-07,"(-0.031074922531843185, 4.0803375244140625, 0.9448198676109314)","[-0.031075849041457437, 4.080337487939163, 0.9448178635278326]"
5.608366700005718,1,-0.217010244278736,-0.21701020694709594,-3.733164005703671e-08,-3.191883172250842e-07,"(-0.031074922531843185, 4.0803375244140625, 0.9448198676109314)","[-0.031075849041457437, 4.080337487939163, 0.9448178635278326]"
5.608382500009611,2,-0.4554810493085537,-0.45548106601561966,1.670706595291449e-08,1.4808145326733677e-07,"(-0.031074922531843185, 4.0803375244140625, 0.9448198676109314)","[-0.031075849041457437, 4.080337487939163, 0.9448178635278326]"
5.608395999995992,3,1.2892286201211434,1.2892285942578348,2.5863308605877933e-08,2.2090881780926571e-07,"(-0.031074922531843185, 4.0803375244140625, 0.9448198676109314)","[-0.031075849041457437, 4.080337487939163, 0.9448178635278326]"
5.608409199980088,4,-0.30381585306287046,-0.3038159192032958,6.614042535879605e-08,4.88752244180722e-07,"(-0.031074922531843185, 4.0803375244140625, 0.9448198676109314)","[-0.031075849041457437, 4.080337487939163, 0.9448178635278326]"
5.608423599973321,5,0.06351795895949292,0.06351788476148668,7.419800623909012e-08,7.495575103924824e-07,"(-0.031074922531843185, 4.0803375244140625, 0.9448198676109314)","[-0.031075849041457437, 4.080337487939163, 0.9448178635278326]"
5.6084366999566555,6,-1.8867826023025824,-1.8867825813511427,-2.0951439694272267e-08,-4.200294047447799e-08,"(-0.031074922531843185, 4.0803375244140625, 0.9448198676109314)","[-0.031075849041457437, 4.080337487939163, 0.9448178635278326]"
5.658390900003724,0,0.24002140844232514,0.24002138858819777,1.985412736993375e-08,1.7507261661133484e-07,"(-0.03107493557035923, 4.0803375244140625, 0.9448198676109314)","[-0.031075849041457437, 4.080337487939163, 0.9448178635278326]"
5.658424300025217,1,-0.217010244278736,-0.21701020940538832,-3.48733476818186e-08,-2.9899313265501723e-07,"(-0.03107493557035923, 4.0803375244140625, 0.9448198676109314)","[-0.031075849041457437, 4.080337487939163, 0.9448178635278326]"
5.658439700026065,2,-0.4554810493085537,-0.4554810648661805,1.5557626797946256e-08,1.3844338446811867e-07,"(-0.03107493557035923, 4.0803375244140625, 0.9448198676109314)","[-0.031075849041457437, 4.080337487939163, 0.9448178635278326]"
5.658453600015491,3,1.2892286201211434,1.2892285959667367,2.4154406697007857e-08,2.0690216078307728e-07,"(-0.03107493557035923, 4.0803375244140625, 0.9448198676109314)","[-0.031075849041457437, 4.080337487939163, 0.9448178635278326]"
5.658466499997303,4,-0.30381585306287046,-0.3038159154768821,6.241401162565552e-08,4.6128492857206905e-07,"(-0.03107493557035923, 4.0803375244140625, 0.9448198676109314)","[-0.031075849041457437, 4.080337487939163, 0.9448178635278326]"
5.658480099984445,5,0.06351795895949292,0.06351789063058766,6.832890525609869e-08,6.967543117422964e-07,"(-0.03107493557035923, 4.0803375244140625, 0.9448198676109314)","[-0.031075849041457437, 4.080337487939163, 0.9448178635278326]"
5.658493799972348,6,-1.8867826023025824,-1.8867825815541994,-2.0748383011692795e-08,-4.574824475306885e-08,"(-0.03107493557035923, 4.0803375244140625, 0.9448198676109314)","[-0.031075849041457437, 4.080337487939163, 0.9448178635278326]"
5.710082200006582,0,0.24002140844232514,0.24002138994268202,1.849964312294894e-08,1.6370405527948456e-07,"(-0.031074948608875275, 4.0803375244140625, 0.9448199272155762)","[-0.031075849041457437, 4.080337487939163, 0.9448178635278326]"
5.710120899952017,1,-0.217010244278736,-0.21701021170756463,-3.2571171371120755e-08,-2.7999496384354244e-07,"(-0.031074948608875275, 4.0803375244140625, 0.9448199272155762)","[-0.031075849041457437, 4.080337487939163, 0.9448178635278326]"
5.710136599955149,2,-0.4554810493085537,-0.45548106379165954,1.4483105825746634e-08,1.2938602546825318e-07,"(-0.031074948608875275, 4.0803375244140625, 0.9448199272155762)","[-0.031075849041457437, 4.080337487939163, 0.9448178635278326]"
5.710150199942291,3,1.2892286201211434,1.2892285975670512,2.255409214946269e-08,1.9372671173988498e-07,"(-0.031074948608875275, 4.0803375244140625, 0.9448199272155762)","[-0.031075849041457437, 4.080337487939163, 0.9448178635278326]"
5.710163300042041,4,-0.30381585306287046,-0.3038159119606351,5.889776466538876e-08,4.353239330486851e-07,"(-0.031074948608875275, 4.0803375244140625, 0.9448199272155762)","[-0.031075849041457437, 4.080337487939163, 0.9448178635278326]"
5.710176400025375,5,0.06351795895949292,0.0635178960866122,6.287288072115427e-08,6.472694839291827e-07,"(-0.031074948608875275, 4.0803375244140625, 0.9448199272155762)","[-0.031075849041457437, 4.080337487939163, 0.9448178635278326]"
5.710188900004141,6,-1.8867826023025824,-1.886782581792254,-2.0510328324618854e-08,-4.904515522307372e-08,"(-0.031074948608875275, 4.0803375244140625, 0.9448199272155762)","[-0.031075849041457437, 4.080337487939163, 0.9448178635278326]"
5.759871699963696,0,0.24002140844232514,0.2400213912090029,1.7233322241461124e-08,1.5302302956225116e-07,"(-0.03107495978474617, 4.0803375244140625, 0.9448199272155762)","[-0.031075849041457437, 4.080337487939163, 0.9448178635278326]"
5.759924200014211,1,-0.217010244278736,-0.2170102138629216,-3.041581439489072e-08,-2.621312297144914e-07,"(-0.03107495978474617, 4.0803375244140625, 0.9448199272155762)","[-0.031075849041457437, 4.080337487939163, 0.9448178635278326]"
5.759939600015059,2,-0.4554810493085537,-0.4554810627875275,1.3478973770464364e-08,1.208787703969318e-07,"(-0.03107495978474617, 4.0803375244140625, 0.9448199272155762)","[-0.031075849041457437, 4.080337487939163, 0.9448178635278326]"
5.75995380000677,3,1.2892286201211434,1.2892285990652468,2.105589658185636e-08,1.8133888259719497e-07,"(-0.03107495978474617, 4.0803375244140625, 0.9448199272155762)","[-0.031075849041457437, 4.080337487939163, 0.9448178635278326]"
5.759967599995434,4,-0.30381585306287046,-0.3038159086429819,5.558011145767594e-08,4.107924168667977e-07,"(-0.03107495978474617, 4.0803375244140625, 0.9448199272155762)","[-0.031075849041457437, 4.080337487939163, 0.9448178635278326]"
5.759980699978769,5,0.06351795895949292,0.06351790115558642,5.7803906494680035e-08,6.009260382740681e-07,"(-0.03107495978474617, 4.0803375244140625, 0.9448199272155762)","[-0.031075849041457437, 4.080337487939163, 0.9448178635278326]"
5.759993999963626,6,-1.8867826023025824,-1.8867825820615167,-2.024106571241191e-08,-5.192194511974993e-08,"(-0.03107495978474617, 4.0803375244140625, 0.9448199272155762)","[-0.031075849041457437, 4.080337487939163, 0.9448178635278326]"
5.809346799971536,0,0.24002140844232514,0.2400213923925126,1.6049812534557617e-08,1.4299285664437705e-07,"(-0.031074970960617065, 4.0803375244140625, 0.9448199272155762)","[-0.031075849041457437, 4.080337487939163, 0.9448178635278326]"
5.809410699992441,1,-0.217010244278736,-0.21701021588026595,-2.8398470047763524e-08,-2.453417225912087e-07,"(-0.031074970960617065, 4.0803375244140625, 0.9448199272155762)","[-0.031075849041457437, 4.080337487939163, 0.9448178635278326]"
5.809450099943206,2,-0.4554810493085537,-0.45548106184949577,1.2540942062599925e-08,1.1289217070682281e-07,"(-0.031074970960617065, 4.0803375244140625, 0.9448199272155762)","[-0.031075849041457437, 4.080337487939163, 0.9448178635278326]"
5.809484799974598,3,1.2892286201211434,1.289228600467449,1.9653694449672798e-08,1.696967611297629e-07,"(-0.031074970960617065, 4.0803375244140625, 0.9448199272155762)","[-0.031075849041457437, 4.080337487939163, 0.9448178635278326]"
5.809516199980862,4,-0.30381585306287046,-0.30381590551294313,5.2450072673959625e-08,3.876167636087796e-07,"(-0.031074970960617065, 4.0803375244140625, 0.9448199272155762)","[-0.031075849041457437, 4.080337487939163, 0.9448178635278326]"
5.809548699995503,5,0.06351795895949292,0.0635179058621366,5.309735631731094e-08,5.575533351659759e-07,"(-0.031074970960617065, 4.0803375244140625, 0.9448199272155762)","[-0.031075849041457437, 4.080337487939163, 0.9448178635278326]"
5.809581400011666,6,-1.8867826023025824,-1.886782582358435,-1.9944147444661553e-08,-5.440612763617183e-08,"(-0.031074970960617065, 4.0803375244140625, 0.9448199272155762)","[-0.031075849041457437, 4.080337487939163, 0.9448178635278326]"
5.864473299938254,0,0.24002140844232514,0.2400213934982756,1.4944049553378136e-08,1.3357830016371523e-07,"(-0.03107498213648796, 4.0803375244140625, 0.9448199272155762)","[-0.031075849041457437, 4.080337487939163, 0.9448178635278326]"
5.864505999954417,1,-0.217010244278736,-0.21701021776793344,-2.6510802553225687e-08,-2.2956862654347643e-07,"(-0.03107498213648796, 4.0803375244140625, 0.9448199272155762)","[-0.031075849041457437, 4.080337487939163, 0.9448178635278326]"
5.864521999959834,2,-0.4554810493085537,-0.455481060973507,1.166495328108752e-08,1.0539794620109006e-07,"(-0.03107498213648796, 4.0803375244140625, 0.9448199272155762)","[-0.031075849041457437, 4.080337487939163, 0.9448178635278326]"
5.8645359999500215,3,1.2892286201211434,1.2892286017794559,1.83416875021436e-08,1.5876011926011297e-07,"(-0.03107498213648796, 4.0803375244140625, 0.9448199272155762)","[-0.031075849041457437, 4.080337487939163, 0.9448178635278326]"
5.8645491999341175,4,-0.30381585306287046,-0.3038159025601081,4.9497237641915603e-08,3.657265297975428e-07,"(-0.03107498213648796, 4.0803375244140625, 0.9448199272155762)","[-0.031075849041457437, 4.080337487939163, 0.9448178635278326]"
5.864562900038436,5,0.06351795895949292,0.06351791022954104,4.87299518792117e-08,5.169872306715404e-07,"(-0.03107498213648796, 4.0803375244140625, 0.9448199272155762)","[-0.031075849041457437, 4.080337487939163, 0.9448178635278326]"
5.864576100022532,6,-1.8867826023025824,-1.886782582679687,-1.9622895530702067e-08,-5.652435753524609e-08,"(-0.03107498213648796, 4.0803375244140625, 0.9448199272155762)","[-0.031075849041457437, 4.080337487939163, 0.9448178635278326]"
5.915318600018509,0,0.24002140844232514,0.24002139453108023,1.3911244906017473e-08,1.2474557384724247e-07,"(-0.031074991449713707, 4.0803375244140625, 0.9448199272155762)","[-0.031075849041457437, 4.080337487939163, 0.9448178635278326]"
5.91535979998298,1,-0.217010244278736,-0.217010219533808,-2.4744927995534738e-08,-2.1475651752241495e-07,"(-0.031074991449713707, 4.0803375244140625, 0.9448199272155762)","[-0.031075849041457437, 4.080337487939163, 0.9448178635278326]"
5.915380600024946,2,-0.4554810493085537,-0.4554810601557255,1.0847171771910524e-08,9.836898713961435e-08,"(-0.031074991449713707, 4.0803375244140625, 0.9448199272155762)","[-0.031075849041457437, 4.080337487939163, 0.9448178635278326]"
5.915400499943644,3,1.2892286201211434,1.2892286030067506,1.711439279183935e-08,1.4849040935770112e-07,"(-0.031074991449713707, 4.0803375244140625, 0.9448199272155762)","[-0.031075849041457437, 4.080337487939163, 0.9448178635278326]"
5.915417499956675,4,-0.30381585306287046,-0.3038158997746097,4.671173925441252e-08,3.450543825712908e-07,"(-0.031074991449713707, 4.0803375244140625, 0.9448199272155762)","[-0.031075849041457437, 4.080337487939163, 0.9448178635278326]"
5.915436299983412,5,0.06351795895949292,0.06351791427978284,4.467971007060534e-08,4.790701564462129e-07,"(-0.031074991449713707, 4.0803375244140625, 0.9448199272155762)","[-0.031075849041457437, 4.080337487939163, 0.9448178635278326]"
5.91545790003147,6,-1.8867826023025824,-1.886782583022174,-1.9280408380950576e-08,-5.830235459506217e-08,"(-0.031074991449713707, 4.0803375244140625, 0.9448199272155762)","[-0.031075849041457437, 4.080337487939163, 0.9448178635278326]"
5.9657136999303475,0,0.24002140844232514,0.2400213954954504,1.2946874738961611e-08,1.1646233521091724e-07,"(-0.031075000762939453, 4.0803375244140625, 0.9448199272155762)","[-0.031075849041457437, 4.080337487939163, 0.9448178635278326]"
5.965752499992959,1,-0.217010244278736,-0.21701022118534066,-2.309339533490551e-08,-2.0085234886817195e-07,"(-0.031075000762939453, 4.0803375244140625, 0.9448199272155762)","[-0.031075849041457437, 4.080337487939163, 0.9448178635278326]"
5.965769000002183,2,-0.4554810493085537,-0.4554810593925282,1.0083974488761527e-08,9.177934766369425e-08,"(-0.031075000762939453, 4.0803375244140625, 0.9448199272155762)","[-0.031075849041457437, 4.080337487939163, 0.9448178635278326]"
5.965783899999224,3,1.2892286201211434,1.2892286041545147,1.596662868585952e-08,1.3885075169800716e-07,"(-0.031075000762939453, 4.0803375244140625, 0.9448199272155762)","[-0.031075849041457437, 4.080337487939163, 0.9448178635278326]"
5.965797399985604,4,-0.30381585306287046,-0.30381589714710056,4.408423009971685e-08,3.2553602355551323e-07,"(-0.031075000762939453, 4.0803375244140625, 0.9448199272155762)","[-0.031075849041457437, 4.080337487939163, 0.9448178635278326]"
5.965811199974269,5,0.06351795895949292,0.06351791803360304,4.092588987147927e-08,4.436511461986464e-07,"(-0.031075000762939453, 4.0803375244140625, 0.9448199272155762)","[-0.031075849041457437, 4.080337487939163, 0.9448178635278326]"
5.965824899962172,6,-1.8867826023025824,-1.886782583383012,-1.8919570354825055e-08,-5.976484475478322e-08,"(-0.031075000762939453, 4.0803375244140625, 0.9448199272155762)","[-0.031075849041457437, 4.080337487939163, 0.9448178635278326]"
6.016050999984145,0,0.24002140844232514,0.24002139639565698,1.2046668163012697e-08,1.0869767120950278e-07,"(-0.03107500821352005, 4.0803375244140625, 0.9448199272155762)","[-0.031075849041457437, 4.080337487939163, 0.9448178635278326]"
6.016084100003354,1,-0.217010244278736,-0.2170102227295686,-2.1549167394940838e-08,-1.878054237858733e-07,"(-0.03107500821352005, 4.0803375244140625, 0.9448199272155762)","[-0.031075849041457437, 4.080337487939163, 0.9448178635278326]"
6.016100200009532,2,-0.4554810493085537,-0.45548105868049515,9.371941445124321e-09,8.560423430928658e-08,"(-0.03107500821352005, 4.0803375244140625, 0.9448199272155762)","[-0.031075849041457437, 4.080337487939163, 0.9448178635278326]"
6.01611419999972,3,1.2892286201211434,1.2892286052276418,1.4893501543156162e-08,1.2980591157123744e-07,"(-0.03107500821352005, 4.0803375244140625, 0.9448199272155762)","[-0.031075849041457437, 4.080337487939163, 0.9448178635278326]"
6.016128499992192,4,-0.30381585306287046,-0.303815894668729,4.16058585361867e-08,3.071101147750613e-07,"(-0.03107500821352005, 4.0803375244140625, 0.9448199272155762)","[-0.031075849041457437, 4.080337487939163, 0.9448178635278326]"
6.016142099979334,5,0.06351795895949292,0.06351792151055381,3.7448939102513457e-08,4.1058581418619296e-07,"(-0.03107500821352005, 4.0803375244140625, 0.9448199272155762)","[-0.031075849041457437, 4.080337487939163, 0.9448178635278326]"
6.016155599965714,6,-1.8867826023025824,-1.8867825837595227,-1.854305975435011e-08,-6.093552164099128e-08,"(-0.03107500821352005, 4.0803375244140625, 0.9448199272155762)","[-0.031075849041457437, 4.080337487939163, 0.9448178635278326]"
6.069727599970065,0,0.24002140844232514,0.24002139723572916,1.1206595984525336e-08,1.0142207676423502e-07,"(-0.031075017526745796, 4.0803375244140625, 0.9448199272155762)","[-0.031075849041457437, 4.080337487939163, 0.9448178635278326]"
6.0697712999535725,1,-0.217010244278736,-0.21701022417313365,-2.0105602349662632e-08,-1.7556735745476942e-07,"(-0.031075017526745796, 4.0803375244140625, 0.9448199272155762)","[-0.031075849041457437, 4.080337487939163, 0.9448178635278326]"
6.069795400020666,2,-0.4554810493085537,-0.45548105801640043,8.707846721467405e-09,7.981998729677854e-08,"(-0.031075017526745796, 4.0803375244140625, 0.9448199272155762)","[-0.031075849041457437, 4.080337487939163, 0.9448178635278326]"
6.069818299962208,3,1.2892286201211434,1.28922860623075,1.389039328003605e-08,1.213222718616268e-07,"(-0.031075017526745796, 4.0803375244140625, 0.9448199272155762)","[-0.031075849041457437, 4.080337487939163, 0.9448178635278326]"
6.0698397000087425,4,-0.30381585306287046,-0.3038158923311163,3.926824582167754e-08,2.8971818767225306e-07,"(-0.031075017526745796, 4.0803375244140625, 0.9448199272155762)","[-0.031075849041457437, 4.080337487939163, 0.9448178635278326]"
6.069860399933532,5,0.06351795895949292,0.0635179247290512,3.423044171724232e-08,3.7973629570802795e-07,"(-0.031075017526745796, 4.0803375244140625, 0.9448199272155762)","[-0.031075849041457437, 4.080337487939163, 0.9448178635278326]"
6.069881599978544,6,-1.8867826023025824,-1.8867825841492245,-1.815335792798578e-08,-6.183701810110298e-08,"(-0.031075017526745796, 4.0803375244140625, 0.9448199272155762)","[-0.031075849041457437, 4.080337487939163, 0.9448178635278326]"
6.121886100037955,0,0.24002140844232514,0.24002139801946565,1.0422859492154046e-08,9.460742778892274e-08,"(-0.031075024977326393, 4.0803375244140625, 0.944819986820221)","[-0.031075849041457437, 4.080337487939163, 0.9448178635278326]"
6.1219191999407485,1,-0.217010244278736,-0.21701022552230054,-1.8756435460343113e-08,-1.6409203028119613e-07,"(-0.031075024977326393, 4.0803375244140625, 0.944819986820221)","[-0.031075849041457437, 4.080337487939163, 0.9448178635278326]"
6.1219352999469265,2,-0.4554810493085537,-0.4554810573972032,8.088649472437481e-09,7.440405813557271e-08,"(-0.031075024977326393, 4.0803375244140625, 0.944819986820221)","[-0.031075849041457437, 4.080337487939163, 0.9448178635278326]"
6.12194969994016,3,1.2892286201211434,1.2892286071681958,1.295294760339516e-08,1.1336779885369851e-07,"(-0.031075024977326393, 4.0803375244140625, 0.944819986820221)","[-0.031075849041457437, 4.080337487939163, 0.9448178635278326]"
6.121963100042194,4,-0.30381585306287046,-0.30381589012633414,3.706346368703706e-08,2.7330455328305977e-07,"(-0.031075024977326393, 4.0803375244140625, 0.944819986820221)","[-0.031075849041457437, 4.080337487939163, 0.9448178635278326]"
6.121976900030859,5,0.06351795895949292,0.06351792770642734,3.125306557993923e-08,3.5097115323921277e-07,"(-0.031075024977326393, 4.0803375244140625, 0.944819986820221)","[-0.031075849041457437, 4.080337487939163, 0.9448178635278326]"
6.121989700011909,6,-1.8867826023025824,-1.8867825845498236,-1.7752758818545544e-08,-6.249089297207434e-08,"(-0.031075024977326393, 4.0803375244140625, 0.944819986820221)","[-0.031075849041457437, 4.080337487939163, 0.9448178635278326]"
6.173460499965586,0,0.24002140844232514,0.24002139875044565,9.69187949340089e-09,8.822695000814883e-08,"(-0.03107503056526184, 4.0803375244140625, 0.944819986820221)","[-0.031075849041457437, 4.080337487939163, 0.9448178635278326]"
6.173520699958317,1,-0.217010244278736,-0.21701022678297485,-1.7495761145402966e-08,-1.533355337227531e-07,"(-0.03107503056526184, 4.0803375244140625, 0.944819986820221)","[-0.031075849041457437, 4.080337487939163, 0.9448178635278326]"
6.173539499985054,2,-0.4554810493085537,-0.45548105682003875,7.511485045075261e-09,6.933498543370409e-08,"(-0.03107503056526184, 4.0803375244140625, 0.944819986820221)","[-0.031075849041457437, 4.080337487939163, 0.9448178635278326]"
6.173553999979049,3,1.2892286201211434,1.289228608044085,1.2077058464399215e-08,1.0591200030715116e-07,"(-0.03107503056526184, 4.0803375244140625, 0.944819986820221)","[-0.031075849041457437, 4.080337487939163, 0.9448178635278326]"
6.173568299971521,4,-0.30381585306287046,-0.30381588804688336,3.498401290880082e-08,2.578162219339919e-07,"(-0.03107503056526184, 4.0803375244140625, 0.944819986820221)","[-0.031075849041457437, 4.080337487939163, 0.9448178635278326]"
6.173581899958663,5,0.06351795895949292,0.06351793045898171,2.8500511201068335e-08,3.241652525823292e-07,"(-0.03107503056526184, 4.0803375244140625, 0.944819986820221)","[-0.031075849041457437, 4.080337487939163, 0.9448178635278326]"
6.173596099950373,6,-1.8867826023025824,-1.886782584959205,-1.7343377400891313e-08,-6.291762779217166e-08,"(-0.03107503056526184, 4.0803375244140625, 0.944819986820221)","[-0.031075849041457437, 4.080337487939163, 0.9448178635278326]"
6.222445499966852,0,0.24002140844232514,0.2400213994320394,9.010285739741164e-09,8.225518295999702e-08,"(-0.031075038015842438, 4.0803375244140625, 0.944819986820221)","[-0.031075849041457437, 4.080337487939163, 0.9448178635278326]"
6.222495099995285,1,-0.217010244278736,-0.21701022796072045,-1.631801554990986e-08,-1.4325611130932426e-07,"(-0.031075038015842438, 4.0803375244140625, 0.944819986820221)","[-0.031075849041457437, 4.080337487939163, 0.9448178635278326]"
6.222516200039536,2,-0.4554810493085537,-0.4554810562822102,6.973656485609325e-09,6.459236379517974e-08,"(-0.031075038015842438, 4.0803375244140625, 0.944819986820221)","[-0.031075849041457437, 4.080337487939163, 0.9448178635278326]"
6.222534699947573,3,1.2892286201211434,1.289228608862286,1.1258857401941214e-08,9.89258857326048e-08,"(-0.031075038015842438, 4.0803375244140625, 0.944819986820221)","[-0.031075849041457437, 4.080337487939163, 0.9448178635278326]"
6.222553599975072,4,-0.30381585306287046,-0.30381588608567267,3.3022802214954794e-08,2.432027944230885e-07,"(-0.031075038015842438, 4.0803375244140625, 0.944819986820221)","[-0.031075849041457437, 4.080337487939163, 0.9448178635278326]"
6.222574200015515,5,0.06351795895949292,0.06351793300203136,2.5957461555203842e-08,2.99199622936922e-07,"(-0.031075038015842438, 4.0803375244140625, 0.944819986820221)","[-0.031075849041457437, 4.080337487939163, 0.9448178635278326]"
6.222593999933451,6,-1.8867826023025824,-1.8867825853754234,-1.6927159007806836e-08,-6.313663134654234e-08,"(-0.031075038015842438, 4.0803375244140625, 0.944819986820221)","[-0.031075849041457437, 4.080337487939163, 0.9448178635278326]"
6.2725031999871135,0,0.24002140844232514,0.24002140006741865,8.374906490526968e-09,7.666794223665022e-08,"(-0.031075043603777885, 4.0803375244140625, 0.944819986820221)","[-0.031075849041457437, 4.080337487939163, 0.9448178635278326]"
6.272534899995662,1,-0.217010244278736,-0.21701022906077627,-1.5217959725699615e-08,-1.3381409356811903e-07,"(-0.031075043603777885, 4.0803375244140625, 0.944819986820221)","[-0.031075849041457437, 4.080337487939163, 0.9448178635278326]"
6.272550800000317,2,-0.4554810493085537,-0.4554810557811798,6.472626101761136e-09,6.015681412005661e-08,"(-0.031075043603777885, 4.0803375244140625, 0.944819986820221)","[-0.031075849041457437, 4.080337487939163, 0.9448178635278326]"
6.272564599988982,3,1.2892286201211434,1.2892286096264418,1.0494701552232755e-08,9.238191917407975e-08,"(-0.031075043603777885, 4.0803375244140625, 0.944819986820221)","[-0.031075849041457437, 4.080337487939163, 0.9448178635278326]"
6.272577399970032,4,-0.30381585306287046,-0.3038158842359987,3.117312824540974e-08,2.294163743867732e-07,"(-0.031075043603777885, 4.0803375244140625, 0.944819986820221)","[-0.031075849041457437, 4.080337487939163, 0.9448178635278326]"
6.272590399952605,5,0.06351795895949292,0.06351793534995981,2.360953310631686e-08,2.7596129144354617e-07,"(-0.031075043603777885, 4.0803375244140625, 0.944819986820221)","[-0.031075849041457437, 4.080337487939163, 0.9448178635278326]"
6.2726033999351785,6,-1.8867826023025824,-1.886782585796694,-1.65058884338265e-08,-6.316625137523976e-08,"(-0.031075043603777885, 4.0803375244140625, 0.944819986820221)","[-0.031075849041457437, 4.080337487939163, 0.9448178635278326]"
6.323248300002888,0,0.24002140844232514,0.2400214006595666,7.782758548735558e-09,7.144227874516797e-08,"(-0.031075049191713333, 4.0803375244140625, 0.944819986820221)","[-0.031075849041457437, 4.080337487939163, 0.9448178635278326]"
6.323294900008477,1,-0.217010244278736,-0.21701023008807288,-1.4190663116808722e-08,-1.2497183151289493e-07,"(-0.031075049191713333, 4.0803375244140625, 0.944819986820221)","[-0.031075849041457437, 4.080337487939163, 0.9448178635278326]"
6.323322099982761,2,-0.4554810493085537,-0.4554810553145611,6.006007413628112e-09,5.600995042818652e-08,"(-0.031075049191713333, 4.0803375244140625, 0.944819986820221)","[-0.031075849041457437, 4.080337487939163, 0.9448178635278326]"
6.323345799930394,3,1.2892286201211434,1.2892286103399806,9.781162768618401e-09,8.625397041114324e-08,"(-0.031075049191713333, 4.0803375244140625, 0.944819986820221)","[-0.031075849041457437, 4.080337487939163, 0.9448178635278326]"
6.323368999990635,4,-0.30381585306287046,-0.30381588249152675,2.942865628963176e-08,2.1641147487397793e-07,"(-0.031075049191713333, 4.0803375244140625, 0.944819986820221)","[-0.031075849041457437, 4.080337487939163, 0.9448178635278326]"
6.323391799931414,5,0.06351795895949292,0.06351793751626467,2.144322824859657e-08,2.543431082503012e-07,"(-0.031075049191713333, 4.0803375244140625, 0.944819986820221)","[-0.031075849041457437, 4.080337487939163, 0.9448178635278326]"
6.323413599980995,6,-1.8867826023025824,-1.8867825862213834,-1.608119903906413e-08,-6.302379438719889e-08,"(-0.031075049191713333, 4.0803375244140625, 0.944819986820221)","[-0.031075849041457437, 4.080337487939163, 0.9448178635278326]"
6.37204089993611,0,0.24002140844232514,0.2400214012112877,7.23103743549558e-09,6.655643619914495e-08,"(-0.03107505291700363, 4.0803375244140625, 0.944819986820221)","[-0.031075849041457437, 4.080337487939163, 0.9448178635278326]"
6.372076299972832,1,-0.217010244278736,-0.2170102310472482,-1.3231487794307384e-08,-1.166936262884222e-07,"(-0.03107505291700363, 4.0803375244140625, 0.944819986820221)","[-0.031075849041457437, 4.080337487939163, 0.9448178635278326]"
6.37209239997901,2,-0.4554810493085537,-0.4554810548801111,5.5715573821224496e-09,5.2134344563814266e-08,"(-0.03107505291700363, 4.0803375244140625, 0.944819986820221)","[-0.031075849041457437, 4.080337487939163, 0.9448178635278326]"
6.372106199967675,3,1.2892286201211434,1.2892286110061268,9.115016519345431e-09,8.051726792607982e-08,"(-0.03107505291700363, 4.0803375244140625, 0.944819986820221)","[-0.031075849041457437, 4.080337487939163, 0.9448178635278326]"
6.372120399959385,4,-0.30381585306287046,-0.3038158808462719,2.7783401468362e-08,2.041449130739622e-07,"(-0.03107505291700363, 4.0803375244140625, 0.944819986820221)","[-0.031075849041457437, 4.080337487939163, 0.9448178635278326]"
6.372134499950334,5,0.06351795895949292,0.06351793951360371,1.9445889204439126e-08,2.3424356070086509e-07,"(-0.03107505291700363, 4.0803375244140625, 0.944819986820221)","[-0.031075849041457437, 4.080337487939163, 0.9448178635278326]"
6.372147299931385,6,-1.8867826023025824,-1.886782586648002,-1.5654580520774175e-08,-6.272554815134981e-08,"(-0.03107505291700363, 4.0803375244140625, 0.944819986820221)","[-0.031075849041457437, 4.080337487939163, 0.9448178635278326]"
6.419588099932298,0,0.24002140844232514,0.24002140172521702,6.717108119724813e-09,6.198980833342494e-08,"(-0.03107505850493908, 4.0803375244140625, 0.944819986820221)","[-0.031075849041457437, 4.080337487939163, 0.9448178635278326]"
6.41961999994237,1,-0.217010244278736,-0.21701023194266286,-1.2336073135221781e-08,-1.089456573726954e-07,"(-0.03107505850493908, 4.0803375244140625, 0.944819986820221)","[-0.031075849041457437, 4.080337487939163, 0.9448178635278326]"
6.419635999947786,2,-0.4554810493085537,-0.45548105447572257,5.167168859454563e-09,4.8513492652441266e-08,"(-0.03107505850493908, 4.0803375244140625, 0.944819986820221)","[-0.031075849041457437, 4.080337487939163, 0.9448178635278326]"
6.419649799936451,3,1.2892286201211434,1.2892286116279132,8.49323011919978e-09,7.514834578667976e-08,"(-0.03107505850493908, 4.0803375244140625, 0.944819986820221)","[-0.031075849041457437, 4.080337487939163, 0.9448178635278326]"
6.419663000036962,4,-0.30381585306287046,-0.3038158792945814,2.6231710970048283e-08,1.9257572696031577e-07,"(-0.03107505850493908, 4.0803375244140625, 0.944819986820221)","[-0.031075849041457437, 4.080337487939163, 0.9448178635278326]"
6.419677100027911,5,0.06351795895949292,0.06351794135383951,1.7605653407359867e-08,2.1556657450080273e-07,"(-0.03107505850493908, 4.0803375244140625, 0.944819986820221)","[-0.031075849041457437, 4.080337487939163, 0.9448178635278326]"
6.419690700015053,6,-1.8867826023025824,-1.886782587075194,-1.5227388461269697e-08,-6.228680952075712e-08,"(-0.03107505850493908, 4.0803375244140625, 0.944819986820221)","[-0.031075849041457437, 4.080337487939163, 0.9448178635278326]"
6.464548400021158,0,0.24002140844232514,0.24002140220382923,6.238495914301367e-09,5.772289446125121e-08,"(-0.031075062230229378, 4.0803375244140625, 0.944819986820221)","[-0.031075849041457437, 4.080337487939163, 0.9448178635278326]"
6.464611800038256,1,-0.217010244278736,-0.2170102327784149,-1.1500321084323417e-08,-1.0169591029579256e-07,"(-0.031075062230229378, 4.0803375244140625, 0.944819986820221)","[-0.031075849041457437, 4.080337487939163, 0.9448178635278326]"
6.464627600042149,2,-0.4554810493085537,-0.4554810540994169,4.7908632061499645e-09,4.5131779108590884e-08,"(-0.031075062230229378, 4.0803375244140625, 0.944819986820221)","[-0.031075849041457437, 4.080337487939163, 0.9448178635278326]"
6.464641400030814,3,1.2892286201211434,1.2892286122081889,7.912954513855652e-09,7.012499311250958e-08,"(-0.031075062230229378, 4.0803375244140625, 0.944819986820221)","[-0.031075849041457437, 4.080337487939163, 0.9448178635278326]"
6.4646547000156716,4,-0.30381585306287046,-0.30381587783111724,2.4768246786877057e-08,1.8166507891936024e-07,"(-0.031075062230229378, 4.0803375244140625, 0.944819986820221)","[-0.031075849041457437, 4.080337487939163, 0.9448178635278326]"
6.464668000000529,5,0.06351795895949292,0.06351794304808232,1.59114105918734e-08,1.9822131523283707e-07,"(-0.031075062230229378, 4.0803375244140625, 0.944819986820221)","[-0.031075849041457437, 4.080337487939163, 0.9448178635278326]"
6.464681299985386,6,-1.8867826023025824,-1.8867825875017308,-1.4800851655394354e-08,-6.172191537106164e-08,"(-0.031075062230229378, 4.0803375244140625, 0.944819986820221)","[-0.031075849041457437, 4.080337487939163, 0.9448178635278326]"
6.5134390000021085,0,0.24002140844232514,0.24002140264944727,5.792877871835245e-09,5.37372549434437e-08,"(-0.031075065955519676, 4.0803375244140625, 0.944819986820221)","[-0.031075849041457437, 4.080337487939163, 0.9448178635278326]"
6.513533500023186,1,-0.217010244278736,-0.21701023355835392,-1.0720382082052282e-08,-9.491410383103783e-08,"(-0.031075065955519676, 4.0803375244140625, 0.944819986820221)","[-0.031075849041457437, 4.080337487939163, 0.9448178635278326]"
6.5135713999625295,2,-0.4554810493085537,-0.45548105374933723,4.440783518688818e-09,4.1974439496111485e-08,"(-0.031075065955519676, 4.0803375244140625, 0.944819986820221)","[-0.031075849041457437, 4.080337487939163, 0.9448178635278326]"
6.51359180000145,3,1.2892286201211434,1.289228612749631,7.371512289466864e-09,6.542620496710199e-08,"(-0.031075065955519676, 4.0803375244140625, 0.944819986820221)","[-0.031075849041457437, 4.080337487939163, 0.9448178635278326]"
6.513605199987069,4,-0.30381585306287046,-0.3038158764508399,2.3387969450006096e-08,1.7137615498015046e-07,"(-0.031075065955519676, 4.0803375244140625, 0.944819986820221)","[-0.031075849041457437, 4.080337487939163, 0.9448178635278326]"
6.513618399971165,5,0.06351795895949292,0.06351794460673146,1.4352761451563723e-08,1.8212198469513439e-07,"(-0.031075065955519676, 4.0803375244140625, 0.944819986820221)","[-0.031075849041457437, 4.080337487939163, 0.9448178635278326]"
6.513631199952215,6,-1.8867826023025824,-1.8867825879265014,-1.4376080992306584e-08,-6.104427556824257e-08,"(-0.031075065955519676, 4.0803375244140625, 0.944819986820221)","[-0.031075849041457437, 4.080337487939163, 0.9448178635278326]"
6.563536299974658,0,0.24002140844232514,0.24002140306425065,5.3780744857512275e-09,5.001546774736941e-08,"(-0.031075069680809975, 4.0803375244140625, 0.944819986820221)","[-0.031075849041457437, 4.080337487939163, 0.9448178635278326]"
6.563570199999958,1,-0.217010244278736,-0.21701023428609448,-9.992641519795953e-09,-8.857161695891726e-08,"(-0.031075069680809975, 4.0803375244140625, 0.944819986820221)","[-0.031075849041457437, 4.080337487939163, 0.9448178635278326]"
6.563585800002329,2,-0.4554810493085537,-0.45548105342374157,4.115187857145486e-09,3.902752748602094e-08,"(-0.031075069680809975, 4.0803375244140625, 0.944819986820221)","[-0.031075849041457437, 4.080337487939163, 0.9448178635278326]"
6.563599799992517,3,1.2892286201211434,1.2892286132547537,6.866389679061058e-09,6.103212670758543e-08,"(-0.031075069680809975, 4.0803375244140625, 0.944819986820221)","[-0.031075849041457437, 4.080337487939163, 0.9448178635278326]"
6.563612399972044,4,-0.30381585306287046,-0.30381587514899266,2.2086122208886394e-08,1.6167409443568396e-07,"(-0.031075069680809975, 4.0803375244140625, 0.944819986820221)","[-0.031075849041457437, 4.080337487939163, 0.9448178635278326]"
6.563625899958424,5,0.06351795895949292,0.06351794603951498,1.2919977934733318e-08,1.671876096753423e-07,"(-0.031075069680809975, 4.0803375244140625, 0.944819986820221)","[-0.031075849041457437, 4.080337487939163, 0.9448178635278326]"
6.5636386999394745,6,-1.8867826023025824,-1.8867825883485063,-1.395407611681776e-08,-6.026640937430449e-08,"(-0.031075069680809975, 4.0803375244140625, 0.944819986820221)","[-0.031075849041457437, 4.080337487939163, 0.9448178635278326]"
6.611009799991734,0,0.24002140844232514,0.24002140345028355,4.9920415856608e-09,4.654108289937354e-08,"(-0.031075073406100273, 4.0803375244140625, 0.944819986820221)","[-0.031075849041457437, 4.080337487939163, 0.9448178635278326]"
6.611054699984379,1,-0.217010244278736,-0.21701023496502928,-9.313706722524628e-09,-8.264141727600388e-08,"(-0.031075073406100273, 4.0803375244140625, 0.944819986820221)","[-0.031075849041457437, 4.080337487939163, 0.9448178635278326]"
6.611076200031675,2,-0.4554810493085537,-0.4554810531209965,3.812442805894989e-09,3.627787557075195e-08,"(-0.031075073406100273, 4.0803375244140625, 0.944819986820221)","[-0.031075849041457437, 4.080337487939163, 0.9448178635278326]"
6.611093999934383,3,1.2892286201211434,1.289228613725916,6.395227458710906e-09,5.6924010061257374e-08,"(-0.031075073406100273, 4.0803375244140625, 0.944819986820221)","[-0.031075849041457437, 4.080337487939163, 0.9448178635278326]"
6.611109899939038,4,-0.30381585306287046,-0.3038158739210867,2.0858216265295937e-08,1.525258741538726e-07,"(-0.031075073406100273, 4.0803375244140625, 0.944819986820221)","[-0.031075849041457437, 4.080337487939163, 0.9448178635278326]"
6.611129099968821,5,0.06351795895949292,0.06351794735552765,1.1603965260897908e-08,1.533418448623217e-07,"(-0.031075073406100273, 4.0803375244140625, 0.944819986820221)","[-0.031075849041457437, 4.080337487939163, 0.9448178635278326]"
6.6111457999795675,6,-1.8867826023025824,-1.8867825887668497,-1.353573275686415e-08,-5.939997870604312e-08,"(-0.031075073406100273, 4.0803375244140625, 0.944819986820221)","[-0.031075849041457437, 4.080337487939163, 0.9448178635278326]"
6.658404999994673,0,0.24002140844232514,0.24002140380946219,4.632862954379036e-09,4.329858023002851e-08,"(-0.03107507713139057, 4.0803375244140625, 0.944819986820221)","[-0.031075849041457437, 4.080337487939163, 0.9448178635278326]"
6.658465399988927,1,-0.217010244278736,-0.2170102355983414,-8.680394597559982e-09,-7.709798905506109e-08,"(-0.03107507713139057, 4.0803375244140625, 0.944819986820221)","[-0.031075849041457437, 4.080337487939163, 0.9448178635278326]"
6.658481999998912,2,-0.4554810493085537,-0.45548105283957113,3.53101742289752e-09,3.371306305124653e-08,"(-0.03107507713139057, 4.0803375244140625, 0.944819986820221)","[-0.031075849041457437, 4.080337487939163, 0.9448178635278326]"
6.658495599986054,3,1.2892286201211434,1.2892286141653317,5.9558116216607004e-09,5.308415838825578e-08,"(-0.03107507713139057, 4.0803375244140625, 0.944819986820221)","[-0.031075849041457437, 4.080337487939163, 0.9448178635278326]"
6.658508899970911,4,-0.30381585306287046,-0.30381587276288663,1.970001617390693e-08,1.439002454455582e-07,"(-0.03107507713139057, 4.0803375244140625, 0.944819986820221)","[-0.031075849041457437, 4.080337487939163, 0.9448178635278326]"
6.658522799960338,5,0.06351795895949292,0.06351794856326735,1.0396225560982408e-08,1.4051276027784185e-07,"(-0.03107507713139057, 4.0803375244140625, 0.944819986820221)","[-0.031075849041457437, 4.080337487939163, 0.9448178635278326]"
6.658537599956617,6,-1.8867826023025824,-1.8867825891807317,-1.3121850717112693e-08,-5.845582771589827e-08,"(-0.03107507713139057, 4.0803375244140625, 0.944819986820221)","[-0.031075849041457437, 4.080337487939163, 0.9448178635278326]"
6.7066119000082836,0,0.24002140844232514,0.24002140414358228,4.298742861674754e-09,4.0273326100029314e-08,"(-0.03107508085668087, 4.0803375244140625, 0.944819986820221)","[-0.031075849041457437, 4.080337487939163, 0.9448178635278326]"
6.706665999954566,1,-0.217010244278736,-0.21701023618901621,-8.089719782944371e-09,-7.191726390788566e-08,"(-0.03107508085668087, 4.0803375244140625, 0.944819986820221)","[-0.031075849041457437, 4.080337487939163, 0.9448178635278326]"
6.70669010002166,2,-0.4554810493085537,-0.45548105257803106,3.2694773555164147e-09,3.132138044646947e-08,"(-0.03107508085668087, 4.0803375244140625, 0.944819986820221)","[-0.031075849041457437, 4.080337487939163, 0.9448178635278326]"
6.7067120999563485,3,1.2892286201211434,1.2892286145750778,5.5460656067651826e-09,4.9495879533683034e-08,"(-0.03107508085668087, 4.0803375244140625, 0.944819986820221)","[-0.031075849041457437, 4.080337487939163, 0.9448178635278326]"
6.706733800005168,4,-0.30381585306287046,-0.303815871670397,1.8607526519609507e-08,1.357676427042496e-07,"(-0.03107508085668087, 4.0803375244140625, 0.944819986820221)","[-0.031075849041457437, 4.080337487939163, 0.9448178635278326]"
6.706755599938333,5,0.06351795895949292,0.06351794967066976,9.288823155095827e-09,1.2863264221308478e-07,"(-0.03107508085668087, 4.0803375244140625, 0.944819986820221)","[-0.031075849041457437, 4.080337487939163, 0.9448178635278326]"
6.706776199978776,6,-1.8867826023025824,-1.8867825895894426,-1.2713139874165336e-08,-5.744402007150288e-08,"(-0.03107508085668087, 4.0803375244140625, 0.944819986820221)","[-0.031075849041457437, 4.080337487939163, 0.9448178635278326]"
6.769224599935114,0,0.24002140844232514,0.24002140445432585,3.9879992919100715e-09,3.745153159293162e-08,"(-0.03107508271932602, 4.0803375244140625, 0.944819986820221)","[-0.031075849041457437, 4.080337487939163, 0.9448178635278326]"
6.769271199940704,1,-0.217010244278736,-0.2170102367398526,-7.538883406432717e-09,-6.707655221554997e-08,"(-0.03107508271932602, 4.0803375244140625, 0.944819986820221)","[-0.031075849041457437, 4.080337487939163, 0.9448178635278326]"
6.769295800011605,2,-0.4554810493085537,-0.4554810523350331,3.0264794004253304e-09,2.90917957862193e-08,"(-0.03107508271932602, 4.0803375244140625, 0.944819986820221)","[-0.031075849041457437, 4.080337487939163, 0.9448178635278326]"
6.769317999947816,3,1.2892286201211434,1.289228614957101,5.164042304883765e-09,4.6143437897632864e-08,"(-0.03107508271932602, 4.0803375244140625, 0.944819986820221)","[-0.031075849041457437, 4.080337487939163, 0.9448178635278326]"
6.76933999999892,4,-0.30381585306287046,-0.30381587063984905,1.7576978594835424e-08,1.2810010377172538e-07,"(-0.03107508271932602, 4.0803375244140625, 0.944819986820221)","[-0.031075849041457437, 4.080337487939163, 0.9448178635278326]"
6.769360300037079,5,0.06351795895949292,0.0635179506851415,8.274351412373981e-09,1.1763779382512313e-07,"(-0.03107508271932602, 4.0803375244140625, 0.944819986820221)","[-0.031075849041457437, 4.080337487939163, 0.9448178635278326]"
6.7693808999611065,6,-1.8867826023025824,-1.8867825899923563,-1.2310226171763361e-08,-5.637387606174842e-08,"(-0.03107508271932602, 4.0803375244140625, 0.944819986820221)","[-0.031075849041457437, 4.080337487939163, 0.9448178635278326]"
6.825698300031945,0,0.24002140844232514,0.24002140474326794,3.6990571994355292e-09,3.482021149864878e-08,"(-0.031075086444616318, 4.0803375244140625, 0.944819986820221)","[-0.031075849041457437, 4.080337487939163, 0.9448178635278326]"
6.825746199931018,1,-0.217010244278736,-0.2170102372534737,-7.025262288573586e-09,-6.255447648881611e-08,"(-0.031075086444616318, 4.0803375244140625, 0.944819986820221)","[-0.031075849041457437, 4.080337487939163, 0.9448178635278326]"
6.82577290001791,2,-0.4554810493085537,-0.4554810521093197,2.800766008004274e-09,2.701392190176769e-08,"(-0.031075086444616318, 4.0803375244140625, 0.944819986820221)","[-0.031075849041457437, 4.080337487939163, 0.9448178635278326]"
6.825796299963258,3,1.2892286201211434,1.2892286153132262,4.807917175497778e-09,4.301200791181655e-08,"(-0.031075086444616318, 4.0803375244140625, 0.944819986820221)","[-0.031075849041457437, 4.080337487939163, 0.9448178635278326]"
6.825818500015885,4,-0.30381585306287046,-0.30381586966768875,1.66048182981271e-08,1.2087119241544447e-07,"(-0.031075086444616318, 4.0803375244140625, 0.944819986820221)","[-0.031075849041457437, 4.080337487939163, 0.9448178635278326]"
6.825841599958949,5,0.06351795895949292,0.06351795161359165,7.345901262278964e-09,1.0746834112766089e-07,"(-0.031075086444616318, 4.0803375244140625, 0.944819986820221)","[-0.031075849041457437, 4.080337487939163, 0.9448178635278326]"
6.8258632000070065,6,-1.8867826023025824,-1.8867825903889235,-1.1913658948259354e-08,-5.5254010283722774e-08,"(-0.031075086444616318, 4.0803375244140625, 0.944819986820221)","[-0.031075849041457437, 4.080337487939163, 0.9448178635278326]"
6.871382700046524,0,0.24002140844232514,0.2400214050118827,3.4304424301190295e-09,3.2367144348315824e-08,"(-0.031075088307261467, 4.0803375244140625, 0.944819986820221)","[-0.031075849041457437, 4.080337487939163, 0.9448178635278326]"
6.87141589995008,1,-0.217010244278736,-0.21701023773233727,-6.5463987286573655e-09,-5.8330906360163456e-08,"(-0.031075088307261467, 4.0803375244140625, 0.944819986820221)","[-0.031075849041457437, 4.080337487939163, 0.9448178635278326]"
6.871431099949405,2,-0.4554810493085537,-0.4554810518997142,2.5911605083805966e-09,2.5077983626461014e-08,"(-0.031075088307261467, 4.0803375244140625, 0.944819986820221)","[-0.031075849041457437, 4.080337487939163, 0.9448178635278326]"
6.871444799937308,3,1.2892286201211434,1.2892286156451631,4.475980253104694e-09,4.008763053878701e-08,"(-0.031075088307261467, 4.0803375244140625, 0.944819986820221)","[-0.031075849041457437, 4.080337487939163, 0.9448178635278326]"
6.871458200039342,4,-0.30381585306287046,-0.3038158687505648,1.5687694365773552e-08,1.1405591705796734e-07,"(-0.031075088307261467, 4.0803375244140625, 0.944819986820221)","[-0.031075849041457437, 4.080337487939163, 0.9448178635278326]"
6.871472700033337,5,0.06351795895949292,0.06351795246246172,6.4970311908219e-09,9.806804406817747e-08,"(-0.031075088307261467, 4.0803375244140625, 0.944819986820221)","[-0.031075849041457437, 4.080337487939163, 0.9448178635278326]"
6.871485300012864,6,-1.8867826023025824,-1.8867825907786675,-1.1523914933420087e-08,-5.409236763682147e-08,"(-0.031075088307261467, 4.0803375244140625, 0.944819986820221)","[-0.031075849041457437, 4.080337487939163, 0.9448178635278326]"
6.919218000024557,0,0.24002140844232514,0.24002140526154955,3.1807755873636268e-09,3.008083447018817e-08,"(-0.031075090169906616, 4.0803375244140625, 0.944819986820221)","[-0.031075849041457437, 4.080337487939163, 0.9448178635278326]"
6.9192505000391975,1,-0.217010244278736,-0.2170102381787451,-6.0999909012871e-09,-5.438689567101721e-08,"(-0.031075090169906616, 4.0803375244140625, 0.944819986820221)","[-0.031075849041457437, 4.080337487939163, 0.9448178635278326]"
6.919266500044614,2,-0.4554810493085537,-0.4554810517051158,2.3965621154253824e-09,2.3274788339209405e-08,"(-0.031075090169906616, 4.0803375244140625, 0.944819986820221)","[-0.031075849041457437, 4.080337487939163, 0.9448178635278326]"
6.919280500034802,3,1.2892286201211434,1.2892286159545134,4.16662992996919e-09,3.735716676095648e-08,"(-0.031075090169906616, 4.0803375244140625, 0.944819986820221)","[-0.031075849041457437, 4.080337487939163, 0.9448178635278326]"
6.919293800019659,4,-0.30381585306287046,-0.30381586788531756,1.4822447103046699e-08,1.076306702232717e-07,"(-0.031075090169906616, 4.0803375244140625, 0.944819986820221)","[-0.031075849041457437, 4.080337487939163, 0.9448178635278326]"
6.919307000003755,5,0.06351795895949292,0.06351795323775411,5.721738804975729e-09,8.938410831306212e-08,"(-0.031075090169906616, 4.0803375244140625, 0.944819986820221)","[-0.031075849041457437, 4.080337487939163, 0.9448178635278326]"
6.919321199995466,6,-1.8867826023025824,-1.8867825911611769,-1.1141405575898489e-08,-5.289626129763317e-08,"(-0.031075090169906616, 4.0803375244140625, 0.944819986820221)","[-0.031075849041457437, 4.080337487939163, 0.9448178635278326]"
6.966751200030558,0,0.24002140844232514,0.2400214054935587,2.9487664532368285e-09,2.7950474242635428e-08,"(-0.031075092032551765, 4.0803375244140625, 0.9448200464248657)","[-0.031075849041457437, 4.080337487939163, 0.9448178635278326]"
6.966796500026248,1,-0.217010244278736,-0.21701023859485247,-5.683883530505085e-09,-5.0704622204277e-08,"(-0.031075092032551765, 4.0803375244140625, 0.9448200464248657)","[-0.031075849041457437, 4.080337487939163, 0.9448178635278326]"
6.966813600040041,2,-0.4554810493085537,-0.4554810515244951,2.2159413748390477e-09,2.1595694927954497e-08,"(-0.031075092032551765, 4.0803375244140625, 0.9448200464248657)","[-0.031075849041457437, 4.080337487939163, 0.9448178635278326]"
6.966828900040127,3,1.2892286201211434,1.289228616242777,3.878366294784996e-09,3.480825655530952e-08,"(-0.031075092032551765, 4.0803375244140625, 0.9448200464248657)","[-0.031075849041457437, 4.080337487939163, 0.9448178635278326]"
6.966842400026508,4,-0.30381585306287046,-0.3038158670689682,1.4006097726060318e-08,1.0157315232901693e-07,"(-0.031075092032551765, 4.0803375244140625, 0.9448200464248657)","[-0.031075849041457437, 4.080337487939163, 0.9448178635278326]"
6.966855800012127,5,0.06351795895949292,0.06351795394505914,5.01443377098898e-09,8.136700925297007e-08,"(-0.031075092032551765, 4.0803375244140625, 0.9448200464248657)","[-0.031075849041457437, 4.080337487939163, 0.9448178635278326]"
6.966868699993938,6,-1.8867826023025824,-1.8867825915361018,-1.0766480595947314e-08,-5.167240707717399e-08,"(-0.031075092032551765, 4.0803375244140625, 0.9448200464248657)","[-0.031075849041457437, 4.080337487939163, 0.9448178635278326]"
7.018964099930599,0,0.24002140844232514,0.24002140570911648,2.733208659400077e-09,2.5965908116890986e-08,"(-0.031075093895196915, 4.0803375244140625, 0.9448200464248657)","[-0.031075849041457437, 4.080337487939163, 0.9448178635278326]"
7.01899659994524,1,-0.217010244278736,-0.2170102389826768,-5.296059202297698e-09,-4.726732900581323e-08,"(-0.031075093895196915, 4.0803375244140625, 0.9448200464248657)","[-0.031075849041457437, 4.080337487939163, 0.9448178635278326]"
7.0190121999476105,2,-0.4554810493085537,-0.45548105135688977,2.04833605632615e-09,2.003258496142488e-08,"(-0.031075093895196915, 4.0803375244140625, 0.9448200464248657)","[-0.031075849041457437, 4.080337487939163, 0.9448178635278326]"
7.019028199953027,3,1.2892286201211434,1.289228616511358,3.609785359515172e-09,3.242927802809383e-08,"(-0.031075093895196915, 4.0803375244140625, 0.9448200464248657)","[-0.031075849041457437, 4.080337487939163, 0.9448178635278326]"
7.019041599938646,4,-0.30381585306287046,-0.3038158662987089,1.3235838425273982e-08,9.586230557584632e-08,"(-0.031075093895196915, 4.0803375244140625, 0.9448200464248657)","[-0.031075849041457437, 4.080337487939163, 0.9448178635278326]"
7.0190553000429645,5,0.06351795895949292,0.06351795458958064,4.369912279256205e-09,7.397031883512564e-08,"(-0.031075093895196915, 4.0803375244140625, 0.9448200464248657)","[-0.031075849041457437, 4.080337487939163, 0.9448178635278326]"
7.019068400026299,6,-1.8867826023025824,-1.8867825919031482,-1.039943420266809e-08,-5.0426958206508054e-08,"(-0.031075093895196915, 4.0803375244140625, 0.9448200464248657)","[-0.031075849041457437, 4.080337487939163, 0.9448178635278326]"
7.06967470003292,0,0.24002140844232514,0.24002140590935056,2.5329745800828363e-09,2.411759769227535e-08,"(-0.031075095757842064, 4.0803375244140625, 0.9448200464248657)","[-0.031075849041457437, 4.080337487939163, 0.9448178635278326]"
7.069715299992822,1,-0.217010244278736,-0.2170102393441059,-4.934630093433867e-09,-4.405926750825366e-08,"(-0.031075095757842064, 4.0803375244140625, 0.9448200464248657)","[-0.031075849041457437, 4.080337487939163, 0.9448178635278326]"
7.069737300043926,2,-0.4554810493085537,-0.4554810512014007,1.892846990259045e-09,1.8577834035256035e-08,"(-0.031075095757842064, 4.0803375244140625, 0.9448200464248657)","[-0.031075849041457437, 4.080337487939163, 0.9448178635278326]"
7.069757199962623,3,1.2892286201211434,1.28922861676157,3.3595732862323757e-09,3.0209310613682976e-08,"(-0.031075095757842064, 4.0803375244140625, 0.9448200464248657)","[-0.031075849041457437, 4.080337487939163, 0.9448178635278326]"
7.069777199998498,4,-0.30381585306287046,-0.3038158655718933,1.2509022817575044e-08,9.04782414309208e-08,"(-0.031075095757842064, 4.0803375244140625, 0.9448200464248657)","[-0.031075849041457437, 4.080337487939163, 0.9448178635278326]"
7.069797100033611,5,0.06351795895949292,0.06351795517616017,3.7833327443115294e-09,6.715054012943226e-08,"(-0.031075095757842064, 4.0803375244140625, 0.9448200464248657)","[-0.031075849041457437, 4.080337487939163, 0.9448178635278326]"
7.069817199953832,6,-1.8867826023025824,-1.8867825922620738,-1.0040508646724788e-08,-4.9165537977349846e-08,"(-0.031075095757842064, 4.0803375244140625, 0.9448200464248657)","[-0.031075849041457437, 4.080337487939163, 0.9448178635278326]"
7.120276200002991,0,0.24002140844232514,0.24002140609531467,2.3470104748568588e-09,2.239658932421023e-08,"(-0.031075097620487213, 4.0803375244140625, 0.9448200464248657)","[-0.031075849041457437, 4.080337487939163, 0.9448178635278326]"
7.120326500036754,1,-0.217010244278736,-0.21701023968090583,-4.5978301721483206e-09,-4.10656435446741e-08,"(-0.031075097620487213, 4.0803375244140625, 0.9448200464248657)","[-0.031075849041457437, 4.080337487939163, 0.9448178635278326]"
7.120353800011799,2,-0.4554810493085537,-0.45548105105718784,1.7486341263861505e-09,1.7224287437926497e-08,"(-0.031075097620487213, 4.0803375244140625, 0.9448200464248657)","[-0.031075849041457437, 4.080337487939163, 0.9448178635278326]"
7.12037669995334,3,1.2892286201211434,1.2892286169946425,3.1265008360037427e-09,2.813809249600141e-08,"(-0.031075097620487213, 4.0803375244140625, 0.9448200464248657)","[-0.031075849041457437, 4.080337487939163, 0.9448178635278326]"
7.120399200008251,4,-0.30381585306287046,-0.3038158648860272,1.1823156731427531e-08,8.540219939016915e-08,"(-0.031075097620487213, 4.0803375244140625, 0.9448200464248657)","[-0.031075849041457437, 4.080337487939163, 0.9448178635278326]"
7.120422499952838,5,0.06351795895949292,0.06351795570929997,3.2501929481121294e-09,6.08669416598185e-08,"(-0.031075097620487213, 4.0803375244140625, 0.9448200464248657)","[-0.031075849041457437, 4.080337487939163, 0.9448178635278326]"
7.1204452000092715,6,-1.8867826023025824,-1.8867825926126833,-9.68989910532514e-09,-4.7893274675596747e-08,"(-0.031075097620487213, 4.0803375244140625, 0.9448200464248657)","[-0.031075849041457437, 4.080337487939163, 0.9448178635278326]"
7.169787999941036,0,0.24002140844232514,0.2400214062679931,2.1743320477440875e-09,2.0794480682478594e-08,"(-0.031075099483132362, 4.0803375244140625, 0.9448200464248657)","[-0.031075849041457437, 4.080337487939163, 0.9448178635278326]"
7.169893799931742,1,-0.217010244278736,-0.2170102399947283,-4.284007704136172e-09,-3.8272565908195745e-08,"(-0.031075099483132362, 4.0803375244140625, 0.9448200464248657)","[-0.031075849041457437, 4.080337487939163, 0.9448178635278326]"
7.169929299969226,2,-0.4554810493085537,-0.4554810509234667,1.614912981118266e-09,1.5965231085953934e-08,"(-0.031075099483132362, 4.0803375244140625, 0.9448200464248657)","[-0.031075849041457437, 4.080337487939163, 0.9448178635278326]"
7.169952300027944,3,1.2892286201211434,1.289228617211725,2.909418261864971e-09,2.6205990568382712e-08,"(-0.031075099483132362, 4.0803375244140625, 0.9448200464248657)","[-0.031075849041457437, 4.080337487939163, 0.9448178635278326]"
7.169973199954256,4,-0.30381585306287046,-0.3038158642387603,1.1175889824688312e-08,8.06164628493143e-08,"(-0.031075099483132362, 4.0803375244140625, 0.9448200464248657)","[-0.031075849041457437, 4.080337487939163, 0.9448178635278326]"
7.169993899995461,5,0.06351795895949292,0.06351795619318457,2.7663083490558904e-09,5.5081412338233624e-08,"(-0.031075099483132362, 4.0803375244140625, 0.9448200464248657)","[-0.031075849041457437, 4.080337487939163, 0.9448178635278326]"
7.1700152000412345,6,-1.8867826023025824,-1.886782592954825,-9.347757456978911e-09,-4.6614829239424264e-08,"(-0.031075099483132362, 4.0803375244140625, 0.9448200464248657)","[-0.031075849041457437, 4.080337487939163, 0.9448178635278326]"
7.226072399993427,0,0.24002140844232514,0.24002140642830505,2.014020089591284e-09,1.930339181077681e-08,"(-0.03107510134577751, 4.0803375244140625, 0.9448200464248657)","[-0.031075849041457437, 4.080337487939163, 0.9448178635278326]"
7.226126599940471,1,-0.217010244278736,-0.2170102402871177,-3.991618285903442e-09,-3.5666995613880424e-08,"(-0.03107510134577751, 4.0803375244140625, 0.9448200464248657)","[-0.031075849041457437, 4.080337487939163, 0.9448178635278326]"
7.226154200034216,2,-0.4554810493085537,-0.4554810507995049,1.490951195837198e-09,1.4794370203218133e-08,"(-0.03107510134577751, 4.0803375244140625, 0.9448200464248657)","[-0.031075849041457437, 4.080337487939163, 0.9448178635278326]"
7.2261777999810874,3,1.2892286201211434,1.2892286174138932,2.707250201794409e-09,2.4403960536416772e-08,"(-0.03107510134577751, 4.0803375244140625, 0.9448200464248657)","[-0.031075849041457437, 4.080337487939163, 0.9448178635278326]"
7.226201200042851,4,-0.30381585306287046,-0.30381586362787777,1.0565007313445562e-08,7.610432625982296e-08,"(-0.03107510134577751, 4.0803375244140625, 0.9448200464248657)","[-0.031075849041457437, 4.080337487939163, 0.9448178635278326]"
7.226223499979824,5,0.06351795895949292,0.06351795663170126,2.3277916538777532e-09,4.975830368397285e-08,"(-0.03107510134577751, 4.0803375244140625, 0.9448200464248657)","[-0.031075849041457437, 4.080337487939163, 0.9448178635278326]"
7.2262453000294045,6,-1.8867826023025824,-1.8867825932883862,-9.014196278300801e-09,-4.533442807169147e-08,"(-0.03107510134577751, 4.0803375244140625, 0.9448200464248657)","[-0.031075849041457437, 4.080337487939163, 0.9448178635278326]"
7.273428599932231,0,0.24002140844232514,0.24002140657710871,1.865216425755989e-09,1.791593468399013e-08,"(-0.03107510134577751, 4.0803375244140625, 0.9448200464248657)","[-0.031075849041457437, 4.080337487939163, 0.9448178635278326]"
7.273464699974284,1,-0.217010244278736,-0.21701024055951773,-3.719218266695634e-09,-3.323669923787877e-08,"(-0.03107510134577751, 4.0803375244140625, 0.9448200464248657)","[-0.031075849041457437, 4.080337487939163, 0.9448178635278326]"
7.27348139998503,2,-0.4554810493085537,-0.45548105068461886,1.376065150715533e-09,1.3705803786484947e-08,"(-0.03107510134577751, 4.0803375244140625, 0.9448200464248657)","[-0.031075849041457437, 4.080337487939163, 0.9448178635278326]"
7.273496099980548,3,1.2892286201211434,1.289228617602152,2.5189914598655605e-09,2.2723517061728205e-08,"(-0.03107510134577751, 4.0803375244140625, 0.9448200464248657)","[-0.031075849041457437, 4.080337487939163, 0.9448178635278326]"
7.273509299964644,4,-0.30381585306287046,-0.30381586305129277,9.988422311479894e-09,7.185002760023353e-08,"(-0.03107510134577751, 4.0803375244140625, 0.9448200464248657)","[-0.031075849041457437, 4.080337487939163, 0.9448178635278326]"
7.27352319995407,5,0.06351795895949292,0.06351795702845937,1.9310335414024493e-09,4.4864296246308405e-08,"(-0.03107510134577751, 4.0803375244140625, 0.9448200464248657)","[-0.031075849041457437, 4.080337487939163, 0.9448178635278326]"
7.273536499938928,6,-1.8867826023025824,-1.8867825936132903,-8.689292174679508e-09,-4.4055890483737756e-08,"(-0.03107510134577751, 4.0803375244140625, 0.9448200464248657)","[-0.031075849041457437, 4.080337487939163, 0.9448178635278326]"
7.329186699935235,0,0.24002140844232514,0.24002140671520505,1.727120085837086e-09,1.662518579345657e-08,"(-0.03107510320842266, 4.0803375244140625, 0.9448200464248657)","[-0.031075849041457437, 4.080337487939163, 0.9448178635278326]"
7.329225299996324,1,-0.217010244278736,-0.21701024081327755,-3.4654584479820727e-09,-3.097020309619262e-08,"(-0.03107510320842266, 4.0803375244140625, 0.9448200464248657)","[-0.031075849041457437, 4.080337487939163, 0.9448178635278326]"
7.329246700042859,2,-0.4554810493085537,-0.4554810505781709,1.269617189159078e-09,1.269400305337691e-08,"(-0.03107510320842266, 4.0803375244140625, 0.9448200464248657)","[-0.031075849041457437, 4.080337487939163, 0.9448178635278326]"
7.329266199958511,3,1.2892286201211434,1.2892286177774406,2.343702787399593e-09,2.1156700907322624e-08,"(-0.03107510320842266, 4.0803375244140625, 0.9448200464248657)","[-0.031075849041457437, 4.080337487939163, 0.9448178635278326]"
7.329285699990578,4,-0.30381585306287046,-0.303815862507039,9.444168558303545e-09,6.783870307785879e-08,"(-0.03107510320842266, 4.0803375244140625, 0.9448200464248657)","[-0.031075849041457437, 4.080337487939163, 0.9448178635278326]"
7.329305200022645,5,0.06351795895949292,0.06351795738680843,1.5726844826424724e-09,4.0368261392549354e-08,"(-0.03107510320842266, 4.0803375244140625, 0.9448200464248657)","[-0.031075849041457437, 4.080337487939163, 0.9448178635278326]"
7.329323999932967,6,-1.8867826023025824,-1.886782593929493,-8.373089332991412e-09,-4.2782655378752357e-08,"(-0.03107510320842266, 4.0803375244140625, 0.9448200464248657)","[-0.031075849041457437, 4.080337487939163, 0.9448178635278326]"
7.376965199946426,0,0.24002140844232514,0.2400214068433414,1.5989837509611249e-09,1.5424659128964573e-08,"(-0.03107510507106781, 4.0803375244140625, 0.9448200464248657)","[-0.031075849041457437, 4.080337487939163, 0.9448178635278326]"
7.376996499951929,1,-0.217010244278736,-0.21701024104965771,-3.2290782825405984e-09,-2.885675000134541e-08,"(-0.03107510507106781, 4.0803375244140625, 0.9448200464248657)","[-0.031075849041457437, 4.080337487939163, 0.9448178635278326]"
7.377011899952777,2,-0.4554810493085537,-0.4554810504795661,1.1710123981600873e-09,1.1753789051938298e-08,"(-0.03107510507106781, 4.0803375244140625, 0.9448200464248657)","[-0.031075849041457437, 4.080337487939163, 0.9448178635278326]"
7.377025799942203,3,1.2892286201211434,1.2892286179406371,2.180506220028633e-09,1.9696051005728348e-08,"(-0.03107510507106781, 4.0803375244140625, 0.9448200464248657)","[-0.031075849041457437, 4.080337487939163, 0.9448178635278326]"
7.377039500046521,4,-0.30381585306287046,-0.30381586199326405,8.930393591288777e-09,6.4056330713525e-08,"(-0.03107510507106781, 4.0803375244140625, 0.9448200464248657)","[-0.031075849041457437, 4.080337487939163, 0.9448178635278326]"
7.377053700038232,5,0.06351795895949292,0.06351795770985526,1.249637657241287e-09,3.624113496975837e-08,"(-0.03107510507106781, 4.0803375244140625, 0.9448200464248657)","[-0.031075849041457437, 4.080337487939163, 0.9448178635278326]"
7.377066400018521,6,-1.8867826023025824,-1.8867825942369805,-8.065601964091229e-09,-4.1517808063204394e-08,"(-0.03107510507106781, 4.0803375244140625, 0.9448200464248657)","[-0.031075849041457437, 4.080337487939163, 0.9448178635278326]"
7.422205499955453,0,0.24002140844232514,0.24002140696221483,1.4801103120909431e-09,1.4308281512629955e-08,"(-0.03107510507106781, 4.0803375244140625, 0.9448200464248657)","[-0.031075849041457437, 4.080337487939163, 0.9448178635278326]"
7.4222456000279635,1,-0.217010244278736,-0.21701024126983579,-3.0089002123201425e-09,-2.6886257863625485e-08,"(-0.03107510507106781, 4.0803375244140625, 0.9448200464248657)","[-0.031075849041457437, 4.080337487939163, 0.9448178635278326]"
7.422261900035664,2,-0.4554810493085537,-0.4554810503882498,1.0796961102954583e-09,1.0880314388787247e-08,"(-0.03107510507106781, 4.0803375244140625, 0.9448200464248657)","[-0.031075849041457437, 4.080337487939163, 0.9448178635278326]"
7.422276700031944,3,1.2892286201211434,1.2892286180925618,2.028581524982087e-09,1.8334572226191242e-08,"(-0.03107510507106781, 4.0803375244140625, 0.9448200464248657)","[-0.031075849041457437, 4.080337487939163, 0.9448178635278326]"
7.4222901000175625,4,-0.30381585306287046,-0.30381586150822265,8.44535219535203e-09,6.048969932217688e-08,"(-0.03107510507106781, 4.0803375244140625, 0.9448200464248657)","[-0.031075849041457437, 4.080337487939163, 0.9448178635278326]"
7.422303900006227,5,0.06351795895949292,0.06351795800048013,9.590127858505326e-10,3.2455790791421716e-08,"(-0.03107510507106781, 4.0803375244140625, 0.9448200464248657)","[-0.031075849041457437, 4.080337487939163, 0.9448178635278326]"
7.42231759999413,6,-1.8867826023025824,-1.886782594535764,-7.766818521659502e-09,-4.026410557036472e-08,"(-0.03107510507106781, 4.0803375244140625, 0.9448200464248657)","[-0.031075849041457437, 4.080337487939163, 0.9448178635278326]"
7.47135739994701,0,0.24002140844232514,0.2400214070724755,1.369849650378896e-09,1.3270367863724425e-08,"(-0.03107510693371296, 4.0803375244140625, 0.9448200464248657)","[-0.031075849041457437, 4.080337487939163, 0.9448178635278326]"
7.471401499933563,1,-0.217010244278736,-0.21701024147491146,-2.8038245336592382e-09,-2.5049280913535567e-08,"(-0.03107510693371296, 4.0803375244140625, 0.9448200464248657)","[-0.031075849041457437, 4.080337487939163, 0.9448178635278326]"
7.471417599939741,2,-0.4554810493085537,-0.4554810503037049,9.951511836803206e-10,1.0069041879822925e-08,"(-0.03107510693371296, 4.0803375244140625, 0.9448200464248657)","[-0.031075849041457437, 4.080337487939163, 0.9448178635278326]"
7.471431100042537,3,1.2892286201211434,1.2892286182339807,1.8871626483729642e-09,1.706571108456424e-08,"(-0.03107510693371296, 4.0803375244140625, 0.9448200464248657)","[-0.031075849041457437, 4.080337487939163, 0.9448178635278326]"
7.471445700037293,4,-0.30381585306287046,-0.30381586105027053,7.987400074682682e-09,5.712635086442232e-08,"(-0.03107510693371296, 4.0803375244140625, 0.9448200464248657)","[-0.031075849041457437, 4.080337487939163, 0.9448178635278326]"
7.4714592000236735,5,0.06351795895949292,0.06351795826135186,6.981410588524639e-10,2.8986928035113913e-08,"(-0.03107510693371296, 4.0803375244140625, 0.9448200464248657)","[-0.031075849041457437, 4.080337487939163, 0.9448178635278326]"
7.471472200006247,6,-1.8867826023025824,-1.8867825948258792,-7.476703256514838e-09,-3.902399989594627e-08,"(-0.03107510693371296, 4.0803375244140625, 0.9448200464248657)","[-0.031075849041457437, 4.080337487939163, 0.9448178635278326]"
7.518604199984111,0,0.24002140844232514,0.24002140717472953,1.2675956118091136e-09,1.2305598428480274e-08,"(-0.03107510693371296, 4.0803375244140625, 0.9448200464248657)","[-0.031075849041457437, 4.080337487939163, 0.9448178635278326]"
7.518655400024727,1,-0.217010244278736,-0.21701024166591162,-2.612824373526834e-09,-2.333697217617451e-08,"(-0.03107510693371296, 4.0803375244140625, 0.9448200464248657)","[-0.031075849041457437, 4.080337487939163, 0.9448178635278326]"
7.518682199995965,2,-0.4554810493085537,-0.4554810502254494,9.168956704996845e-10,9.315726807906954e-09,"(-0.03107510693371296, 4.0803375244140625, 0.9448200464248657)","[-0.031075849041457437, 4.080337487939163, 0.9448178635278326]"
7.5187060999451205,3,1.2892286201211434,1.2892286183656092,1.7555341624841958e-09,1.588332910176387e-08,"(-0.03107510693371296, 4.0803375244140625, 0.9448200464248657)","[-0.031075849041457437, 4.080337487939163, 0.9448178635278326]"
7.518729300005361,4,-0.30381585306287046,-0.3038158606178588,7.55498835713908e-09,5.3954542811153295e-08,"(-0.03107510693371296, 4.0803375244140625, 0.9448200464248657)","[-0.031075849041457437, 4.080337487939163, 0.9448178635278326]"
7.51875269995071,5,0.06351795895949292,0.06351795849494203,4.645508838718726e-10,2.5810959602203615e-08,"(-0.03107510693371296, 4.0803375244140625, 0.9448200464248657)","[-0.031075849041457437, 4.080337487939163, 0.9448178635278326]"
7.518775000004098,6,-1.8867826023025824,-1.8867825951073838,-7.1951986591045625e-09,-3.779965998181803e-08,"(-0.03107510693371296, 4.0803375244140625, 0.9448200464248657)","[-0.031075849041457437, 4.080337487939163, 0.9448178635278326]"
7.570647099986672,0,0.24002140844232514,0.2400214072695419,1.17278323163994e-09,1.1408997102791833e-08,"(-0.03107510879635811, 4.0803375244140625, 0.9448200464248657)","[-0.031075849041457437, 4.080337487939163, 0.9448178635278326]"
7.570678399992175,1,-0.217010244278736,-0.21701024184379486,-2.4349411376078933e-09,-2.1741048046456873e-08,"(-0.03107510879635811, 4.0803375244140625, 0.9448200464248657)","[-0.031075849041457437, 4.080337487939163, 0.9448178635278326]"
7.570694199996069,2,-0.4554810493085537,-0.45548105015303425,8.444805410512402e-10,8.616399826582825e-09,"(-0.03107510879635811, 4.0803375244140625, 0.9448200464248657)","[-0.031075849041457437, 4.080337487939163, 0.9448178635278326]"
7.570708299987018,3,1.2892286201211434,1.289228618488115,1.6330283791887723e-09,1.4781677917501805e-08,"(-0.03107510879635811, 4.0803375244140625, 0.9448200464248657)","[-0.031075849041457437, 4.080337487939163, 0.9448178635278326]"
7.570722899981774,4,-0.30381585306287046,-0.30381586020952833,7.14665787659996e-09,5.09632103546968e-08,"(-0.03107510879635811, 4.0803375244140625, 0.9448200464248657)","[-0.031075849041457437, 4.080337487939163, 0.9448178635278326]"
7.57073609996587,5,0.06351795895949292,0.06351795870353845,2.5595446595527704e-10,2.2905906587038225e-08,"(-0.03107510879635811, 4.0803375244140625, 0.9448200464248657)","[-0.031075849041457437, 4.080337487939163, 0.9448178635278326]"
7.570749599952251,6,-1.8867826023025824,-1.8867825953803536,-6.92222879017379e-09,-3.659299261264148e-08,"(-0.03107510879635811, 4.0803375244140625, 0.9448200464248657)","[-0.031075849041457437, 4.080337487939163, 0.9448178635278326]"
7.618221299955621,0,0.24002140844232514,0.24002140735743904,1.0848860976242491e-09,1.0575910501310091e-08,"(-0.03107510879635811, 4.0803375244140625, 0.9448200464248657)","[-0.031075849041457437, 4.080337487939163, 0.9448178635278326]"
7.6182684999657795,1,-0.217010244278736,-0.21701024200945587,-2.269280124922446e-09,-2.025375479730063e-08,"(-0.03107510879635811, 4.0803375244140625, 0.9448200464248657)","[-0.031075849041457437, 4.080337487939163, 0.9448178635278326]"
7.61829619994387,2,-0.4554810493085537,-0.4554810500860413,7.774875743216114e-10,7.967349192681457e-09,"(-0.03107510879635811, 4.0803375244140625, 0.9448200464248657)","[-0.031075849041457437, 4.080337487939163, 0.9448178635278326]"
7.618319500004873,3,1.2892286201211434,1.2892286186021216,1.5190217972360642e-09,1.3755378118433539e-08,"(-0.03107510879635811, 4.0803375244140625, 0.9448200464248657)","[-0.031075849041457437, 4.080337487939163, 0.9448178635278326]"
7.618341999943368,4,-0.30381585306287046,-0.3038158598239045,6.7610340659385315e-09,4.8141920239672495e-08,"(-0.03107510879635811, 4.0803375244140625, 0.9448200464248657)","[-0.031075849041457437, 4.080337487939163, 0.9448178635278326]"
7.618364900001325,5,0.06351795895949292,0.06351795888925757,7.023534531747089e-11,2.025130057146004e-08,"(-0.03107510879635811, 4.0803375244140625, 0.9448200464248657)","[-0.031075849041457437, 4.080337487939163, 0.9448178635278326]"
7.618386899936013,6,-1.8867826023025824,-1.8867825956448823,-6.6577001689438475e-09,-3.5405662818863554e-08,"(-0.03107510879635811, 4.0803375244140625, 0.9448200464248657)","[-0.031075849041457437, 4.080337487939163, 0.9448178635278326]"
7.670220299973153,0,0.24002140844232514,0.2400214074389114,1.0034137409853372e-09,9.801988923326823e-09,"(-0.031075110659003258, 4.0803375244140625, 0.9448200464248657)","[-0.031075849041457437, 4.080337487939163, 0.9448178635278326]"
7.6702839999925345,1,-0.217010244278736,-0.21701024216372958,-2.115006420000398e-09,-1.886783670213221e-08,"(-0.031075110659003258, 4.0803375244140625, 0.9448200464248657)","[-0.031075849041457437, 4.080337487939163, 0.9448178635278326]"
7.6703226999379694,2,-0.4554810493085537,-0.45548105002408096,7.155272485626085e-10,7.365106866550168e-09,"(-0.031075110659003258, 4.0803375244140625, 0.9448200464248657)","[-0.031075849041457437, 4.080337487939163, 0.9448178635278326]"
7.670357099967077,3,1.2892286201211434,1.2892286187082105,1.412932881805773e-09,1.2799394274016402e-08,"(-0.031075110659003258, 4.0803375244140625, 0.9448200464248657)","[-0.031075849041457437, 4.080337487939163, 0.9448178635278326]"
7.670388999977149,4,-0.30381585306287046,-0.30381585945969247,6.396822016530024e-09,4.548084776031119e-08,"(-0.031075110659003258, 4.0803375244140625, 0.9448200464248657)","[-0.031075849041457437, 4.080337487939163, 0.9448178635278326]"
7.67043639998883,5,0.06351795895949292,0.06351795905405634,-9.456342653368921e-11,1.7828086340082915e-08,"(-0.031075110659003258, 4.0803375244140625, 0.9448200464248657)","[-0.031075849041457437, 4.080337487939163, 0.9448178635278326]"
7.670451199985109,6,-1.8867826023025824,-1.8867825959010778,-6.4015046596921366e-09,-3.4239112799004e-08,"(-0.031075110659003258, 4.0803375244140625, 0.9448200464248657)","[-0.031075849041457437, 4.080337487939163, 0.9448178635278326]"
7.7187068000203,0,0.24002140844232514,0.24002140751441584,9.279093049485709e-10,9.08316778382835e-09,"(-0.031075110659003258, 4.0803375244140625, 0.9448200464248657)","[-0.031075849041457437, 4.080337487939163, 0.9448178635278326]"
7.718758899951354,1,-0.217010244278736,-0.217010242307395,-1.9713410071009463e-09,-1.7576505993403424e-08,"(-0.031075110659003258, 4.0803375244140625, 0.9448200464248657)","[-0.031075849041457437, 4.080337487939163, 0.9448178635278326]"
7.718781900010072,2,-0.4554810493085537,-0.4554810499667907,6.582369649343889e-10,6.806432883777529e-09,"(-0.031075110659003258, 4.0803375244140625, 0.9448200464248657)","[-0.031075849041457437, 4.080337487939163, 0.9448178635278326]"
7.718801700044423,3,1.2892286201211434,1.2892286188069249,1.3142185117942518e-09,1.1909015011675812e-08,"(-0.031075110659003258, 4.0803375244140625, 0.9448200464248657)","[-0.031075849041457437, 4.080337487939163, 0.9448178635278326]"
7.718821199960075,4,-0.30381585306287046,-0.30381585911567244,6.0528019818484324e-09,4.2970737514071304e-08,"(-0.031075110659003258, 4.0803375244140625, 0.9448200464248657)","[-0.031075849041457437, 4.080337487939163, 0.9448178635278326]"
7.718840799992904,5,0.06351795895949292,0.06351795919974319,-2.4025027800522736e-10,1.5618533555229156e-08,"(-0.031075110659003258, 4.0803375244140625, 0.9448200464248657)","[-0.031075849041457437, 4.080337487939163, 0.9448178635278326]"
7.718860000022687,6,-1.8867826023025824,-1.8867825961490616,-6.153520804019763e-09,-3.309457923667385e-08,"(-0.031075110659003258, 4.0803375244140625, 0.9448200464248657)","[-0.031075849041457437, 4.080337487939163, 0.9448178635278326]"
7.768363600014709,0,0.24002140844232514,0.2400214075843777,8.579474353176408e-10,8.415649666699705e-09,"(-0.031075110659003258, 4.0803375244140625, 0.9448200464248657)","[-0.031075849041457437, 4.080337487939163, 0.9448178635278326]"
7.768418799969368,1,-0.217010244278736,-0.21701024244117878,-1.8375572174988974e-09,-1.6373414565416237e-08,"(-0.031075110659003258, 4.0803375244140625, 0.9448200464248657)","[-0.031075849041457437, 4.080337487939163, 0.9448178635278326]"
7.768442000029609,2,-0.4554810493085537,-0.45548104991383287,6.052791601263152e-10,6.288300663868301e-09,"(-0.031075110659003258, 4.0803375244140625, 0.9448200464248657)","[-0.031075849041457437, 4.080337487939163, 0.9448178635278326]"
7.768470100010745,3,1.2892286201211434,1.289228618898771,1.2223724255022717e-09,1.107983464040818e-08,"(-0.031075110659003258, 4.0803375244140625, 0.9448200464248657)","[-0.031075849041457437, 4.080337487939163, 0.9448178635278326]"
7.768490199930966,4,-0.30381585306287046,-0.3038158587906952,5.727824770040968e-09,4.060286623031576e-08,"(-0.031075110659003258, 4.0803375244140625, 0.9448200464248657)","[-0.031075849041457437, 4.080337487939163, 0.9448178635278326]"
7.768509699963033,5,0.06351795895949292,0.0635179593279884,-3.6849548412654087e-10,1.3606155170905577e-08,"(-0.031075110659003258, 4.0803375244140625, 0.9448200464248657)","[-0.031075849041457437, 4.080337487939163, 0.9448178635278326]"
7.768528599990532,6,-1.8867826023025824,-1.8867825963889662,-5.913616263342192e-09,-3.1973110190547896e-08,"(-0.031075110659003258, 4.0803375244140625, 0.9448200464248657)","[-0.031075849041457437, 4.080337487939163, 0.9448178635278326]"
7.819255599984899,0,0.24002140844232514,0.24002140764919308,7.931320600285119e-10,7.79588820013248e-09,"(-0.031075112521648407, 4.0803375244140625, 0.9448200464248657)","[-0.031075849041457437, 4.080337487939163, 0.9448178635278326]"
7.819286599988118,1,-0.217010244278736,-0.21701024256575865,-1.7129773433044448e-09,-1.5252626834062455e-08,"(-0.031075112521648407, 4.0803375244140625, 0.9448200464248657)","[-0.031075849041457437, 4.080337487939163, 0.9448178635278326]"
7.819302499992773,2,-0.4554810493085537,-0.4554810498648936,5.563398630670235e-10,5.807885009403233e-09,"(-0.031075112521648407, 4.0803375244140625, 0.9448200464248657)","[-0.031075849041457437, 4.080337487939163, 0.9448178635278326]"
7.819316199980676,3,1.2892286201211434,1.2892286189842215,1.1369218899659472e-09,1.0307732746597792e-08,"(-0.031075112521648407, 4.0803375244140625, 0.9448200464248657)","[-0.031075849041457437, 4.080337487939163, 0.9448178635278326]"
7.819329899968579,4,-0.30381585306287046,-0.3038158584836784,5.420807969169772e-09,3.8369020487959664e-08,"(-0.031075112521648407, 4.0803375244140625, 0.9448200464248657)","[-0.031075849041457437, 4.080337487939163, 0.9448178635278326]"
7.819343299954198,5,0.06351795895949292,0.06351795944033371,-4.808407977341389e-10,1.1775625275377064e-08,"(-0.031075112521648407, 4.0803375244140625, 0.9448200464248657)","[-0.031075849041457437, 4.080337487939163, 0.9448178635278326]"
7.819356599939056,6,-1.8867826023025824,-1.8867825966209344,-5.681648040933851e-09,-3.0875580903638164e-08,"(-0.031075112521648407, 4.0803375244140625, 0.9448200464248657)","[-0.031075849041457437, 4.080337487939163, 0.9448178635278326]"
7.867654499947093,0,0.24002140844232514,0.24002140770923053,7.330946127925841e-10,7.220572188402423e-09,"(-0.031075112521648407, 4.0803375244140625, 0.9448200464248657)","[-0.031075849041457437, 4.080337487939163, 0.9448178635278326]"
7.867696600034833,1,-0.217010244278736,-0.21701024268176666,-1.5969693345496694e-09,-1.4208594536256653e-08,"(-0.031075112521648407, 4.0803375244140625, 0.9448200464248657)","[-0.031075849041457437, 4.080337487939163, 0.9448178635278326]"
7.8677551000146195,2,-0.4554810493085537,-0.4554810498196806,5.111268630564325e-10,5.362548446839648e-09,"(-0.031075112521648407, 4.0803375244140625, 0.9448200464248657)","[-0.031075849041457437, 4.080337487939163, 0.9448178635278326]"
7.867790199932642,3,1.2892286201211434,1.2892286190637166,1.057426812778317e-09,9.588858087130241e-09,"(-0.031075112521648407, 4.0803375244140625, 0.9448200464248657)","[-0.031075849041457437, 4.080337487939163, 0.9448178635278326]"
7.867813999997452,4,-0.30381585306287046,-0.30381585819360224,5.130731783875575e-09,3.62614608846163e-08,"(-0.031075112521648407, 4.0803375244140625, 0.9448200464248657)","[-0.031075849041457437, 4.080337487939163, 0.9448178635278326]"
7.8678340000333264,5,0.06351795895949292,0.06351795953820148,-5.787085671782322e-10,1.0112705748769435e-08,"(-0.031075112521648407, 4.0803375244140625, 0.9448200464248657)","[-0.031075849041457437, 4.080337487939163, 0.9448178635278326]"
7.867852699942887,6,-1.8867826023025824,-1.8867825968451173,-5.457465146463392e-09,-2.980270788453089e-08,"(-0.031075112521648407, 4.0803375244140625, 0.9448200464248657)","[-0.031075849041457437, 4.080337487939163, 0.9448178635278326]"
7.9225447999779135,0,0.24002140844232514,0.2400214077648331,6.774920346952484e-10,6.686611255986286e-09,"(-0.031075112521648407, 4.0803375244140625, 0.9448200464248657)","[-0.031075849041457437, 4.080337487939163, 0.9448178635278326]"
7.922576699987985,1,-0.217010244278736,-0.2170102427897921,-1.4889438848531e-09,-1.3236132401607526e-08,"(-0.031075112521648407, 4.0803375244140625, 0.9448200464248657)","[-0.031075849041457437, 4.080337487939163, 0.9448178635278326]"
7.922592799994163,2,-0.4554810493085537,-0.45548104977792214,4.693684330092651e-10,4.949830236791302e-09,"(-0.031075112521648407, 4.0803375244140625, 0.9448200464248657)","[-0.031075849041457437, 4.080337487939163, 0.9448178635278326]"
7.922607299988158,3,1.2892286201211434,1.2892286191376672,9.83476189375665e-10,8.919610712533095e-09,"(-0.031075112521648407, 4.0803375244140625, 0.9448200464248657)","[-0.031075849041457437, 4.080337487939163, 0.9448178635278326]"
7.922620699973777,4,-0.30381585306287046,-0.3038158579195059,4.856635427152867e-09,3.427289983777429e-08,"(-0.031075112521648407, 4.0803375244140625, 0.9448200464248657)","[-0.031075849041457437, 4.080337487939163, 0.9448178635278326]"
7.922634299960919,5,0.06351795895949292,0.06351795962290305,-6.634101323843566e-10,8.604173255411886e-09,"(-0.031075112521648407, 4.0803375244140625, 0.9448200464248657)","[-0.031075849041457437, 4.080337487939163, 0.9448178635278326]"
7.922648099949583,6,-1.8867826023025824,-1.886782597061673,-5.240909484172107e-09,-2.8755063077142734e-08,"(-0.031075112521648407, 4.0803375244140625, 0.9448200464248657)","[-0.031075849041457437, 4.080337487939163, 0.9448178635278326]"
7.976278599933721,0,0.24002140844232514,0.24002140781631995,6.260051921280763e-10,6.191121370961573e-09,"(-0.031075112521648407, 4.0803375244140625, 0.9448200464248657)","[-0.031075849041457437, 4.080337487939163, 0.9448178635278326]"
7.976335100014694,1,-0.217010244278736,-0.21701024289038431,-1.3883516836177279e-09,-1.2330395934265144e-08,"(-0.031075112521648407, 4.0803375244140625, 0.9448200464248657)","[-0.031075849041457437, 4.080337487939163, 0.9448178635278326]"
7.976362699992023,2,-0.4554810493085537,-0.4554810497393656,4.308118861651167e-10,4.567434662088625e-09,"(-0.031075112521648407, 4.0803375244140625, 0.9448200464248657)","[-0.031075849041457437, 4.080337487939163, 0.9448178635278326]"
7.976386099937372,3,1.2892286201211434,1.2892286192064564,9.146869928144952e-10,8.296627581624937e-09,"(-0.031075112521648407, 4.0803375244140625, 0.9448200464248657)","[-0.031075849041457437, 4.080337487939163, 0.9448178635278326]"
7.976402499945834,4,-0.30381585306287046,-0.3038158576604844,4.597613956214275e-09,3.2396471659760146e-08,"(-0.031075112521648407, 4.0803375244140625, 0.9448200464248657)","[-0.031075849041457437, 4.080337487939163, 0.9448178635278326]"
7.976415600045584,5,0.06351795895949292,0.06351795969564669,-7.361537768257875e-10,7.237756222523496e-09,"(-0.031075112521648407, 4.0803375244140625, 0.9448200464248657)","[-0.031075849041457437, 4.080337487939163, 0.9448178635278326]"
7.976428900030442,6,-1.8867826023025824,-1.8867825972707655,-5.031816963096958e-09,-2.7733086227663254e-08,"(-0.031075112521648407, 4.0803375244140625, 0.9448200464248657)","[-0.031075849041457437, 4.080337487939163, 0.9448178635278326]"
8.026495300000533,0,0.24002140844232514,0.2400214078639879,5.783372392098585e-10,5.731412517530355e-09,"(-0.031075112521648407, 4.0803375244140625, 0.9448200464248657)","[-0.031075849041457437, 4.080337487939163, 0.9448178635278326]"
8.026527000009082,1,-0.217010244278736,-0.21701024298405533,-1.2946806682290202e-09,-1.1486859794848457e-08,"(-0.031075112521648407, 4.0803375244140625, 0.9448200464248657)","[-0.031075849041457437, 4.080337487939163, 0.9448178635278326]"
8.026543400017545,2,-0.4554810493085537,-0.45548104970377606,3.9522235484312773e-10,4.213221134128583e-09,"(-0.031075112521648407, 4.0803375244140625, 0.9448200464248657)","[-0.031075849041457437, 4.080337487939163, 0.9448178635278326]"
8.026557500008494,3,1.2892286201211434,1.2892286192704412,8.507021753700883e-10,7.716765965814632e-09,"(-0.031075112521648407, 4.0803375244140625, 0.9448200464248657)","[-0.031075849041457437, 4.080337487939163, 0.9448178635278326]"
8.026571199996397,4,-0.30381585306287046,-0.30381585741568506,4.352814608754585e-09,3.062571403890858e-08,"(-0.031075112521648407, 4.0803375244140625, 0.9448200464248657)","[-0.031075849041457437, 4.080337487939163, 0.9448178635278326]"
8.026584499981254,5,0.06351795895949292,0.06351795975754504,-7.980521243844407e-10,6.002067539293471e-09,"(-0.031075112521648407, 4.0803375244140625, 0.9448200464248657)","[-0.031075849041457437, 4.080337487939163, 0.9448178635278326]"
8.026597499963827,6,-1.8867826023025824,-1.8867825974725643,-4.830018163204386e-09,-2.6737097731869578e-08,"(-0.031075112521648407, 4.0803375244140625, 0.9448200464248657)","[-0.031075849041457437, 4.080337487939163, 0.9448178635278326]"
8.07564579998143,0,0.24002140844232514,0.24002140790811302,5.34212118985522e-10,5.3049756433194725e-09,"(-0.031075114384293556, 4.0803375244140625, 0.9448200464248657)","[-0.031075849041457437, 4.080337487939163, 0.9448178635278326]"
8.075686799944378,1,-0.217010244278736,-0.2170102430712824,-1.2074536093198418e-09,-1.0701297768800825e-08,"(-0.031075114384293556, 4.0803375244140625, 0.9448200464248657)","[-0.031075849041457437, 4.080337487939163, 0.9448178635278326]"
8.075709099997766,2,-0.4554810493085537,-0.4554810496709352,3.6238151368550575e-10,3.885193978838989e-09,"(-0.031075114384293556, 4.0803375244140625, 0.9448200464248657)","[-0.031075849041457437, 4.080337487939163, 0.9448178635278326]"
8.07572970003821,3,1.2892286201211434,1.2892286193299543,7.911891142242666e-10,7.177091120097678e-09,"(-0.031075114384293556, 4.0803375244140625, 0.9448200464248657)","[-0.031075849041457437, 4.080337487939163, 0.9448178635278326]"
8.075749899959192,4,-0.30381585306287046,-0.3038158571843044,4.121433971882027e-09,2.895453962437735e-08,"(-0.031075114384293556, 4.0803375244140625, 0.9448200464248657)","[-0.031075849041457437, 4.080337487939163, 0.9448178635278326]"
8.075769699993543,5,0.06351795895949292,0.06351795980962195,-8.501290366114134e-10,4.886549976367321e-09,"(-0.031075114384293556, 4.0803375244140625, 0.9448200464248657)","[-0.031075849041457437, 4.080337487939163, 0.9448178635278326]"
8.075788800022565,6,-1.8867826023025824,-1.8867825976672419,-4.635340555836365e-09,-2.57673085679316e-08,"(-0.031075114384293556, 4.0803375244140625, 0.9448200464248657)","[-0.031075849041457437, 4.080337487939163, 0.9448178635278326]"
8.12728649994824,0,0.24002140844232514,0.24002140794895202,4.933731201361979e-10,4.909471388230659e-09,"(-0.031075114384293556, 4.0803375244140625, 0.9448200464248657)","[-0.031075849041457437, 4.080337487939163, 0.9448178635278326]"
8.127319099963643,1,-0.217010244278736,-0.21701024315251016,-1.1262258348132548e-09,-9.96976399559442e-09,"(-0.031075114384293556, 4.0803375244140625, 0.9448200464248657)","[-0.031075849041457437, 4.080337487939163, 0.9448178635278326]"
8.127335499972105,2,-0.4554810493085537,-0.4554810496406402,3.320864694345005e-10,3.5814925415816503e-09,"(-0.031075114384293556, 4.0803375244140625, 0.9448200464248657)","[-0.031075849041457437, 4.080337487939163, 0.9448178635278326]"
8.12734929996077,3,1.2892286201211434,1.2892286193853058,7.358376130639499e-10,6.6748630778470175e-09,"(-0.031075114384293556, 4.0803375244140625, 0.9448200464248657)","[-0.031075849041457437, 4.080337487939163, 0.9448178635278326]"
8.127362399944104,4,-0.30381585306287046,-0.3038158569655856,3.902715151049563e-09,2.7377213438461962e-08,"(-0.031075114384293556, 4.0803375244140625, 0.9448200464248657)","[-0.031075849041457437, 4.080337487939163, 0.9448178635278326]"
8.12737629993353,5,0.06351795895949292,0.063517959852819,-8.933260797761022e-10,3.881418609591906e-09,"(-0.031075114384293556, 4.0803375244140625, 0.9448200464248657)","[-0.031075849041457437, 4.080337487939163, 0.9448178635278326]"
8.127389700035565,6,-1.8867826023025824,-1.8867825978549742,-4.4476082816657936e-09,-2.4823831133836867e-08,"(-0.031075114384293556, 4.0803375244140625, 0.9448200464248657)","[-0.031075849041457437, 4.080337487939163, 0.9448178635278326]"
8.174263200024143,0,0.24002140844232514,0.24002140798674348,4.555816557338943e-10,4.542719233882054e-09,"(-0.031075114384293556, 4.0803375244140625, 0.9448200464248657)","[-0.031075849041457437, 4.080337487939163, 0.9448178635278326]"
8.17430199997034,1,-0.217010244278736,-0.217010243228153,-1.050583009476469e-09,-9.28857475656304e-09,"(-0.031075114384293556, 4.0803375244140625, 0.9448200464248657)","[-0.031075849041457437, 4.080337487939163, 0.9448178635278326]"
8.174318199977279,2,-0.4554810493085537,-0.4554810496127025,3.0414881724283305e-10,3.300383622496464e-09,"(-0.031075114384293556, 4.0803375244140625, 0.9448200464248657)","[-0.031075849041457437, 4.080337487939163, 0.9448178635278326]"
8.174332299968228,3,1.2892286201211434,1.2892286194367844,6.843590139027356e-10,6.20752334350938e-09,"(-0.031075114384293556, 4.0803375244140625, 0.9448200464248657)","[-0.031075849041457437, 4.080337487939163, 0.9448178635278326]"
8.17434589995537,4,-0.30381585306287046,-0.30381585675881534,3.695944883475022e-09,2.5888338006932417e-08,"(-0.031075114384293556, 4.0803375244140625, 0.9448200464248657)","[-0.031075849041457437, 4.080337487939163, 0.9448178635278326]"
8.174359999946319,5,0.06351795895949292,0.06351795988800145,-9.285085339483246e-10,2.977608378831106e-09,"(-0.031075114384293556, 4.0803375244140625, 0.9448200464248657)","[-0.031075849041457437, 4.080337487939163, 0.9448178635278326]"
8.174373899935745,6,-1.8867826023025824,-1.8867825980359392,-4.266643260919523e-09,-2.3906689591204288e-08,"(-0.031075114384293556, 4.0803375244140625, 0.9448200464248657)","[-0.031075849041457437, 4.080337487939163, 0.9448178635278326]"
8.224779200041667,0,0.24002140844232514,0.24002140802170918,4.2061595872944224e-10,4.2026870773414294e-09,"(-0.031075114384293556, 4.0803375244140625, 0.9448200464248657)","[-0.031075849041457437, 4.080337487939163, 0.9448178635278326]"
8.224817199981771,1,-0.217010244278736,-0.21701024329859683,-9.801391642749735e-10,-8.654292057565337e-09,"(-0.031075114384293556, 4.0803375244140625, 0.9448200464248657)","[-0.031075849041457437, 4.080337487939163, 0.9448178635278326]"
8.224832999985665,2,-0.4554810493085537,-0.45548104958694724,2.783935304506713e-10,3.040252359114262e-09,"(-0.031075114384293556, 4.0803375244140625, 0.9448200464248657)","[-0.031075849041457437, 4.080337487939163, 0.9448178635278326]"
8.224847099976614,3,1.2892286201211434,1.2892286194846594,6.364839766348496e-10,5.772684134904756e-09,"(-0.031075114384293556, 4.0803375244140625, 0.9448200464248657)","[-0.031075849041457437, 4.080337487939163, 0.9448178635278326]"
8.224860099959187,4,-0.30381585306287046,-0.3038158565633215,3.5004510401392963e-09,2.4482829011098577e-08,"(-0.031075114384293556, 4.0803375244140625, 0.9448200464248657)","[-0.031075849041457437, 4.080337487939163, 0.9448178635278326]"
8.224872999940999,5,0.06351795895949292,0.06351795991596389,-9.564709718690168e-10,2.1667262682423476e-09,"(-0.031075114384293556, 4.0803375244140625, 0.9448200464248657)","[-0.031075849041457437, 4.080337487939163, 0.9448178635278326]"
8.224885700037703,6,-1.8867826023025824,-1.8867825982103164,-4.092266081556772e-09,-2.3015827527257694e-08,"(-0.031075114384293556, 4.0803375244140625, 0.9448200464248657)","[-0.031075849041457437, 4.080337487939163, 0.9448178635278326]"
8.274594799964689,0,0.24002140844232514,0.24002140805405522,3.882699162183201e-10,3.887481505755674e-09,"(-0.031075114384293556, 4.0803375244140625, 0.9448200464248657)","[-0.031075849041457437, 4.080337487939163, 0.9448178635278326]"
8.274678600020707,1,-0.217010244278736,-0.21701024336420124,-9.145347534822434e-10,-8.06370771549945e-09,"(-0.031075114384293556, 4.0803375244140625, 0.9448200464248657)","[-0.031075849041457437, 4.080337487939163, 0.9448178635278326]"
8.274738600011915,2,-0.4554810493085537,-0.4554810495632118,2.5465807240721006e-10,2.7995947946952615e-09,"(-0.031075114384293556, 4.0803375244140625, 0.9448200464248657)","[-0.031075849041457437, 4.080337487939163, 0.9448178635278326]"
8.274778799968772,3,1.2892286201211434,1.2892286195291816,5.919618129013315e-10,5.36811758453823e-09,"(-0.031075114384293556, 4.0803375244140625, 0.9448200464248657)","[-0.031075849041457437, 4.080337487939163, 0.9448178635278326]"
8.274813700001687,4,-0.30381585306287046,-0.30381585637847075,3.3156002943179885e-09,2.3155897699295055e-08,"(-0.031075114384293556, 4.0803375244140625, 0.9448200464248657)","[-0.031075849041457437, 4.080337487939163, 0.9448178635278326]"
8.274846800020896,5,0.06351795895949292,0.06351795993743546,-9.779425463873892e-10,1.441005676015889e-09,"(-0.031075114384293556, 4.0803375244140625, 0.9448200464248657)","[-0.031075849041457437, 4.080337487939163, 0.9448178635278326]"
8.274879100034013,6,-1.8867826023025824,-1.8867825983782855,-3.924296887447554e-09,-2.2151117306587607e-08,"(-0.031075114384293556, 4.0803375244140625, 0.9448200464248657)","[-0.031075849041457437, 4.080337487939163, 0.9448178635278326]"
8.334612100035883,0,0.24002140844232514,0.24002140808397304,3.583520979955068e-10,3.5953390306699635e-09,"(-0.031075114384293556, 4.0803375244140625, 0.9448200464248657)","[-0.031075849041457437, 4.080337487939163, 0.9448178635278326]"
8.334658800042234,1,-0.217010244278736,-0.2170102434253011,-8.534349060784763e-10,-7.513828698574042e-09,"(-0.031075114384293556, 4.0803375244140625, 0.9448200464248657)","[-0.031075849041457437, 4.080337487939163, 0.9448178635278326]"
8.334685600013472,2,-0.4554810493085537,-0.45548104954134533,2.3279161931455405e-10,2.5770109202303594e-09,"(-0.031075114384293556, 4.0803375244140625, 0.9448200464248657)","[-0.031075849041457437, 4.080337487939163, 0.9448178635278326]"
8.334709999966435,3,1.2892286201211434,1.2892286195705842,5.505591538224053e-10,4.991743994714599e-09,"(-0.031075114384293556, 4.0803375244140625, 0.9448200464248657)","[-0.031075849041457437, 4.080337487939163, 0.9448178635278326]"
8.334733600029722,4,-0.30381585306287046,-0.30381585620366636,3.1407959011353626e-09,2.1903038637410133e-08,"(-0.031075114384293556, 4.0803375244140625, 0.9448200464248657)","[-0.031075849041457437, 4.080337487939163, 0.9448178635278326]"
8.33475699997507,5,0.06351795895949292,0.06351795995308471,-9.935917921755077e-10,7.932618055436945e-10,"(-0.031075114384293556, 4.0803375244140625, 0.9448200464248657)","[-0.031075849041457437, 4.080337487939163, 0.9448178635278326]"
8.334779600030743,6,-1.8867826023025824,-1.886782598540027,-3.762555378372667e-09,-2.1312367324457566e-08,"(-0.031075114384293556, 4.0803375244140625, 0.9448200464248657)","[-0.031075849041457437, 4.080337487939163, 0.9448178635278326]"
8.385059599997476,0,0.24002140844232514,0.24002140811164052,3.306846185768819e-10,3.3246173183864913e-09,"(-0.031075116246938705, 4.0803375244140625, 0.9448200464248657)","[-0.031075849041457437, 4.080337487939163, 0.9448178635278326]"
8.385092000011355,1,-0.217010244278736,-0.21701024348220824,-7.965277604160548e-10,-7.001862990774068e-09,"(-0.031075116246938705, 4.0803375244140625, 0.9448200464248657)","[-0.031075849041457437, 4.080337487939163, 0.9448178635278326]"
8.385108000016771,2,-0.4554810493085537,-0.45548104952120777,2.1265406102699558e-10,2.371197296826952e-09,"(-0.031075116246938705, 4.0803375244140625, 0.9448200464248657)","[-0.031075849041457437, 4.080337487939163, 0.9448178635278326]"
8.385122300009243,3,1.2892286201211434,1.289228619609085,5.120583956852442e-10,4.641624041466643e-09,"(-0.031075116246938705, 4.0803375244140625, 0.9448200464248657)","[-0.031075849041457437, 4.080337487939163, 0.9448178635278326]"
8.385135299991816,4,-0.30381585306287046,-0.30381585603834577,2.975475310584841e-09,2.0720006206405536e-08,"(-0.031075116246938705, 4.0803375244140625, 0.9448200464248657)","[-0.031075849041457437, 4.080337487939163, 0.9448178635278326]"
8.38514899997972,5,0.06351795895949292,0.06351795996352413,-1.004031219276058e-09,2.1685288899529814e-10,"(-0.031075116246938705, 4.0803375244140625, 0.9448200464248657)","[-0.031075849041457437, 4.080337487939163, 0.9448178635278326]"
8.385162299964577,6,-1.8867826023025824,-1.8867825986957203,-3.606862142291334e-09,-2.0499329218661862e-08,"(-0.031075116246938705, 4.0803375244140625, 0.9448200464248657)","[-0.031075849041457437, 4.080337487939163, 0.9448178635278326]"
8.434714299975894,0,0.24002140844232514,0.24002140813722278,3.05102360043108e-10,3.0737872452556145e-09,"(-0.031075116246938705, 4.0803375244140625, 0.9448200464248657)","[-0.031075849041457437, 4.080337487939163, 0.9448178635278326]"
8.434746999992058,1,-0.217010244278736,-0.21701024353521306,-7.435229376628882e-10,-6.5252067503275505e-09,"(-0.031075116246938705, 4.0803375244140625, 0.9448200464248657)","[-0.031075849041457437, 4.080337487939163, 0.9448178635278326]"
8.434763099998236,2,-0.4554810493085537,-0.4554810495026692,1.9411550145065348e-10,2.180940808337709e-09,"(-0.031075116246938705, 4.0803375244140625, 0.9448200464248657)","[-0.031075849041457437, 4.080337487939163, 0.9448178635278326]"
8.434776799986139,3,1.2892286201211434,1.2892286196448863,4.762570338101568e-10,4.3159489265225155e-09,"(-0.031075116246938705, 4.0803375244140625, 0.9448200464248657)","[-0.031075849041457437, 4.080337487939163, 0.9448178635278326]"
8.43479109997861,4,-0.30381585306287046,-0.30381585588197885,2.819108391172165e-09,1.9602802393295006e-08,"(-0.031075116246938705, 4.0803375244140625, 0.9448200464248657)","[-0.031075849041457437, 4.080337487939163, 0.9448178635278326]"
8.434804799966514,5,0.06351795895949292,0.06351795996931443,-1.0098215180720516e-09,-2.943578409157908e-10,"(-0.031075116246938705, 4.0803375244140625, 0.9448200464248657)","[-0.031075849041457437, 4.080337487939163, 0.9448178635278326]"
8.434818799956702,6,-1.8867826023025824,-1.886782598845544,-3.4570384332965887e-09,-1.971170459059902e-08,"(-0.031075116246938705, 4.0803375244140625, 0.9448200464248657)","[-0.031075849041457437, 4.080337487939163, 0.9448178635278326]"
8.487438200041652,0,0.24002140844232514,0.2400214081608732,2.8145194508333304e-10,2.8414256168302225e-09,"(-0.031075116246938705, 4.0803375244140625, 0.9448200464248657)","[-0.031075849041457437, 4.080337487939163, 0.9448178635278326]"
8.487639599945396,1,-0.217010244278736,-0.21701024358458593,-6.941500707569048e-10,-6.081431872456068e-09,"(-0.031075116246938705, 4.0803375244140625, 0.9448200464248657)","[-0.031075849041457437, 4.080337487939163, 0.9448178635278326]"
8.487659099977463,2,-0.4554810493085537,-0.455481049485609,1.7705531485390225e-10,2.005113060858646e-09,"(-0.031075116246938705, 4.0803375244140625, 0.9448200464248657)","[-0.031075849041457437, 4.080337487939163, 0.9448178635278326]"
8.487677700002678,3,1.2892286201211434,1.2892286196781768,4.4296655232756166e-10,4.013031436693929e-09,"(-0.031075116246938705, 4.0803375244140625, 0.9448200464248657)","[-0.031075849041457437, 4.080337487939163, 0.9448178635278326]"
8.487694900017232,4,-0.30381585306287046,-0.3038158557340659,2.6711954315139508e-09,1.854766447781269e-08,"(-0.031075116246938705, 4.0803375244140625, 0.9448200464248657)","[-0.031075849041457437, 4.080337487939163, 0.9448178635278326]"
8.487708500004373,5,0.06351795895949292,0.06351795997096839,-1.0114754728229869e-09,-7.460386802301659e-10,"(-0.031075116246938705, 4.0803375244140625, 0.9448200464248657)","[-0.031075849041457437, 4.080337487939163, 0.9448178635278326]"
8.487721499986947,6,-1.8867826023025824,-1.8867825989896758,-3.3129066157044917e-09,-1.894915072035485e-08,"(-0.031075116246938705, 4.0803375244140625, 0.9448200464248657)","[-0.031075849041457437, 4.080337487939163, 0.9448178635278326]"
8.539263400016353,0,0.24002140844232514,0.24002140818273413,2.5959101535022455e-10,2.6262076824342045e-09,"(-0.031075116246938705, 4.0803375244140625, 0.9448200464248657)","[-0.031075849041457437, 4.080337487939163, 0.9448178635278326]"
8.539303099969402,1,-0.217010244278736,-0.21701024363057858,-6.481574166272708e-10,-5.668274699146091e-09,"(-0.031075116246938705, 4.0803375244140625, 0.9448200464248657)","[-0.031075849041457437, 4.080337487939163, 0.9448178635278326]"
8.539318399969488,2,-0.4554810493085537,-0.45548104946991547,1.6136175728931335e-10,1.8426637814922365e-09,"(-0.031075116246938705, 4.0803375244140625, 0.9448200464248657)","[-0.031075849041457437, 4.080337487939163, 0.9448178635278326]"
8.539332299958915,3,1.2892286201211434,1.2892286197091316,4.120117580441729e-10,3.731299592477346e-09,"(-0.031075116246938705, 4.0803375244140625, 0.9448200464248657)","[-0.031075849041457437, 4.080337487939163, 0.9448178635278326]"
8.539345399942249,4,-0.30381585306287046,-0.3038158555941359,2.5312654194920015e-09,1.7551044349643478e-08,"(-0.031075116246938705, 4.0803375244140625, 0.9448200464248657)","[-0.031075849041457437, 4.080337487939163, 0.9448178635278326]"
8.539358300040476,5,0.06351795895949292,0.06351795996895458,-1.009461667034195e-09,-1.1434197853292662e-09,"(-0.031075116246938705, 4.0803375244140625, 0.9448200464248657)","[-0.031075849041457437, 4.080337487939163, 0.9448178635278326]"
8.539371200022288,6,-1.8867826023025824,-1.8867825991282912,-3.1742912742771523e-09,-1.821128580961287e-08,"(-0.031075116246938705, 4.0803375244140625, 0.9448200464248657)","[-0.031075849041457437, 4.080337487939163, 0.9448178635278326]"
8.592554699978791,0,0.24002140844232514,0.24002140820293774,2.393873987927009e-10,2.426901188926678e-09,"(-0.031075116246938705, 4.0803375244140625, 0.9448200464248657)","[-0.031075849041457437, 4.080337487939163, 0.9448178635278326]"
8.592598399962299,1,-0.217010244278736,-0.21701024367342536,-6.053106349490633e-10,-5.283624802514108e-09,"(-0.031075116246938705, 4.0803375244140625, 0.9448200464248657)","[-0.031075849041457437, 4.080337487939163, 0.9448178635278326]"
8.592617599992082,2,-0.4554810493085537,-0.4554810494554848,1.4693107841523556e-10,1.69261717885312e-09,"(-0.031075116246938705, 4.0803375244140625, 0.9448200464248657)","[-0.031075849041457437, 4.080337487939163, 0.9448178635278326]"
8.592634000000544,3,1.2892286201211434,1.2892286197379144,3.832290040861608e-10,3.4692865901380643e-09,"(-0.031075116246938705, 4.0803375244140625, 0.9448200464248657)","[-0.031075849041457437, 4.080337487939163, 0.9448178635278326]"
8.592652900028042,4,-0.30381585306287046,-0.3038158554617447,2.398874265896467e-09,1.660960700808203e-08,"(-0.031075116246938705, 4.0803375244140625, 0.9448200464248657)","[-0.031075849041457437, 4.080337487939163, 0.9448178635278326]"
8.592669200035743,5,0.06351795895949292,0.06351795996370072,-1.0042078002481247e-09,-1.4913279424636098e-09,"(-0.031075116246938705, 4.0803375244140625, 0.9448200464248657)","[-0.031075849041457437, 4.080337487939163, 0.9448178635278326]"
8.592682300019078,6,-1.8867826023025824,-1.8867825992615632,-3.041019214222729e-09,-1.7497695622127715e-08,"(-0.031075116246938705, 4.0803375244140625, 0.9448200464248657)","[-0.031075849041457437, 4.080337487939163, 0.9448178635278326]"
8.646182099939324,0,0.24002140844232514,0.2400214082216067,2.2071844352211656e-10,2.242359633157577e-09,"(-0.031075116246938705, 4.0803375244140625, 0.9448200464248657)","[-0.031075849041457437, 4.080337487939163, 0.9448178635278326]"
8.64621499995701,1,-0.217010244278736,-0.21701024371334438,-5.653916224090949e-10,-4.925515257259977e-09,"(-0.031075116246938705, 4.0803375244140625, 0.9448200464248657)","[-0.031075849041457437, 4.080337487939163, 0.9448178635278326]"
8.646230699960142,2,-0.4554810493085537,-0.45548104944222095,1.3366724394003882e-10,1.5540654865407395e-09,"(-0.031075116246938705, 4.0803375244140625, 0.9448200464248657)","[-0.031075849041457437, 4.080337487939163, 0.9448178635278326]"
8.646244299947284,3,1.2892286201211434,1.2892286197646772,3.564661898991517e-10,3.225626143911633e-09,"(-0.031075116246938705, 4.0803375244140625, 0.9448200464248657)","[-0.031075849041457437, 4.080337487939163, 0.9448178635278326]"
8.646257699932903,4,-0.30381585306287046,-0.30381585533647376,2.2736033056247607e-09,1.57202076004799e-08,"(-0.031075116246938705, 4.0803375244140625, 0.9448200464248657)","[-0.031075849041457437, 4.080337487939163, 0.9448178635278326]"
8.646271400037222,5,0.06351795895949292,0.06351795995559682,-9.96103907691115e-10,-1.7942118298238803e-09,"(-0.031075116246938705, 4.0803375244140625, 0.9448200464248657)","[-0.031075849041457437, 4.080337487939163, 0.9448178635278326]"
8.646284400019795,6,-1.8867826023025824,-1.8867825993896634,-2.912919017106219e-09,-1.6807936527958296e-08,"(-0.031075116246938705, 4.0803375244140625, 0.9448200464248657)","[-0.031075849041457437, 4.080337487939163, 0.9448178635278326]"
8.702695499989204,0,0.24002140844232514,0.24002140823885476,2.0347037943402313e-10,2.0715167119173004e-09,"(-0.031075116246938705, 4.0803375244140625, 0.9448200464248657)","[-0.031075849041457437, 4.080337487939163, 0.9448178635278326]"
8.702727600000799,1,-0.217010244278736,-0.21701024375053868,-5.281973192161615e-10,-4.5921131388614294e-09,"(-0.031075116246938705, 4.0803375244140625, 0.9448200464248657)","[-0.031075849041457437, 4.080337487939163, 0.9448178635278326]"
8.702743500005454,2,-0.4554810493085537,-0.45548104943003476,1.2148104744369448e-10,1.4261648679249775e-09,"(-0.031075116246938705, 4.0803375244140625, 0.9448200464248657)","[-0.031075849041457437, 4.080337487939163, 0.9448178635278326]"
8.702757199993357,3,1.2892286201211434,1.2892286197895613,3.315820951144133e-10,2.999045004316904e-09,"(-0.031075116246938705, 4.0803375244140625, 0.9448200464248657)","[-0.031075849041457437, 4.080337487939163, 0.9448178635278326]"
8.702770299976692,4,-0.30381585306287046,-0.3038158552179283,2.1550578543916288e-09,1.4879884534630172e-08,"(-0.031075116246938705, 4.0803375244140625, 0.9448200464248657)","[-0.031075849041457437, 4.080337487939163, 0.9448178635278326]"
8.702783899963833,5,0.06351795895949292,0.06351795994499818,-9.855052607310455e-10,-2.0561705407888783e-09,"(-0.031075116246938705, 4.0803375244140625, 0.9448200464248657)","[-0.031075849041457437, 4.080337487939163, 0.9448178635278326]"
8.702797599951737,6,-1.8867826023025824,-1.88678259951276,-2.78982237311709e-09,-1.6141540213428393e-08,"(-0.031075116246938705, 4.0803375244140625, 0.9448200464248657)","[-0.031075849041457437, 4.080337487939163, 0.9448178635278326]"
8.758522399934009,0,0.24002140844232514,0.24002140825478754,1.8753759656320312e-10,1.913381032907544e-09,"(-0.031075116246938705, 4.0803375244140625, 0.9448200464248657)","[-0.031075849041457437, 4.080337487939163, 0.9448178635278326]"
8.758560399990529,1,-0.217010244278736,-0.21701024378519718,-4.935388209226232e-10,-4.281710527969301e-09,"(-0.031075116246938705, 4.0803375244140625, 0.9448200464248657)","[-0.031075849041457437, 4.080337487939163, 0.9448178635278326]"
8.758576399995945,2,-0.4554810493085537,-0.4554810494188437,1.102899993554729e-10,1.3081315867838177e-09,"(-0.031075116246938705, 4.0803375244140625, 0.9448200464248657)","[-0.031075849041457437, 4.080337487939163, 0.9448178635278326]"
8.758589899982326,3,1.2892286201211434,1.2892286198126985,3.084448252366201e-10,2.7883559849399714e-09,"(-0.031075116246938705, 4.0803375244140625, 0.9448200464248657)","[-0.031075849041457437, 4.080337487939163, 0.9448178635278326]"
8.758603199967183,4,-0.30381585306287046,-0.30381585510573617,2.0428657099280656e-09,1.4085851956893152e-08,"(-0.031075116246938705, 4.0803375244140625, 0.9448200464248657)","[-0.031075849041457437, 4.080337487939163, 0.9448178635278326]"
8.75861639995128,5,0.06351795895949292,0.06351795993222806,-9.727351424348996e-10,-2.2809794566739512e-09,"(-0.031075116246938705, 4.0803375244140625, 0.9448200464248657)","[-0.031075849041457437, 4.080337487939163, 0.9448178635278326]"
8.758629499934614,6,-1.8867826023025824,-1.8867825996310188,-2.6715636369800677e-09,-1.5498018065043706e-08,"(-0.031075116246938705, 4.0803375244140625, 0.9448200464248657)","[-0.031075849041457437, 4.080337487939163, 0.9448178635278326]"
8.805117800016887,0,0.24002140844232514,0.24002140826950294,1.7282220099446022e-10,1.7670306905121131e-09,"(-0.031075116246938705, 4.0803375244140625, 0.9448200464248657)","[-0.031075849041457437, 4.080337487939163, 0.9448178635278326]"
8.80518329993356,1,-0.217010244278736,-0.21701024381749576,-4.612402404458038e-10,-3.992716167907805e-09,"(-0.031075116246938705, 4.0803375244140625, 0.9448200464248657)","[-0.031075849041457437, 4.080337487939163, 0.9448178635278326]"
8.805210700025782,2,-0.4554810493085537,-0.45548104940857126,1.0001754979782618e-10,1.199236803920653e-09,"(-0.031075116246938705, 4.0803375244140625, 0.9448200464248657)","[-0.031075849041457437, 4.080337487939163, 0.9448178635278326]"
8.805235999985598,3,1.2892286201211434,1.2892286198342113,2.8693203368845843e-10,2.592454514726047e-09,"(-0.031075116246938705, 4.0803375244140625, 0.9448200464248657)","[-0.031075849041457437, 4.080337487939163, 0.9448178635278326]"
8.805259799933992,4,-0.30381585306287046,-0.30381585499954633,1.936675875224836e-09,1.3335479997974702e-08,"(-0.031075116246938705, 4.0803375244140625, 0.9448200464248657)","[-0.031075849041457437, 4.080337487939163, 0.9448178635278326]"
8.805283099994995,5,0.06351795895949292,0.06351795991758019,-9.580872761816295e-10,-2.472111669425903e-09,"(-0.031075116246938705, 4.0803375244140625, 0.9448200464248657)","[-0.031075849041457437, 4.080337487939163, 0.9448178635278326]"
8.805305699934252,6,-1.8867826023025824,-1.886782599744602,-2.5579804940889517e-09,-1.4876864413172659e-08,"(-0.031075116246938705, 4.0803375244140625, 0.9448200464248657)","[-0.031075849041457437, 4.080337487939163, 0.9448178635278326]"
8.853190699941479,0,0.24002140844232514,0.24002140828309174,1.592334042399557e-10,1.6316091389123394e-09,"(-0.031075116246938705, 4.0803375244140625, 0.9448200464248657)","[-0.031075849041457437, 4.080337487939163, 0.9448178635278326]"
8.853224299964495,1,-0.217010244278736,-0.21701024384759798,-4.311380141786003e-10,-3.7236477913182702e-09,"(-0.031075116246938705, 4.0803375244140625, 0.9448200464248657)","[-0.031075849041457437, 4.080337487939163, 0.9448178635278326]"
8.853240499971434,2,-0.4554810493085537,-0.4554810493991466,9.059286654178322e-11,1.0988040812110153e-09,"(-0.031075116246938705, 4.0803375244140625, 0.9448200464248657)","[-0.031075849041457437, 4.080337487939163, 0.9448178635278326]"
8.853254499961622,3,1.2892286201211434,1.2892286198542138,2.6692958954299684e-10,2.410310236490132e-09,"(-0.031075116246938705, 4.0803375244140625, 0.9448200464248657)","[-0.031075849041457437, 4.080337487939163, 0.9448178635278326]"
8.85326849995181,4,-0.30381585306287046,-0.3038158548990278,1.8361573372871476e-09,1.2626297443110685e-08,"(-0.031075116246938705, 4.0803375244140625, 0.9448200464248657)","[-0.031075849041457437, 4.080337487939163, 0.9448178635278326]"
8.853282499941997,5,0.06351795895949292,0.06351795990132118,-9.418282681528112e-10,-2.632763405642185e-09,"(-0.031075116246938705, 4.0803375244140625, 0.9448200464248657)","[-0.031075849041457437, 4.080337487939163, 0.9448178635278326]"
8.853295500040986,6,-1.8867826023025824,-1.8867825998536687,-2.4489137384620108e-09,-1.4277560537815673e-08,"(-0.031075116246938705, 4.0803375244140625, 0.9448200464248657)","[-0.031075849041457437, 4.080337487939163, 0.9448178635278326]"
8.903483400004916,0,0.24002140844232514,0.24002140829563817,1.466869681276961e-10,1.5063203704798913e-09,"(-0.031075116246938705, 4.0803375244140625, 0.9448200464248657)","[-0.031075849041457437, 4.080337487939163, 0.9448178635278326]"
8.903530600015074,1,-0.217010244278736,-0.21701024387565612,-4.0307987503318543e-10,-3.473124709953599e-09,"(-0.031075116246938705, 4.0803375244140625, 0.9448200464248657)","[-0.031075849041457437, 4.080337487939163, 0.9448178635278326]"
8.903556899982505,2,-0.4554810493085537,-0.45548104939050404,8.195033540658869e-11,1.00620554945613e-09,"(-0.031075116246938705, 4.0803375244140625, 0.9448200464248657)","[-0.031075849041457437, 4.080337487939163, 0.9448178635278326]"
8.903580600046553,3,1.2892286201211434,1.2892286198728122,2.483311334344762e-10,2.24096320201495e-09,"(-0.031075116246938705, 4.0803375244140625, 0.9448200464248657)","[-0.031075849041457437, 4.080337487939163, 0.9448178635278326]"
8.903603099985048,4,-0.30381585306287046,-0.30381585480386836,1.7409979014004762e-09,1.1955977511465894e-08,"(-0.031075116246938705, 4.0803375244140625, 0.9448200464248657)","[-0.031075849041457437, 4.080337487939163, 0.9448178635278326]"
8.90362669993192,5,0.06351795895949292,0.06351795988369263,-9.241997167563909e-10,-2.7658720189456235e-09,"(-0.031075116246938705, 4.0803375244140625, 0.9448200464248657)","[-0.031075849041457437, 4.080337487939163, 0.9448178635278326]"
8.90365049999673,6,-1.8867826023025824,-1.886782599958375,-2.3442074947865876e-09,-1.3699577231922603e-08,"(-0.031075116246938705, 4.0803375244140625, 0.9448200464248657)","[-0.031075849041457437, 4.080337487939163, 0.9448178635278326]"
8.9574345999863,0,0.24002140844232514,0.24002140830722032,1.351048162234747e-10,1.3904245081676505e-09,"(-0.031075116246938705, 4.0803375244140625, 0.9448200464248657)","[-0.031075849041457437, 4.080337487939163, 0.9448178635278326]"
8.95754480001051,1,-0.217010244278736,-0.2170102439018119,-3.7692410304046575e-10,-3.2398613284827654e-09,"(-0.031075116246938705, 4.0803375244140625, 0.9448200464248657)","[-0.031075849041457437, 4.080337487939163, 0.9448178635278326]"
8.957595200045034,2,-0.4554810493085537,-0.4554810493825829,7.402917168164436e-11,9.208575166799695e-10,"(-0.031075116246938705, 4.0803375244140625, 0.9448200464248657)","[-0.031075849041457437, 4.080337487939163, 0.9448178635278326]"
8.9576332999859,3,1.2892286201211434,1.2892286198901048,2.310385216475197e-10,2.0835203351643184e-09,"(-0.031075116246938705, 4.0803375244140625, 0.9448200464248657)","[-0.031075849041457437, 4.080337487939163, 0.9448178635278326]"
8.957669100025669,4,-0.30381585306287046,-0.30381585471377354,1.6509030809075398e-09,1.1322324027339098e-08,"(-0.031075116246938705, 4.0803375244140625, 0.9448200464248657)","[-0.031075849041457437, 4.080337487939163, 0.9448178635278326]"
8.957704399945214,5,0.06351795895949292,0.06351795986491314,-9.054202249059173e-10,-2.8741336037592635e-09,"(-0.031075116246938705, 4.0803375244140625, 0.9448200464248657)","[-0.031075849041457437, 4.080337487939163, 0.9448178635278326]"
8.957740299985744,6,-1.8867826023025824,-1.886782600058873,-2.2437094404637037e-09,-1.3142376120040459e-08,"(-0.031075116246938705, 4.0803375244140625, 0.9448200464248657)","[-0.031075849041457437, 4.080337487939163, 0.9448178635278326]"
9.007699999958277,0,0.24002140844232514,0.24002140831791052,1.2441461749723715e-10,1.2832342356870091e-09,"(-0.031075116246938705, 4.0803375244140625, 0.9448200464248657)","[-0.031075849041457437, 4.080337487939163, 0.9448178635278326]"
9.007737600011751,1,-0.217010244278736,-0.21701024392619706,-3.525389424829939e-10,-3.022660373336051e-09,"(-0.031075116246938705, 4.0803375244140625, 0.9448200464248657)","[-0.031075849041457437, 4.080337487939163, 0.9448178635278326]"
9.007757799932733,2,-0.4554810493085537,-0.45548104937532685,6.677314257075295e-11,8.422179792458084e-10,"(-0.031075116246938705, 4.0803375244140625, 0.9448200464248657)","[-0.031075849041457437, 4.080337487939163, 0.9448178635278326]"
9.007771600037813,3,1.2892286201211434,1.2892286199061838,2.149596056710834e-10,1.937150537562952e-09,"(-0.031075116246938705, 4.0803375244140625, 0.9448200464248657)","[-0.031075849041457437, 4.080337487939163, 0.9448178635278326]"
9.00778490002267,4,-0.30381585306287046,-0.30381585462846555,1.5655950980075772e-09,1.0723266552205875e-08,"(-0.031075116246938705, 4.0803375244140625, 0.9448200464248657)","[-0.031075849041457437, 4.080337487939163, 0.9448178635278326]"
9.007797900005244,5,0.06351795895949292,0.06351795984518024,-8.856873290330469e-10,-2.960022791465379e-09,"(-0.031075116246938705, 4.0803375244140625, 0.9448200464248657)","[-0.031075849041457437, 4.080337487939163, 0.9448178635278326]"
9.007810899987817,6,-1.8867826023025824,-1.8867826001553116,-2.147270805608059e-09,-1.2605413804036634e-08,"(-0.031075116246938705, 4.0803375244140625, 0.9448200464248657)","[-0.031075849041457437, 4.080337487939163, 0.9448178635278326]"
9.057051799958572,0,0.24002140844232514,0.24002140832777583,1.1454931447829608e-10,1.1841118064206302e-09,"(-0.031075116246938705, 4.0803375244140625, 0.9448200464248657)","[-0.031075849041457437, 4.080337487939163, 0.9448178635278326]"
9.057104600011371,1,-0.217010244278736,-0.21701024394893423,-3.298017692277e-10,-2.8204068012774642e-09,"(-0.031075116246938705, 4.0803375244140625, 0.9448200464248657)","[-0.031075849041457437, 4.080337487939163, 0.9448178635278326]"
9.057136600022204,2,-0.4554810493085537,-0.4554810493686839,6.013017861405956e-11,7.697851024110849e-10,"(-0.031075116246938705, 4.0803375244140625, 0.9448200464248657)","[-0.031075849041457437, 4.080337487939163, 0.9448178635278326]"
9.05715699994471,3,1.2892286201211434,1.2892286199211342,2.0000912037687613e-10,1.8010777940436561e-09,"(-0.031075116246938705, 4.0803375244140625, 0.9448200464248657)","[-0.031075849041457437, 4.080337487939163, 0.9448178635278326]"
9.057176799979061,4,-0.30381585306287046,-0.3038158545476823,1.4848118290444745e-09,1.0156863411824691e-08,"(-0.031075116246938705, 4.0803375244140625, 0.9448200464248657)","[-0.031075849041457437, 4.080337487939163, 0.9448178635278326]"
9.057196200010367,5,0.06351795895949292,0.06351795982467207,-8.65179150544293e-10,-3.0258126589372398e-09,"(-0.031075116246938705, 4.0803375244140625, 0.9448200464248657)","[-0.031075849041457437, 4.080337487939163, 0.9448178635278326]"
9.057216200046241,6,-1.8867826023025824,-1.8867826002478358,-2.054746595092638e-09,-1.2088144457020787e-08,"(-0.031075116246938705, 4.0803375244140625, 0.9448200464248657)","[-0.031075849041457437, 4.080337487939163, 0.9448178635278326]"
9.10631669999566,0,0.24002140844232514,0.2400214083368784,1.054467346772725e-10,1.092463969394816e-09,"(-0.031075118109583855, 4.0803375244140625, 0.9448200464248657)","[-0.031075849041457437, 4.080337487939163, 0.9448178635278326]"
9.106350900023244,1,-0.217010244278736,-0.2170102439701375,-3.0859850785880383e-10,-2.632062956145819e-09,"(-0.031075118109583855, 4.0803375244140625, 0.9448200464248657)","[-0.031075849041457437, 4.080337487939163, 0.9448178635278326]"
9.106367200030945,2,-0.4554810493085537,-0.45548104936260586,5.405215164344668e-11,7.030914783135318e-10,"(-0.031075118109583855, 4.0803375244140625, 0.9448200464248657)","[-0.031075849041457437, 4.080337487939163, 0.9448178635278326]"
9.106381800025702,3,1.2892286201211434,1.2892286199350356,1.8610779584093962e-10,1.6745831511812842e-09,"(-0.031075118109583855, 4.0803375244140625, 0.9448200464248657)","[-0.031075849041457437, 4.080337487939163, 0.9448178635278326]"
9.106395400012843,4,-0.30381585306287046,-0.30381585447117637,1.4083059163283451e-09,9.62127132497371e-09,"(-0.031075118109583855, 4.0803375244140625, 0.9448200464248657)","[-0.031075849041457437, 4.080337487939163, 0.9448178635278326]"
9.106408899999224,5,0.06351795895949292,0.06351795980354895,-8.440560333999869e-10,-3.073580112995451e-09,"(-0.031075118109583855, 4.0803375244140625, 0.9448200464248657)","[-0.031075849041457437, 4.080337487939163, 0.9448178635278326]"
9.106422399985604,6,-1.8867826023025824,-1.886782600336587,-1.965995366504103e-09,-1.1590019775742587e-08,"(-0.031075118109583855, 4.0803375244140625, 0.9448200464248657)","[-0.031075849041457437, 4.080337487939163, 0.9448178635278326]"
9.161570600001141,0,0.24002140844232514,0.2400214083452758,9.70493407859152e-11,1.007740929479364e-09,"(-0.031075118109583855, 4.0803375244140625, 0.9448200464248657)","[-0.031075849041457437, 4.080337487939163, 0.9448178635278326]"
9.161606200039387,1,-0.217010244278736,-0.21701024398991298,-2.8882302105515123e-10,-2.4566624108908014e-09,"(-0.031075118109583855, 4.0803375244140625, 0.9448200464248657)","[-0.031075849041457437, 4.080337487939163, 0.9448178635278326]"
9.161622599931434,2,-0.4554810493085537,-0.45548104935704825,4.849454171562684e-11,6.417055241572917e-10,"(-0.031075118109583855, 4.0803375244140625, 0.9448200464248657)","[-0.031075849041457437, 4.080337487939163, 0.9448178635278326]"
9.161637000041083,3,1.2892286201211434,1.2892286199479617,1.7318169120983384e-10,1.556993644709464e-09,"(-0.031075118109583855, 4.0803375244140625, 0.9448200464248657)","[-0.031075849041457437, 4.080337487939163, 0.9448178635278326]"
9.161650600028224,4,-0.30381585306287046,-0.30381585439871456,1.3358441020017153e-09,9.114769098670491e-09,"(-0.031075118109583855, 4.0803375244140625, 0.9448200464248657)","[-0.031075849041457437, 4.080337487939163, 0.9448178635278326]"
9.16166520002298,5,0.06351795895949292,0.06351795978195494,-8.224620290375739e-10,-3.1052330666410725e-09,"(-0.031075118109583855, 4.0803375244140625, 0.9448200464248657)","[-0.031075849041457437, 4.080337487939163, 0.9448178635278326]"
9.161679400014691,6,-1.8867826023025824,-1.8867826004217028,-1.8808796742320055e-09,-1.1110493330187361e-08,"(-0.031075118109583855, 4.0803375244140625, 0.9448200464248657)","[-0.031075849041457437, 4.080337487939163, 0.9448178635278326]"
9.217922999989241,0,0.24002140844232514,0.24002140835302133,8.930381434346657e-11,9.294317605677537e-10,"(-0.031075118109583855, 4.0803375244140625, 0.9448200464248657)","[-0.031075849041457437, 4.080337487939163, 0.9448178635278326]"
9.217956900014542,1,-0.217010244278736,-0.21701024400835942,-2.703765822342774e-10,-2.293305766902243e-09,"(-0.031075118109583855, 4.0803375244140625, 0.9448200464248657)","[-0.031075849041457437, 4.080337487939163, 0.9448178635278326]"
9.217972500016913,2,-0.4554810493085537,-0.4554810493519698,4.3416104045235215e-11,5.852254086967529e-10,"(-0.031075118109583855, 4.0803375244140625, 0.9448200464248657)","[-0.031075849041457437, 4.080337487939163, 0.9448178635278326]"
9.217986800009385,3,1.2892286201211434,1.2892286199599812,1.6116219470063697e-10,1.447685730076858e-09,"(-0.031075118109583855, 4.0803375244140625, 0.9448200464248657)","[-0.031075849041457437, 4.080337487939163, 0.9448178635278326]"
9.21799989999272,4,-0.30381585306287046,-0.3038158543300766,1.2672061178164995e-09,8.63572240150533e-09,"(-0.031075118109583855, 4.0803375244140625, 0.9448200464248657)","[-0.031075849041457437, 4.080337487939163, 0.9448178635278326]"
9.2180133999791,5,0.06351795895949292,0.06351795976001914,-8.005262286392423e-10,-3.1225135114377383e-09,"(-0.031075118109583855, 4.0803375244140625, 0.9448200464248657)","[-0.031075849041457437, 4.080337487939163, 0.9448178635278326]"
9.218027299968526,6,-1.8867826023025824,-1.8867826005033173,-1.799265181290366e-09,-1.0649019596113331e-08,"(-0.031075118109583855, 4.0803375244140625, 0.9448200464248657)","[-0.031075849041457437, 4.080337487939163, 0.9448178635278326]"
9.268096899962984,0,0.24002140844232514,0.24002140836016442,8.216072266975516e-11,8.570623489002131e-10,"(-0.031075118109583855, 4.0803375244140625, 0.9448200464248657)","[-0.031075849041457437, 4.080337487939163, 0.9448178635278326]"
9.268162099993788,1,-0.217010244278736,-0.2170102440255686,-2.531674037076215e-10,-2.141156082712634e-09,"(-0.031075118109583855, 4.0803375244140625, 0.9448200464248657)","[-0.031075849041457437, 4.080337487939163, 0.9448178635278326]"
9.268178600003012,2,-0.4554810493085537,-0.45548104934733247,3.877875798252717e-11,5.332790874554011e-10,"(-0.031075118109583855, 4.0803375244140625, 0.9448200464248657)","[-0.031075849041457437, 4.080337487939163, 0.9448178635278326]"
9.268192199990153,3,1.2892286201211434,1.2892286199711578,1.4998557951173552e-10,1.3460780076543513e-09,"(-0.031075118109583855, 4.0803375244140625, 0.9448200464248657)","[-0.031075849041457437, 4.080337487939163, 0.9448178635278326]"
9.26820539997425,4,-0.30381585306287046,-0.3038158542650546,1.2021841300224878e-09,8.182596771719745e-09,"(-0.031075118109583855, 4.0803375244140625, 0.9448200464248657)","[-0.031075849041457437, 4.080337487939163, 0.9448178635278326]"
9.268218599958345,5,0.06351795895949292,0.06351795973785695,-7.783640398884017e-10,-3.1270143592728544e-09,"(-0.031075118109583855, 4.0803375244140625, 0.9448200464248657)","[-0.031075849041457437, 4.080337487939163, 0.9448178635278326]"
9.268231199937873,6,-1.8867826023025824,-1.8867826005815604,-1.7210219915853031e-09,-1.0205056910940872e-08,"(-0.031075118109583855, 4.0803375244140625, 0.9448200464248657)","[-0.031075849041457437, 4.080337487939163, 0.9448178635278326]"
9.319340499932878,0,0.24002140844232514,0.2400214083667508,7.557435233174203e-11,7.90192808593849e-10,"(-0.031075118109583855, 4.0803375244140625, 0.9448200464248657)","[-0.031075849041457437, 4.080337487939163, 0.9448178635278326]"
9.319374599959701,1,-0.217010244278736,-0.21701024404162597,-2.371100260578629e-10,-1.999434266438009e-09,"(-0.031075118109583855, 4.0803375244140625, 0.9448200464248657)","[-0.031075849041457437, 4.080337487939163, 0.9448178635278326]"
9.319390399963595,2,-0.4554810493085537,-0.455481049343101,3.454730945762208e-11,4.855214737674659e-10,"(-0.031075118109583855, 4.0803375244140625, 0.9448200464248657)","[-0.031075849041457437, 4.080337487939163, 0.9448178635278326]"
9.31940489995759,3,1.2892286201211434,1.289228619981551,1.3959233768900958e-10,1.2516298826220294e-09,"(-0.031075118109583855, 4.0803375244140625, 0.9448200464248657)","[-0.031075849041457437, 4.080337487939163, 0.9448178635278326]"
9.319418799947016,4,-0.30381585306287046,-0.3038158542034524,1.140581962211229e-09,7.75394394646958e-09,"(-0.031075118109583855, 4.0803375244140625, 0.9448200464248657)","[-0.031075849041457437, 4.080337487939163, 0.9448178635278326]"
9.319431999931112,5,0.06351795895949292,0.06351795971557131,-7.560783943372229e-10,-3.1201907722301162e-09,"(-0.031075118109583855, 4.0803375244140625, 0.9448200464248657)","[-0.031075849041457437, 4.080337487939163, 0.9448178635278326]"
9.319444900029339,6,-1.8867826023025824,-1.8867826006565585,-1.6460239837812196e-09,-9.778068770263175e-09,"(-0.031075118109583855, 4.0803375244140625, 0.9448200464248657)","[-0.031075849041457437, 4.080337487939163, 0.9448178635278326]"
9.368563399999402,0,0.24002140844232514,0.2400214083728228,6.950234832103774e-11,7.28414983829706e-10,"(-0.031075118109583855, 4.0803375244140625, 0.9448200464248657)","[-0.031075849041457437, 4.080337487939163, 0.9448178635278326]"
9.368607399985194,1,-0.217010244278736,-0.21701024405661098,-2.2212501282758979e-10,-1.8674152564678918e-09,"(-0.031075118109583855, 4.0803375244140625, 0.9448200464248657)","[-0.031075849041457437, 4.080337487939163, 0.9448178635278326]"
9.368623799993657,2,-0.4554810493085537,-0.45548104933924294,3.068922893589843e-11,4.4163306930650013e-10,"(-0.031075118109583855, 4.0803375244140625, 0.9448200464248657)","[-0.031075849041457437, 4.080337487939163, 0.9448178635278326]"
9.368638099986129,3,1.2892286201211434,1.2892286199912157,1.2992762421504267e-10,1.163837985872093e-09,"(-0.031075118109583855, 4.0803375244140625, 0.9448200464248657)","[-0.031075849041457437, 4.080337487939163, 0.9448178635278326]"
9.368651599972509,4,-0.30381585306287046,-0.30381585414508483,1.0822143736710643e-09,7.348401068638272e-09,"(-0.031075118109583855, 4.0803375244140625, 0.9448200464248657)","[-0.031075849041457437, 4.080337487939163, 0.9448178635278326]"
9.368665299960412,5,0.06351795895949292,0.06351795969325368,-7.33760760485147e-10,-3.1033701757313954e-09,"(-0.031075118109583855, 4.0803375244140625, 0.9448200464248657)","[-0.031075849041457437, 4.080337487939163, 0.9448178635278326]"
9.36867859994527,6,-1.8867826023025824,-1.8867826007284345,-1.574147923122382e-09,-9.367524349478226e-09,"(-0.031075118109583855, 4.0803375244140625, 0.9448200464248657)","[-0.031075849041457437, 4.080337487939163, 0.9448178635278326]"
9.41735919995699,0,0.24002140844232514,0.24002140837841962,6.390551976487302e-11,6.713502472165047e-10,"(-0.031075118109583855, 4.0803375244140625, 0.9448200464248657)","[-0.031075849041457437, 4.080337487939163, 0.9448178635278326]"
9.417403799947351,1,-0.217010244278736,-0.21701024407059755,-2.0813845091893768e-10,-1.7444245738614327e-09,"(-0.031075118109583855, 4.0803375244140625, 0.9448200464248657)","[-0.031075849041457437, 4.080337487939163, 0.9448178635278326]"
9.417426100000739,2,-0.4554810493085537,-0.45548104933572814,2.7174429373388875e-11,4.0131751785116445e-10,"(-0.031075118109583855, 4.0803375244140625, 0.9448200464248657)","[-0.031075849041457437, 4.080337487939163, 0.9448178635278326]"
9.41744650003966,3,1.2892286201211434,1.2892286200002037,1.2093970269688725e-10,1.0822341817024344e-09,"(-0.031075118109583855, 4.0803375244140625, 0.9448200464248657)","[-0.031075849041457437, 4.080337487939163, 0.9448178635278326]"
9.417466299957596,4,-0.30381585306287046,-0.303815854089777,1.0269065597867666e-09,6.964682345884691e-09,"(-0.031075118109583855, 4.0803375244140625, 0.9448200464248657)","[-0.031075849041457437, 4.080337487939163, 0.9448178635278326]"
9.41748629999347,5,0.06351795895949292,0.06351795967098511,-7.114921984907596e-10,-3.0777623576634576e-09,"(-0.031075118109583855, 4.0803375244140625, 0.9448200464248657)","[-0.031075849041457437, 4.080337487939163, 0.9448178635278326]"
9.417505100020207,6,-1.8867826023025824,-1.886782600797307,-1.5052754598343654e-09,-8.972899565845264e-09,"(-0.031075118109583855, 4.0803375244140625, 0.9448200464248657)","[-0.031075849041457437, 4.080337487939163, 0.9448178635278326]"
9.47487589996308,0,0.24002140844232514,0.24002140838357755,5.874759012591824e-11,6.186476003008925e-10,"(-0.031075118109583855, 4.0803375244140625, 0.9448200464248657)","[-0.031075849041457437, 4.080337487939163, 0.9448178635278326]"
9.474920799955726,1,-0.217010244278736,-0.2170102440836544,-1.9508158977110668e-10,-1.6298343957138473e-09,"(-0.031075118109583855, 4.0803375244140625, 0.9448200464248657)","[-0.031075849041457437, 4.080337487939163, 0.9448178635278326]"
9.474978400045075,2,-0.4554810493085537,-0.4554810493325289,2.3975210705629024e-11,3.643004916514145e-10,"(-0.031075118109583855, 4.0803375244140625, 0.9448200464248657)","[-0.031075849041457437, 4.080337487939163, 0.9448178635278326]"
9.475004700012505,3,1.2892286201211434,1.2892286200085623,1.1258105558908937e-10,1.006382752678631e-09,"(-0.031075118109583855, 4.0803375244140625, 0.9448200464248657)","[-0.031075849041457437, 4.080337487939163, 0.9448178635278326]"
9.475024499930441,4,-0.30381585306287046,-0.3038158540373639,9.74493430394574e-10,6.6015766043847116e-09,"(-0.031075118109583855, 4.0803375244140625, 0.9448200464248657)","[-0.031075849041457437, 4.080337487939163, 0.9448178635278326]"
9.475043599959463,5,0.06351795895949292,0.06351795964883712,-6.893442067168465e-10,-3.0444696921566757e-09,"(-0.031075118109583855, 4.0803375244140625, 0.9448200464248657)","[-0.031075849041457437, 4.080337487939163, 0.9448178635278326]"
9.475062499986961,6,-1.8867826023025824,-1.8867826008632913,-1.4392911307226086e-09,-8.593678893951772e-09,"(-0.031075118109583855, 4.0803375244140625, 0.9448200464248657)","[-0.031075849041457437, 4.080337487939163, 0.9448178635278326]"
9.535261999932118,0,0.24002140844232514,0.2400214083883302,5.3994947402102866e-11,5.699815459698412e-10,"(-0.031075118109583855, 4.0803375244140625, 0.9448200464248657)","[-0.031075849041457437, 4.080337487939163, 0.9448178635278326]"
9.535302700009197,1,-0.217010244278736,-0.2170102440958455,-1.82890508293454e-10,-1.5230606928578076e-09,"(-0.031075118109583855, 4.0803375244140625, 0.9448200464248657)","[-0.031075849041457437, 4.080337487939163, 0.9448178635278326]"
9.535318900016136,2,-0.4554810493085537,-0.45548104932961964,2.1065926780750033e-11,3.30328202052078e-10,"(-0.031075118109583855, 4.0803375244140625, 0.9448200464248657)","[-0.031075849041457437, 4.080337487939163, 0.9448178635278326]"
9.53533470002003,3,1.2892286201211434,1.289228620016336,1.0480727397066403e-10,9.358778641343129e-10,"(-0.031075118109583855, 4.0803375244140625, 0.9448200464248657)","[-0.031075849041457437, 4.080337487939163, 0.9448178635278326]"
9.535350000020117,4,-0.30381585306287046,-0.30381585398768945,9.248189991595268e-10,6.257944015810374e-09,"(-0.031075118109583855, 4.0803375244140625, 0.9448200464248657)","[-0.031075849041457437, 4.080337487939163, 0.9448178635278326]"
9.535363500006497,5,0.06351795895949292,0.06351795962687257,-6.67379651542177e-10,-3.004494407189315e-09,"(-0.031075118109583855, 4.0803375244140625, 0.9448200464248657)","[-0.031075849041457437, 4.080337487939163, 0.9448178635278326]"
9.535376199986786,6,-1.8867826023025824,-1.8867826009264994,-1.3760830253062295e-09,-8.229354650644624e-09,"(-0.031075118109583855, 4.0803375244140625, 0.9448200464248657)","[-0.031075849041457437, 4.080337487939163, 0.9448178635278326]"
9.589491599937901,0,0.24002140844232514,0.24002140839270858,4.9616560859888637e-11,5.250499529218981e-10,"(-0.031075118109583855, 4.0803375244140625, 0.9448200464248657)","[-0.031075849041457437, 4.080337487939163, 0.9448178635278326]"
9.589522499940358,1,-0.217010244278736,-0.21701024410723027,-1.7150572628743532e-10,-1.4235603717364314e-09,"(-0.031075118109583855, 4.0803375244140625, 0.9448200464248657)","[-0.031075849041457437, 4.080337487939163, 0.9448178635278326]"
9.589537799940445,2,-0.4554810493085537,-0.4554810493269766,1.8422874337176154e-11,2.9916485466795016e-10,"(-0.031075118109583855, 4.0803375244140625, 0.9448200464248657)","[-0.031075849041457437, 4.080337487939163, 0.9448178635278326]"
9.589551700046286,3,1.2892286201211434,1.289228620023566,9.757727958970008e-11,8.703432451515816e-10,"(-0.031075118109583855, 4.0803375244140625, 0.9448200464248657)","[-0.031075849041457437, 4.080337487939163, 0.9448178635278326]"
9.589565200032666,4,-0.30381585306287046,-0.3038158539406065,8.777360505085596e-10,5.932704765368159e-09,"(-0.031075118109583855, 4.0803375244140625, 0.9448200464248657)","[-0.031075849041457437, 4.080337487939163, 0.9448178635278326]"
9.589578800019808,5,0.06351795895949292,0.06351795960514639,-6.456534751286824e-10,-2.958744836243463e-09,"(-0.031075118109583855, 4.0803375244140625, 0.9448200464248657)","[-0.031075849041457437, 4.080337487939163, 0.9448178635278326]"
9.58959170000162,6,-1.8867826023025824,-1.886782600987039,-1.3155434519518394e-09,-7.87942786002294e-09,"(-0.031075118109583855, 4.0803375244140625, 0.9448200464248657)","[-0.031075849041457437, 4.080337487939163, 0.9448178635278326]"
9.648515500011854,0,0.24002140844232514,0.24002140839674146,4.5583675722937755e-11,4.835730000662017e-10,"(-0.031075118109583855, 4.0803375244140625, 0.9448200464248657)","[-0.031075849041457437, 4.080337487939163, 0.9448178635278326]"
9.648547100019641,1,-0.217010244278736,-0.21701024411786407,-1.6087192689084873e-10,-1.3308278669617953e-09,"(-0.031075118109583855, 4.0803375244140625, 0.9448200464248657)","[-0.031075849041457437, 4.080337487939163, 0.9448178635278326]"
9.648563600028865,2,-0.4554810493085537,-0.4554810493245779,1.6024181981322272e-11,2.705920529921798e-10,"(-0.031075118109583855, 4.0803375244140625, 0.9448200464248657)","[-0.031075849041457437, 4.080337487939163, 0.9448178635278326]"
9.648577300016768,3,1.2892286201211434,1.2892286200302905,9.085288077415044e-11,8.094293392077885e-10,"(-0.031075118109583855, 4.0803375244140625, 0.9448200464248657)","[-0.031075849041457437, 4.080337487939163, 0.9448178635278326]"
9.648591500008479,4,-0.30381585306287046,-0.30381585389597604,8.331055845189894e-10,5.6248395026616695e-09,"(-0.031075118109583855, 4.0803375244140625, 0.9448200464248657)","[-0.031075849041457437, 4.080337487939163, 0.9448178635278326]"
9.648605399997905,5,0.06351795895949292,0.06351795958370636,-6.242134448219971e-10,-2.9080465515584218e-09,"(-0.031075118109583855, 4.0803375244140625, 0.9448200464248657)","[-0.031075849041457437, 4.080337487939163, 0.9448178635278326]"
9.648618199978955,6,-1.8867826023025824,-1.8867826010450148,-1.2575676056059137e-09,-7.543409715909434e-09,"(-0.031075118109583855, 4.0803375244140625, 0.9448200464248657)","[-0.031075849041457437, 4.080337487939163, 0.9448178635278326]"
9.704535700031556,0,0.24002140844232514,0.24002140840045544,4.186970214981045e-11,4.452913719018567e-10,"(-0.031075118109583855, 4.0803375244140625, 0.9448200464248657)","[-0.031075849041457437, 4.080337487939163, 0.9448178635278326]"
9.704569799941964,1,-0.217010244278736,-0.21701024412779832,-1.5093767902207844e-10,-1.2443931641919068e-09,"(-0.031075118109583855, 4.0803375244140625, 0.9448200464248657)","[-0.031075849041457437, 4.080337487939163, 0.9448178635278326]"
9.704589299974032,2,-0.4554810493085537,-0.45548104932240346,1.3849754676442672e-11,2.4440842505592744e-10,"(-0.031075118109583855, 4.0803375244140625, 0.9448200464248657)","[-0.031075849041457437, 4.080337487939163, 0.9448178635278326]"
9.704603499965742,3,1.2892286201211434,1.289228620036545,8.459832834262215e-11,7.528094318676095e-10,"(-0.031075118109583855, 4.0803375244140625, 0.9448200464248657)","[-0.031075849041457437, 4.080337487939163, 0.9448178635278326]"
9.704617099952884,4,-0.30381585306287046,-0.3038158538536666,7.907961507847006e-10,5.333394310855463e-09,"(-0.031075118109583855, 4.0803375244140625, 0.9448200464248657)","[-0.031075849041457437, 4.080337487939163, 0.9448178635278326]"
9.704630799940787,5,0.06351795895949292,0.06351795956259373,-6.031008192852738e-10,-2.853147374619703e-09,"(-0.031075118109583855, 4.0803375244140625, 0.9448200464248657)","[-0.031075849041457437, 4.080337487939163, 0.9448178635278326]"
9.704644200042821,6,-1.8867826023025824,-1.8867826011005278,-1.2020546780178165e-09,-7.2208221770319276e-09,"(-0.031075118109583855, 4.0803375244140625, 0.9448200464248657)","[-0.031075849041457437, 4.080337487939163, 0.9448178635278326]"
9.763295899960212,0,0.24002140844232514,0.24002140840387512,3.845002094493566e-11,4.099646215593656e-10,"(-0.031075118109583855, 4.0803375244140625, 0.9448200464248657)","[-0.031075849041457437, 4.080337487939163, 0.9448178635278326]"
9.763327299966477,1,-0.217010244278736,-0.2170102441370809,-1.416551043131875e-10,-1.1638188966542876e-09,"(-0.031075118109583855, 4.0803375244140625, 0.9448200464248657)","[-0.031075849041457437, 4.080337487939163, 0.9448178635278326]"
9.763342799968086,2,-0.4554810493085537,-0.4554810493204347,1.1880996186874881e-11,2.2042732376285488e-10,"(-0.031075118109583855, 4.0803375244140625, 0.9448200464248657)","[-0.031075849041457437, 4.080337487939163, 0.9448178635278326]"
9.763356199953705,3,1.2892286201211434,1.289228620042363,7.878031560437648e-11,7.001806021385495e-10,"(-0.031075118109583855, 4.0803375244140625, 0.9448200464248657)","[-0.031075849041457437, 4.080337487939163, 0.9448178635278326]"
9.76336929993704,4,-0.30381585306287046,-0.3038158538135542,7.506837373938424e-10,5.0574654248513094e-09,"(-0.031075118109583855, 4.0803375244140625, 0.9448200464248657)","[-0.031075849041457437, 4.080337487939163, 0.9448178635278326]"
9.763382500037551,5,0.06351795895949292,0.06351795954184385,-5.823509313662711e-10,-2.7947229097746814e-09,"(-0.031075118109583855, 4.0803375244140625, 0.9448200464248657)","[-0.031075849041457437, 4.080337487939163, 0.9448178635278326]"
9.763396200025454,6,-1.8867826023025824,-1.8867826011536757,-1.1489067475167758e-09,-6.911196613413374e-09,"(-0.031075118109583855, 4.0803375244140625, 0.9448200464248657)","[-0.031075849041457437, 4.080337487939163, 0.9448178635278326]"
9.82289229996968,0,0.24002140844232514,0.2400214084070232,3.5301928047459796e-11,3.773700598083403e-10,"(-0.031075118109583855, 4.0803375244140625, 0.9448200464248657)","[-0.031075849041457437, 4.080337487939163, 0.9448178635278326]"
9.822939699981362,1,-0.217010244278736,-0.21701024414575631,-1.3297968282088846e-10,-1.0886983248143247e-09,"(-0.031075118109583855, 4.0803375244140625, 0.9448200464248657)","[-0.031075849041457437, 4.080337487939163, 0.9448178635278326]"
9.822956199990585,2,-0.4554810493085537,-0.4554810493186544,1.0100698055737212e-11,1.9847593548363452e-10,"(-0.031075118109583855, 4.0803375244140625, 0.9448200464248657)","[-0.031075849041457437, 4.080337487939163, 0.9448178635278326]"
9.82297069998458,3,1.2892286201211434,1.289228620047775,7.33684224485387e-11,6.512611331199028e-10,"(-0.031075118109583855, 4.0803375244140625, 0.9448200464248657)","[-0.031075849041457437, 4.080337487939163, 0.9448178635278326]"
9.8229840999702,4,-0.30381585306287046,-0.3038158537755215,7.126510492838634e-10,4.79620056047866e-09,"(-0.031075118109583855, 4.0803375244140625, 0.9448200464248657)","[-0.031075849041457437, 4.080337487939163, 0.9448178635278326]"
9.822997499955818,5,0.06351795895949292,0.06351795952148671,-5.619937987200174e-10,-2.7333837839526005e-09,"(-0.031075118109583855, 4.0803375244140625, 0.9448200464248657)","[-0.031075849041457437, 4.080337487939163, 0.9448178635278326]"
9.823010599939153,6,-1.8867826023025824,-1.8867826012045525,-1.0980298892349083e-09,-6.6140760124805515e-09,"(-0.031075118109583855, 4.0803375244140625, 0.9448200464248657)","[-0.031075849041457437, 4.080337487939163, 0.9448178635278326]"
9.87581879994832,0,0.24002140844232514,0.24002140840992076,3.2404384731066216e-11,3.473013981609842e-10,"(-0.031075118109583855, 4.0803375244140625, 0.9448200464248657)","[-0.031075849041457437, 4.080337487939163, 0.9448178635278326]"
9.875859700026922,1,-0.217010244278736,-0.21701024415386602,-1.2486997547078715e-10,-1.0186531027383832e-09,"(-0.031075118109583855, 4.0803375244140625, 0.9448200464248657)","[-0.031075849041457437, 4.080337487939163, 0.9448178635278326]"
9.875882299966179,2,-0.4554810493085537,-0.45548104931704686,8.493150627231216e-12,1.7839450402572137e-10,"(-0.031075118109583855, 4.0803375244140625, 0.9448200464248657)","[-0.031075849041457437, 4.080337487939163, 0.9448178635278326]"
9.875903900014237,3,1.2892286201211434,1.2892286200528096,6.833378307646854e-11,6.057888775880437e-10,"(-0.031075118109583855, 4.0803375244140625, 0.9448200464248657)","[-0.031075849041457437, 4.080337487939163, 0.9448178635278326]"
9.87592349993065,4,-0.30381585306287046,-0.3038158537394577,6.765872306857545e-10,4.54879635959599e-09,"(-0.031075118109583855, 4.0803375244140625, 0.9448200464248657)","[-0.031075849041457437, 4.080337487939163, 0.9448178635278326]"
9.875942799961194,5,0.06351795895949292,0.06351795950154747,-5.420545540202326e-10,-2.6696804018268507e-09,"(-0.031075118109583855, 4.0803375244140625, 0.9448200464248657)","[-0.031075849041457437, 4.080337487939163, 0.9448178635278326]"
9.8759621999925,6,-1.8867826023025824,-1.8867826012532496,-1.0493328428395898e-09,-6.329014541027153e-09,"(-0.031075118109583855, 4.0803375244140625, 0.9448200464248657)","[-0.031075849041457437, 4.080337487939163, 0.9448178635278326]"
9.923854199936613,0,0.24002140844232514,0.24002140841258715,2.973798984839959e-11,3.195675618328504e-10,"(-0.031075118109583855, 4.0803375244140625, 0.9448200464248657)","[-0.031075849041457437, 4.080337487939163, 0.9448178635278326]"
9.923943900037557,1,-0.217010244278736,-0.2170102441614485,-1.1728748527950472e-10,-9.533313234523983e-10,"(-0.031075118109583855, 4.0803375244140625, 0.9448200464248657)","[-0.031075849041457437, 4.080337487939163, 0.9448178635278326]"
9.923963399953209,2,-0.4554810493085537,-0.4554810493155974,7.043698957431843e-12,1.600352445416509e-10,"(-0.031075118109583855, 4.0803375244140625, 0.9448200464248657)","[-0.031075849041457437, 4.080337487939163, 0.9448178635278326]"
9.923977999947965,3,1.2892286201211434,1.2892286200574932,6.365019622478485e-11,5.635202987743996e-10,"(-0.031075118109583855, 4.0803375244140625, 0.9448200464248657)","[-0.031075849041457437, 4.080337487939163, 0.9448178635278326]"
9.92399319994729,4,-0.30381585306287046,-0.3038158537052581,6.423876430794451e-10,4.314494347963629e-09,"(-0.031075118109583855, 4.0803375244140625, 0.9448200464248657)","[-0.031075849041457437, 4.080337487939163, 0.9448178635278326]"
9.92400669993367,5,0.06351795895949292,0.0635179594820469,-5.225539861930528e-10,-2.6041078785232238e-09,"(-0.031075118109583855, 4.0803375244140625, 0.9448200464248657)","[-0.031075849041457437, 4.080337487939163, 0.9448178635278326]"
9.924020000034943,6,-1.8867826023025824,-1.8867826012998548,-1.00272767866727e-09,-6.055577052211208e-09,"(-0.031075118109583855, 4.0803375244140625, 0.9448200464248657)","[-0.031075849041457437, 4.080337487939163, 0.9448178635278326]"
9.973967300029472,0,0.24002140844232514,0.2400214084150404,2.7284730030885385e-11,2.939915064655211e-10,"(-0.031075118109583855, 4.0803375244140625, 0.9448200464248657)","[-0.031075849041457437, 4.080337487939163, 0.9448178635278326]"
9.97401559993159,1,-0.217010244278736,-0.21701024416853965,-1.1019635204334577e-10,-8.924056809001723e-10,"(-0.031075118109583855, 4.0803375244140625, 0.9448200464248657)","[-0.031075849041457437, 4.080337487939163, 0.9448178635278326]"
9.974040200002491,2,-0.4554810493085537,-0.4554810493142927,5.738964858892359e-12,1.4326137415403495e-10,"(-0.031075118109583855, 4.0803375244140625, 0.9448200464248657)","[-0.031075849041457437, 4.080337487939163, 0.9448178635278326]"
9.97406429995317,3,1.2892286201211434,1.2892286200618508,5.929257085313111e-11,5.242293384461641e-10,"(-0.031075118109583855, 4.0803375244140625, 0.9448200464248657)","[-0.031075849041457437, 4.080337487939163, 0.9448178635278326]"
9.974085800000466,4,-0.30381585306287046,-0.30381585367282377,6.099533100822896e-10,4.092577806257708e-09,"(-0.031075118109583855, 4.0803375244140625, 0.9448200464248657)","[-0.031075849041457437, 4.080337487939163, 0.9448178635278326]"
9.974109799950384,5,0.06351795895949292,0.06351795946300186,-5.035089428728767e-10,-2.5371102295355142e-09,"(-0.031075118109583855, 4.0803375244140625, 0.9448200464248657)","[-0.031075849041457437, 4.080337487939163, 0.9448178635278326]"
9.974131700000726,6,-1.8867826023025824,-1.8867826013444526,-9.581297977234726e-10,-5.793339923312639e-09,"(-0.031075118109583855, 4.0803375244140625, 0.9448200464248657)","[-0.031075849041457437, 4.080337487939163, 0.9448178635278326]"
